period,Annual – Number – Total – Females – Poland (Eurostat/demo_pjan/A.NR.TOTAL.F.PL),Annual – Number – Total – Males – Poland (Eurostat/demo_pjan/A.NR.TOTAL.M.PL),Annual – Number – Total – Total – Poland (Eurostat/demo_pjan/A.NR.TOTAL.T.PL),Annual – Number – Unknown – Females – Poland (Eurostat/demo_pjan/A.NR.UNK.F.PL),Annual – Number – Unknown – Males – Poland (Eurostat/demo_pjan/A.NR.UNK.M.PL),Annual – Number – Unknown – Total – Poland (Eurostat/demo_pjan/A.NR.UNK.T.PL),Annual – Number – 1 year – Females – Poland (Eurostat/demo_pjan/A.NR.Y1.F.PL),Annual – Number – 1 year – Males – Poland (Eurostat/demo_pjan/A.NR.Y1.M.PL),Annual – Number – 1 year – Total – Poland (Eurostat/demo_pjan/A.NR.Y1.T.PL),Annual – Number – 10 years – Females – Poland (Eurostat/demo_pjan/A.NR.Y10.F.PL),Annual – Number – 10 years – Males – Poland (Eurostat/demo_pjan/A.NR.Y10.M.PL),Annual – Number – 10 years – Total – Poland (Eurostat/demo_pjan/A.NR.Y10.T.PL),Annual – Number – 11 years – Females – Poland (Eurostat/demo_pjan/A.NR.Y11.F.PL),Annual – Number – 11 years – Males – Poland (Eurostat/demo_pjan/A.NR.Y11.M.PL),Annual – Number – 11 years – Total – Poland (Eurostat/demo_pjan/A.NR.Y11.T.PL),Annual – Number – 12 years – Females – Poland (Eurostat/demo_pjan/A.NR.Y12.F.PL),Annual – Number – 12 years – Males – Poland (Eurostat/demo_pjan/A.NR.Y12.M.PL),Annual – Number – 12 years – Total – Poland (Eurostat/demo_pjan/A.NR.Y12.T.PL),Annual – Number – 13 years – Females – Poland (Eurostat/demo_pjan/A.NR.Y13.F.PL),Annual – Number – 13 years – Males – Poland (Eurostat/demo_pjan/A.NR.Y13.M.PL),Annual – Number – 13 years – Total – Poland (Eurostat/demo_pjan/A.NR.Y13.T.PL),Annual – Number – 14 years – Females – Poland (Eurostat/demo_pjan/A.NR.Y14.F.PL),Annual – Number – 14 years – Males – Poland (Eurostat/demo_pjan/A.NR.Y14.M.PL),Annual – Number – 14 years – Total – Poland (Eurostat/demo_pjan/A.NR.Y14.T.PL),Annual – Number – 15 years – Females – Poland (Eurostat/demo_pjan/A.NR.Y15.F.PL),Annual – Number – 15 years – Males – Poland (Eurostat/demo_pjan/A.NR.Y15.M.PL),Annual – Number – 15 years – Total – Poland (Eurostat/demo_pjan/A.NR.Y15.T.PL),Annual – Number – 16 years – Females – Poland (Eurostat/demo_pjan/A.NR.Y16.F.PL),Annual – Number – 16 years – Males – Poland (Eurostat/demo_pjan/A.NR.Y16.M.PL),Annual – Number – 16 years – Total – Poland (Eurostat/demo_pjan/A.NR.Y16.T.PL),Annual – Number – 17 years – Females – Poland (Eurostat/demo_pjan/A.NR.Y17.F.PL),Annual – Number – 17 years – Males – Poland (Eurostat/demo_pjan/A.NR.Y17.M.PL),Annual – Number – 17 years – Total – Poland (Eurostat/demo_pjan/A.NR.Y17.T.PL),Annual – Number – 18 years – Females – Poland (Eurostat/demo_pjan/A.NR.Y18.F.PL),Annual – Number – 18 years – Males – Poland (Eurostat/demo_pjan/A.NR.Y18.M.PL),Annual – Number – 18 years – Total – Poland (Eurostat/demo_pjan/A.NR.Y18.T.PL),Annual – Number – 19 years – Females – Poland (Eurostat/demo_pjan/A.NR.Y19.F.PL),Annual – Number – 19 years – Males – Poland (Eurostat/demo_pjan/A.NR.Y19.M.PL),Annual – Number – 19 years – Total – Poland (Eurostat/demo_pjan/A.NR.Y19.T.PL),Annual – Number – 2 years – Females – Poland (Eurostat/demo_pjan/A.NR.Y2.F.PL),Annual – Number – 2 years – Males – Poland (Eurostat/demo_pjan/A.NR.Y2.M.PL),Annual – Number – 2 years – Total – Poland (Eurostat/demo_pjan/A.NR.Y2.T.PL),Annual – Number – 20 years – Females – Poland (Eurostat/demo_pjan/A.NR.Y20.F.PL),Annual – Number – 20 years – Males – Poland (Eurostat/demo_pjan/A.NR.Y20.M.PL),Annual – Number – 20 years – Total – Poland (Eurostat/demo_pjan/A.NR.Y20.T.PL),Annual – Number – 21 years – Females – Poland (Eurostat/demo_pjan/A.NR.Y21.F.PL),Annual – Number – 21 years – Males – Poland (Eurostat/demo_pjan/A.NR.Y21.M.PL),Annual – Number – 21 years – Total – Poland (Eurostat/demo_pjan/A.NR.Y21.T.PL),Annual – Number – 22 years – Females – Poland (Eurostat/demo_pjan/A.NR.Y22.F.PL),Annual – Number – 22 years – Males – Poland (Eurostat/demo_pjan/A.NR.Y22.M.PL),Annual – Number – 22 years – Total – Poland (Eurostat/demo_pjan/A.NR.Y22.T.PL),Annual – Number – 23 years – Females – Poland (Eurostat/demo_pjan/A.NR.Y23.F.PL),Annual – Number – 23 years – Males – Poland (Eurostat/demo_pjan/A.NR.Y23.M.PL),Annual – Number – 23 years – Total – Poland (Eurostat/demo_pjan/A.NR.Y23.T.PL),Annual – Number – 24 years – Females – Poland (Eurostat/demo_pjan/A.NR.Y24.F.PL),Annual – Number – 24 years – Males – Poland (Eurostat/demo_pjan/A.NR.Y24.M.PL),Annual – Number – 24 years – Total – Poland (Eurostat/demo_pjan/A.NR.Y24.T.PL),Annual – Number – 25 years – Females – Poland (Eurostat/demo_pjan/A.NR.Y25.F.PL),Annual – Number – 25 years – Males – Poland (Eurostat/demo_pjan/A.NR.Y25.M.PL),Annual – Number – 25 years – Total – Poland (Eurostat/demo_pjan/A.NR.Y25.T.PL),Annual – Number – 26 years – Females – Poland (Eurostat/demo_pjan/A.NR.Y26.F.PL),Annual – Number – 26 years – Males – Poland (Eurostat/demo_pjan/A.NR.Y26.M.PL),Annual – Number – 26 years – Total – Poland (Eurostat/demo_pjan/A.NR.Y26.T.PL),Annual – Number – 27 years – Females – Poland (Eurostat/demo_pjan/A.NR.Y27.F.PL),Annual – Number – 27 years – Males – Poland (Eurostat/demo_pjan/A.NR.Y27.M.PL),Annual – Number – 27 years – Total – Poland (Eurostat/demo_pjan/A.NR.Y27.T.PL),Annual – Number – 28 years – Females – Poland (Eurostat/demo_pjan/A.NR.Y28.F.PL),Annual – Number – 28 years – Males – Poland (Eurostat/demo_pjan/A.NR.Y28.M.PL),Annual – Number – 28 years – Total – Poland (Eurostat/demo_pjan/A.NR.Y28.T.PL),Annual – Number – 29 years – Females – Poland (Eurostat/demo_pjan/A.NR.Y29.F.PL),Annual – Number – 29 years – Males – Poland (Eurostat/demo_pjan/A.NR.Y29.M.PL),Annual – Number – 29 years – Total – Poland (Eurostat/demo_pjan/A.NR.Y29.T.PL),Annual – Number – 3 years – Females – Poland (Eurostat/demo_pjan/A.NR.Y3.F.PL),Annual – Number – 3 years – Males – Poland (Eurostat/demo_pjan/A.NR.Y3.M.PL),Annual – Number – 3 years – Total – Poland (Eurostat/demo_pjan/A.NR.Y3.T.PL),Annual – Number – 30 years – Females – Poland (Eurostat/demo_pjan/A.NR.Y30.F.PL),Annual – Number – 30 years – Males – Poland (Eurostat/demo_pjan/A.NR.Y30.M.PL),Annual – Number – 30 years – Total – Poland (Eurostat/demo_pjan/A.NR.Y30.T.PL),Annual – Number – 31 years – Females – Poland (Eurostat/demo_pjan/A.NR.Y31.F.PL),Annual – Number – 31 years – Males – Poland (Eurostat/demo_pjan/A.NR.Y31.M.PL),Annual – Number – 31 years – Total – Poland (Eurostat/demo_pjan/A.NR.Y31.T.PL),Annual – Number – 32 years – Females – Poland (Eurostat/demo_pjan/A.NR.Y32.F.PL),Annual – Number – 32 years – Males – Poland (Eurostat/demo_pjan/A.NR.Y32.M.PL),Annual – Number – 32 years – Total – Poland (Eurostat/demo_pjan/A.NR.Y32.T.PL),Annual – Number – 33 years – Females – Poland (Eurostat/demo_pjan/A.NR.Y33.F.PL),Annual – Number – 33 years – Males – Poland (Eurostat/demo_pjan/A.NR.Y33.M.PL),Annual – Number – 33 years – Total – Poland (Eurostat/demo_pjan/A.NR.Y33.T.PL),Annual – Number – 34 years – Females – Poland (Eurostat/demo_pjan/A.NR.Y34.F.PL),Annual – Number – 34 years – Males – Poland (Eurostat/demo_pjan/A.NR.Y34.M.PL),Annual – Number – 34 years – Total – Poland (Eurostat/demo_pjan/A.NR.Y34.T.PL),Annual – Number – 35 years – Females – Poland (Eurostat/demo_pjan/A.NR.Y35.F.PL),Annual – Number – 35 years – Males – Poland (Eurostat/demo_pjan/A.NR.Y35.M.PL),Annual – Number – 35 years – Total – Poland (Eurostat/demo_pjan/A.NR.Y35.T.PL),Annual – Number – 36 years – Females – Poland (Eurostat/demo_pjan/A.NR.Y36.F.PL),Annual – Number – 36 years – Males – Poland (Eurostat/demo_pjan/A.NR.Y36.M.PL),Annual – Number – 36 years – Total – Poland (Eurostat/demo_pjan/A.NR.Y36.T.PL),Annual – Number – 37 years – Females – Poland (Eurostat/demo_pjan/A.NR.Y37.F.PL),Annual – Number – 37 years – Males – Poland (Eurostat/demo_pjan/A.NR.Y37.M.PL),Annual – Number – 37 years – Total – Poland (Eurostat/demo_pjan/A.NR.Y37.T.PL),Annual – Number – 38 years – Females – Poland (Eurostat/demo_pjan/A.NR.Y38.F.PL),Annual – Number – 38 years – Males – Poland (Eurostat/demo_pjan/A.NR.Y38.M.PL),Annual – Number – 38 years – Total – Poland (Eurostat/demo_pjan/A.NR.Y38.T.PL),Annual – Number – 39 years – Females – Poland (Eurostat/demo_pjan/A.NR.Y39.F.PL),Annual – Number – 39 years – Males – Poland (Eurostat/demo_pjan/A.NR.Y39.M.PL),Annual – Number – 39 years – Total – Poland (Eurostat/demo_pjan/A.NR.Y39.T.PL),Annual – Number – 4 years – Females – Poland (Eurostat/demo_pjan/A.NR.Y4.F.PL),Annual – Number – 4 years – Males – Poland (Eurostat/demo_pjan/A.NR.Y4.M.PL),Annual – Number – 4 years – Total – Poland (Eurostat/demo_pjan/A.NR.Y4.T.PL),Annual – Number – 40 years – Females – Poland (Eurostat/demo_pjan/A.NR.Y40.F.PL),Annual – Number – 40 years – Males – Poland (Eurostat/demo_pjan/A.NR.Y40.M.PL),Annual – Number – 40 years – Total – Poland (Eurostat/demo_pjan/A.NR.Y40.T.PL),Annual – Number – 41 years – Females – Poland (Eurostat/demo_pjan/A.NR.Y41.F.PL),Annual – Number – 41 years – Males – Poland (Eurostat/demo_pjan/A.NR.Y41.M.PL),Annual – Number – 41 years – Total – Poland (Eurostat/demo_pjan/A.NR.Y41.T.PL),Annual – Number – 42 years – Females – Poland (Eurostat/demo_pjan/A.NR.Y42.F.PL),Annual – Number – 42 years – Males – Poland (Eurostat/demo_pjan/A.NR.Y42.M.PL),Annual – Number – 42 years – Total – Poland (Eurostat/demo_pjan/A.NR.Y42.T.PL),Annual – Number – 43 years – Females – Poland (Eurostat/demo_pjan/A.NR.Y43.F.PL),Annual – Number – 43 years – Males – Poland (Eurostat/demo_pjan/A.NR.Y43.M.PL),Annual – Number – 43 years – Total – Poland (Eurostat/demo_pjan/A.NR.Y43.T.PL),Annual – Number – 44 years – Females – Poland (Eurostat/demo_pjan/A.NR.Y44.F.PL),Annual – Number – 44 years – Males – Poland (Eurostat/demo_pjan/A.NR.Y44.M.PL),Annual – Number – 44 years – Total – Poland (Eurostat/demo_pjan/A.NR.Y44.T.PL),Annual – Number – 45 years – Females – Poland (Eurostat/demo_pjan/A.NR.Y45.F.PL),Annual – Number – 45 years – Males – Poland (Eurostat/demo_pjan/A.NR.Y45.M.PL),Annual – Number – 45 years – Total – Poland (Eurostat/demo_pjan/A.NR.Y45.T.PL),Annual – Number – 46 years – Females – Poland (Eurostat/demo_pjan/A.NR.Y46.F.PL),Annual – Number – 46 years – Males – Poland (Eurostat/demo_pjan/A.NR.Y46.M.PL),Annual – Number – 46 years – Total – Poland (Eurostat/demo_pjan/A.NR.Y46.T.PL),Annual – Number – 47 years – Females – Poland (Eurostat/demo_pjan/A.NR.Y47.F.PL),Annual – Number – 47 years – Males – Poland (Eurostat/demo_pjan/A.NR.Y47.M.PL),Annual – Number – 47 years – Total – Poland (Eurostat/demo_pjan/A.NR.Y47.T.PL),Annual – Number – 48 years – Females – Poland (Eurostat/demo_pjan/A.NR.Y48.F.PL),Annual – Number – 48 years – Males – Poland (Eurostat/demo_pjan/A.NR.Y48.M.PL),Annual – Number – 48 years – Total – Poland (Eurostat/demo_pjan/A.NR.Y48.T.PL),Annual – Number – 49 years – Females – Poland (Eurostat/demo_pjan/A.NR.Y49.F.PL),Annual – Number – 49 years – Males – Poland (Eurostat/demo_pjan/A.NR.Y49.M.PL),Annual – Number – 49 years – Total – Poland (Eurostat/demo_pjan/A.NR.Y49.T.PL),Annual – Number – 5 years – Females – Poland (Eurostat/demo_pjan/A.NR.Y5.F.PL),Annual – Number – 5 years – Males – Poland (Eurostat/demo_pjan/A.NR.Y5.M.PL),Annual – Number – 5 years – Total – Poland (Eurostat/demo_pjan/A.NR.Y5.T.PL),Annual – Number – 50 years – Females – Poland (Eurostat/demo_pjan/A.NR.Y50.F.PL),Annual – Number – 50 years – Males – Poland (Eurostat/demo_pjan/A.NR.Y50.M.PL),Annual – Number – 50 years – Total – Poland (Eurostat/demo_pjan/A.NR.Y50.T.PL),Annual – Number – 51 years – Females – Poland (Eurostat/demo_pjan/A.NR.Y51.F.PL),Annual – Number – 51 years – Males – Poland (Eurostat/demo_pjan/A.NR.Y51.M.PL),Annual – Number – 51 years – Total – Poland (Eurostat/demo_pjan/A.NR.Y51.T.PL),Annual – Number – 52 years – Females – Poland (Eurostat/demo_pjan/A.NR.Y52.F.PL),Annual – Number – 52 years – Males – Poland (Eurostat/demo_pjan/A.NR.Y52.M.PL),Annual – Number – 52 years – Total – Poland (Eurostat/demo_pjan/A.NR.Y52.T.PL),Annual – Number – 53 years – Females – Poland (Eurostat/demo_pjan/A.NR.Y53.F.PL),Annual – Number – 53 years – Males – Poland (Eurostat/demo_pjan/A.NR.Y53.M.PL),Annual – Number – 53 years – Total – Poland (Eurostat/demo_pjan/A.NR.Y53.T.PL),Annual – Number – 54 years – Females – Poland (Eurostat/demo_pjan/A.NR.Y54.F.PL),Annual – Number – 54 years – Males – Poland (Eurostat/demo_pjan/A.NR.Y54.M.PL),Annual – Number – 54 years – Total – Poland (Eurostat/demo_pjan/A.NR.Y54.T.PL),Annual – Number – 55 years – Females – Poland (Eurostat/demo_pjan/A.NR.Y55.F.PL),Annual – Number – 55 years – Males – Poland (Eurostat/demo_pjan/A.NR.Y55.M.PL),Annual – Number – 55 years – Total – Poland (Eurostat/demo_pjan/A.NR.Y55.T.PL),Annual – Number – 56 years – Females – Poland (Eurostat/demo_pjan/A.NR.Y56.F.PL),Annual – Number – 56 years – Males – Poland (Eurostat/demo_pjan/A.NR.Y56.M.PL),Annual – Number – 56 years – Total – Poland (Eurostat/demo_pjan/A.NR.Y56.T.PL),Annual – Number – 57 years – Females – Poland (Eurostat/demo_pjan/A.NR.Y57.F.PL),Annual – Number – 57 years – Males – Poland (Eurostat/demo_pjan/A.NR.Y57.M.PL),Annual – Number – 57 years – Total – Poland (Eurostat/demo_pjan/A.NR.Y57.T.PL),Annual – Number – 58 years – Females – Poland (Eurostat/demo_pjan/A.NR.Y58.F.PL),Annual – Number – 58 years – Males – Poland (Eurostat/demo_pjan/A.NR.Y58.M.PL),Annual – Number – 58 years – Total – Poland (Eurostat/demo_pjan/A.NR.Y58.T.PL),Annual – Number – 59 years – Females – Poland (Eurostat/demo_pjan/A.NR.Y59.F.PL),Annual – Number – 59 years – Males – Poland (Eurostat/demo_pjan/A.NR.Y59.M.PL),Annual – Number – 59 years – Total – Poland (Eurostat/demo_pjan/A.NR.Y59.T.PL),Annual – Number – 6 years – Females – Poland (Eurostat/demo_pjan/A.NR.Y6.F.PL),Annual – Number – 6 years – Males – Poland (Eurostat/demo_pjan/A.NR.Y6.M.PL),Annual – Number – 6 years – Total – Poland (Eurostat/demo_pjan/A.NR.Y6.T.PL),Annual – Number – 60 years – Females – Poland (Eurostat/demo_pjan/A.NR.Y60.F.PL),Annual – Number – 60 years – Males – Poland (Eurostat/demo_pjan/A.NR.Y60.M.PL),Annual – Number – 60 years – Total – Poland (Eurostat/demo_pjan/A.NR.Y60.T.PL),Annual – Number – 61 years – Females – Poland (Eurostat/demo_pjan/A.NR.Y61.F.PL),Annual – Number – 61 years – Males – Poland (Eurostat/demo_pjan/A.NR.Y61.M.PL),Annual – Number – 61 years – Total – Poland (Eurostat/demo_pjan/A.NR.Y61.T.PL),Annual – Number – 62 years – Females – Poland (Eurostat/demo_pjan/A.NR.Y62.F.PL),Annual – Number – 62 years – Males – Poland (Eurostat/demo_pjan/A.NR.Y62.M.PL),Annual – Number – 62 years – Total – Poland (Eurostat/demo_pjan/A.NR.Y62.T.PL),Annual – Number – 63 years – Females – Poland (Eurostat/demo_pjan/A.NR.Y63.F.PL),Annual – Number – 63 years – Males – Poland (Eurostat/demo_pjan/A.NR.Y63.M.PL),Annual – Number – 63 years – Total – Poland (Eurostat/demo_pjan/A.NR.Y63.T.PL),Annual – Number – 64 years – Females – Poland (Eurostat/demo_pjan/A.NR.Y64.F.PL),Annual – Number – 64 years – Males – Poland (Eurostat/demo_pjan/A.NR.Y64.M.PL),Annual – Number – 64 years – Total – Poland (Eurostat/demo_pjan/A.NR.Y64.T.PL),Annual – Number – 65 years – Females – Poland (Eurostat/demo_pjan/A.NR.Y65.F.PL),Annual – Number – 65 years – Males – Poland (Eurostat/demo_pjan/A.NR.Y65.M.PL),Annual – Number – 65 years – Total – Poland (Eurostat/demo_pjan/A.NR.Y65.T.PL),Annual – Number – 66 years – Females – Poland (Eurostat/demo_pjan/A.NR.Y66.F.PL),Annual – Number – 66 years – Males – Poland (Eurostat/demo_pjan/A.NR.Y66.M.PL),Annual – Number – 66 years – Total – Poland (Eurostat/demo_pjan/A.NR.Y66.T.PL),Annual – Number – 67 years – Females – Poland (Eurostat/demo_pjan/A.NR.Y67.F.PL),Annual – Number – 67 years – Males – Poland (Eurostat/demo_pjan/A.NR.Y67.M.PL),Annual – Number – 67 years – Total – Poland (Eurostat/demo_pjan/A.NR.Y67.T.PL),Annual – Number – 68 years – Females – Poland (Eurostat/demo_pjan/A.NR.Y68.F.PL),Annual – Number – 68 years – Males – Poland (Eurostat/demo_pjan/A.NR.Y68.M.PL),Annual – Number – 68 years – Total – Poland (Eurostat/demo_pjan/A.NR.Y68.T.PL),Annual – Number – 69 years – Females – Poland (Eurostat/demo_pjan/A.NR.Y69.F.PL),Annual – Number – 69 years – Males – Poland (Eurostat/demo_pjan/A.NR.Y69.M.PL),Annual – Number – 69 years – Total – Poland (Eurostat/demo_pjan/A.NR.Y69.T.PL),Annual – Number – 7 years – Females – Poland (Eurostat/demo_pjan/A.NR.Y7.F.PL),Annual – Number – 7 years – Males – Poland (Eurostat/demo_pjan/A.NR.Y7.M.PL),Annual – Number – 7 years – Total – Poland (Eurostat/demo_pjan/A.NR.Y7.T.PL),Annual – Number – 70 years – Females – Poland (Eurostat/demo_pjan/A.NR.Y70.F.PL),Annual – Number – 70 years – Males – Poland (Eurostat/demo_pjan/A.NR.Y70.M.PL),Annual – Number – 70 years – Total – Poland (Eurostat/demo_pjan/A.NR.Y70.T.PL),Annual – Number – 71 years – Females – Poland (Eurostat/demo_pjan/A.NR.Y71.F.PL),Annual – Number – 71 years – Males – Poland (Eurostat/demo_pjan/A.NR.Y71.M.PL),Annual – Number – 71 years – Total – Poland (Eurostat/demo_pjan/A.NR.Y71.T.PL),Annual – Number – 72 years – Females – Poland (Eurostat/demo_pjan/A.NR.Y72.F.PL),Annual – Number – 72 years – Males – Poland (Eurostat/demo_pjan/A.NR.Y72.M.PL),Annual – Number – 72 years – Total – Poland (Eurostat/demo_pjan/A.NR.Y72.T.PL),Annual – Number – 73 years – Females – Poland (Eurostat/demo_pjan/A.NR.Y73.F.PL),Annual – Number – 73 years – Males – Poland (Eurostat/demo_pjan/A.NR.Y73.M.PL),Annual – Number – 73 years – Total – Poland (Eurostat/demo_pjan/A.NR.Y73.T.PL),Annual – Number – 74 years – Females – Poland (Eurostat/demo_pjan/A.NR.Y74.F.PL),Annual – Number – 74 years – Males – Poland (Eurostat/demo_pjan/A.NR.Y74.M.PL),Annual – Number – 74 years – Total – Poland (Eurostat/demo_pjan/A.NR.Y74.T.PL),Annual – Number – 75 years – Females – Poland (Eurostat/demo_pjan/A.NR.Y75.F.PL),Annual – Number – 75 years – Males – Poland (Eurostat/demo_pjan/A.NR.Y75.M.PL),Annual – Number – 75 years – Total – Poland (Eurostat/demo_pjan/A.NR.Y75.T.PL),Annual – Number – 76 years – Females – Poland (Eurostat/demo_pjan/A.NR.Y76.F.PL),Annual – Number – 76 years – Males – Poland (Eurostat/demo_pjan/A.NR.Y76.M.PL),Annual – Number – 76 years – Total – Poland (Eurostat/demo_pjan/A.NR.Y76.T.PL),Annual – Number – 77 years – Females – Poland (Eurostat/demo_pjan/A.NR.Y77.F.PL),Annual – Number – 77 years – Males – Poland (Eurostat/demo_pjan/A.NR.Y77.M.PL),Annual – Number – 77 years – Total – Poland (Eurostat/demo_pjan/A.NR.Y77.T.PL),Annual – Number – 78 years – Females – Poland (Eurostat/demo_pjan/A.NR.Y78.F.PL),Annual – Number – 78 years – Males – Poland (Eurostat/demo_pjan/A.NR.Y78.M.PL),Annual – Number – 78 years – Total – Poland (Eurostat/demo_pjan/A.NR.Y78.T.PL),Annual – Number – 79 years – Females – Poland (Eurostat/demo_pjan/A.NR.Y79.F.PL),Annual – Number – 79 years – Males – Poland (Eurostat/demo_pjan/A.NR.Y79.M.PL),Annual – Number – 79 years – Total – Poland (Eurostat/demo_pjan/A.NR.Y79.T.PL),Annual – Number – 8 years – Females – Poland (Eurostat/demo_pjan/A.NR.Y8.F.PL),Annual – Number – 8 years – Males – Poland (Eurostat/demo_pjan/A.NR.Y8.M.PL),Annual – Number – 8 years – Total – Poland (Eurostat/demo_pjan/A.NR.Y8.T.PL),Annual – Number – 80 years – Females – Poland (Eurostat/demo_pjan/A.NR.Y80.F.PL),Annual – Number – 80 years – Males – Poland (Eurostat/demo_pjan/A.NR.Y80.M.PL),Annual – Number – 80 years – Total – Poland (Eurostat/demo_pjan/A.NR.Y80.T.PL),Annual – Number – 81 years – Females – Poland (Eurostat/demo_pjan/A.NR.Y81.F.PL),Annual – Number – 81 years – Males – Poland (Eurostat/demo_pjan/A.NR.Y81.M.PL),Annual – Number – 81 years – Total – Poland (Eurostat/demo_pjan/A.NR.Y81.T.PL),Annual – Number – 82 years – Females – Poland (Eurostat/demo_pjan/A.NR.Y82.F.PL),Annual – Number – 82 years – Males – Poland (Eurostat/demo_pjan/A.NR.Y82.M.PL),Annual – Number – 82 years – Total – Poland (Eurostat/demo_pjan/A.NR.Y82.T.PL),Annual – Number – 83 years – Females – Poland (Eurostat/demo_pjan/A.NR.Y83.F.PL),Annual – Number – 83 years – Males – Poland (Eurostat/demo_pjan/A.NR.Y83.M.PL),Annual – Number – 83 years – Total – Poland (Eurostat/demo_pjan/A.NR.Y83.T.PL),Annual – Number – 84 years – Females – Poland (Eurostat/demo_pjan/A.NR.Y84.F.PL),Annual – Number – 84 years – Males – Poland (Eurostat/demo_pjan/A.NR.Y84.M.PL),Annual – Number – 84 years – Total – Poland (Eurostat/demo_pjan/A.NR.Y84.T.PL),Annual – Number – 85 years – Females – Poland (Eurostat/demo_pjan/A.NR.Y85.F.PL),Annual – Number – 85 years – Males – Poland (Eurostat/demo_pjan/A.NR.Y85.M.PL),Annual – Number – 85 years – Total – Poland (Eurostat/demo_pjan/A.NR.Y85.T.PL),Annual – Number – 86 years – Females – Poland (Eurostat/demo_pjan/A.NR.Y86.F.PL),Annual – Number – 86 years – Males – Poland (Eurostat/demo_pjan/A.NR.Y86.M.PL),Annual – Number – 86 years – Total – Poland (Eurostat/demo_pjan/A.NR.Y86.T.PL),Annual – Number – 87 years – Females – Poland (Eurostat/demo_pjan/A.NR.Y87.F.PL),Annual – Number – 87 years – Males – Poland (Eurostat/demo_pjan/A.NR.Y87.M.PL),Annual – Number – 87 years – Total – Poland (Eurostat/demo_pjan/A.NR.Y87.T.PL),Annual – Number – 88 years – Females – Poland (Eurostat/demo_pjan/A.NR.Y88.F.PL),Annual – Number – 88 years – Males – Poland (Eurostat/demo_pjan/A.NR.Y88.M.PL),Annual – Number – 88 years – Total – Poland (Eurostat/demo_pjan/A.NR.Y88.T.PL),Annual – Number – 89 years – Females – Poland (Eurostat/demo_pjan/A.NR.Y89.F.PL),Annual – Number – 89 years – Males – Poland (Eurostat/demo_pjan/A.NR.Y89.M.PL),Annual – Number – 89 years – Total – Poland (Eurostat/demo_pjan/A.NR.Y89.T.PL),Annual – Number – 9 years – Females – Poland (Eurostat/demo_pjan/A.NR.Y9.F.PL),Annual – Number – 9 years – Males – Poland (Eurostat/demo_pjan/A.NR.Y9.M.PL),Annual – Number – 9 years – Total – Poland (Eurostat/demo_pjan/A.NR.Y9.T.PL),Annual – Number – 90 years – Females – Poland (Eurostat/demo_pjan/A.NR.Y90.F.PL),Annual – Number – 90 years – Males – Poland (Eurostat/demo_pjan/A.NR.Y90.M.PL),Annual – Number – 90 years – Total – Poland (Eurostat/demo_pjan/A.NR.Y90.T.PL),Annual – Number – 91 years – Females – Poland (Eurostat/demo_pjan/A.NR.Y91.F.PL),Annual – Number – 91 years – Males – Poland (Eurostat/demo_pjan/A.NR.Y91.M.PL),Annual – Number – 91 years – Total – Poland (Eurostat/demo_pjan/A.NR.Y91.T.PL),Annual – Number – 92 years – Females – Poland (Eurostat/demo_pjan/A.NR.Y92.F.PL),Annual – Number – 92 years – Males – Poland (Eurostat/demo_pjan/A.NR.Y92.M.PL),Annual – Number – 92 years – Total – Poland (Eurostat/demo_pjan/A.NR.Y92.T.PL),Annual – Number – 93 years – Females – Poland (Eurostat/demo_pjan/A.NR.Y93.F.PL),Annual – Number – 93 years – Males – Poland (Eurostat/demo_pjan/A.NR.Y93.M.PL),Annual – Number – 93 years – Total – Poland (Eurostat/demo_pjan/A.NR.Y93.T.PL),Annual – Number – 94 years – Females – Poland (Eurostat/demo_pjan/A.NR.Y94.F.PL),Annual – Number – 94 years – Males – Poland (Eurostat/demo_pjan/A.NR.Y94.M.PL),Annual – Number – 94 years – Total – Poland (Eurostat/demo_pjan/A.NR.Y94.T.PL),Annual – Number – 95 years – Females – Poland (Eurostat/demo_pjan/A.NR.Y95.F.PL),Annual – Number – 95 years – Males – Poland (Eurostat/demo_pjan/A.NR.Y95.M.PL),Annual – Number – 95 years – Total – Poland (Eurostat/demo_pjan/A.NR.Y95.T.PL),Annual – Number – 96 years – Females – Poland (Eurostat/demo_pjan/A.NR.Y96.F.PL),Annual – Number – 96 years – Males – Poland (Eurostat/demo_pjan/A.NR.Y96.M.PL),Annual – Number – 96 years – Total – Poland (Eurostat/demo_pjan/A.NR.Y96.T.PL),Annual – Number – 97 years – Females – Poland (Eurostat/demo_pjan/A.NR.Y97.F.PL),Annual – Number – 97 years – Males – Poland (Eurostat/demo_pjan/A.NR.Y97.M.PL),Annual – Number – 97 years – Total – Poland (Eurostat/demo_pjan/A.NR.Y97.T.PL),Annual – Number – 98 years – Females – Poland (Eurostat/demo_pjan/A.NR.Y98.F.PL),Annual – Number – 98 years – Males – Poland (Eurostat/demo_pjan/A.NR.Y98.M.PL),Annual – Number – 98 years – Total – Poland (Eurostat/demo_pjan/A.NR.Y98.T.PL),Annual – Number – 99 years – Females – Poland (Eurostat/demo_pjan/A.NR.Y99.F.PL),Annual – Number – 99 years – Males – Poland (Eurostat/demo_pjan/A.NR.Y99.M.PL),Annual – Number – 99 years – Total – Poland (Eurostat/demo_pjan/A.NR.Y99.T.PL),Annual – Number – Less than 1 year – Females – Poland (Eurostat/demo_pjan/A.NR.Y_LT1.F.PL),Annual – Number – Less than 1 year – Males – Poland (Eurostat/demo_pjan/A.NR.Y_LT1.M.PL),Annual – Number – Less than 1 year – Total – Poland (Eurostat/demo_pjan/A.NR.Y_LT1.T.PL),Annual – Number – Open-ended age class – Females – Poland (Eurostat/demo_pjan/A.NR.Y_OPEN.F.PL),Annual – Number – Open-ended age class – Males – Poland (Eurostat/demo_pjan/A.NR.Y_OPEN.M.PL),Annual – Number – Open-ended age class – Total – Poland (Eurostat/demo_pjan/A.NR.Y_OPEN.T.PL)
1960,15253800.0,14226100.0,29479900.0,NA,NA,NA,355400.0,374100.0,729500.0,310600.0,324900.0,635500.0,304200.0,320000.0,624200.0,287200.0,296300.0,583500.0,266200.0,272000.0,538200.0,196800.0,200400.0,397200.0,195800.0,197600.0,393400.0,190200.0,192700.0,382900.0,194300.0,196600.0,390900.0,199000.0,202900.0,401900.0,219000.0,221200.0,440200.0,352100.0,370000.0,722100.0,219900.0,220900.0,440800.0,222300.0,223500.0,445800.0,226800.0,230500.0,457300.0,235100.0,236400.0,471500.0,235700.0,237900.0,473600.0,228900.0,229200.0,458100.0,226500.0,227100.0,453600.0,239400.0,238700.0,478100.0,241700.0,243200.0,484900.0,254300.0,252600.0,506900.0,348300.0,366800.0,715100.0,241600.0,239300.0,480900.0,241300.0,232800.0,474100.0,228000.0,212800.0,440800.0,233500.0,206000.0,439500.0,245500.0,212600.0,458100.0,228000.0,194600.0,422600.0,227400.0,194200.0,421600.0,219500.0,187500.0,407000.0,186700.0,163000.0,349700.0,187100.0,167700.0,354800.0,352200.0,367000.0,719200.0,169700.0,145800.0,315500.0,124100.0,103800.0,227900.0,119000.0,103500.0,222500.0,128500.0,108200.0,236700.0,143400.0,118500.0,261900.0,181500.0,150100.0,331600.0,180600.0,155400.0,336000.0,194300.0,163700.0,358000.0,179900.0,157600.0,337500.0,188300.0,167200.0,355500.0,344300.0,358600.0,702900.0,183000.0,163600.0,346600.0,179100.0,157900.0,337000.0,178500.0,160000.0,338500.0,171600.0,150500.0,322100.0,161100.0,138500.0,299600.0,159300.0,137600.0,296900.0,152100.0,130400.0,282500.0,154300.0,129100.0,283400.0,141800.0,115800.0,257600.0,149400.0,114700.0,264100.0,341300.0,356500.0,697800.0,127500.0,98500.0,226000.0,125300.0,93400.0,218700.0,119400.0,89000.0,208400.0,115300.0,81900.0,197200.0,108800.0,76500.0,185300.0,97300.0,67900.0,165200.0,90300.0,62900.0,153200.0,79800.0,52400.0,132200.0,77700.0,51000.0,128700.0,75800.0,47900.0,123700.0,336600.0,353600.0,690200.0,71100.0,45200.0,116300.0,68600.0,41600.0,110200.0,63700.0,37900.0,101600.0,57400.0,33700.0,91100.0,52000.0,30100.0,82100.0,46400.0,26400.0,72800.0,41200.0,23100.0,64300.0,36000.0,20500.0,56500.0,31600.0,18600.0,50200.0,26700.0,16200.0,42900.0,335500.0,349400.0,684900.0,23200.0,14700.0,37900.0,19400.0,11400.0,30800.0,16400.0,8200.0,24600.0,14100.0,4900.0,19000.0,12000.0,6300.0,18300.0,NA,NA,NA,NA,NA,NA,NA,NA,NA,NA,NA,NA,NA,NA,NA,331000.0,344200.0,675200.0,NA,NA,NA,NA,NA,NA,NA,NA,NA,NA,NA,NA,NA,NA,NA,NA,NA,NA,NA,NA,NA,NA,NA,NA,NA,NA,NA,NA,NA,NA,330200.0,352600.0,682800.0,57900.0,26100.0,84000.0
1961,NA,NA,29795000.0,NA,NA,NA,NA,NA,NA,NA,NA,NA,NA,NA,NA,NA,NA,NA,NA,NA,NA,NA,NA,NA,NA,NA,NA,NA,NA,NA,NA,NA,NA,NA,NA,NA,NA,NA,NA,NA,NA,NA,NA,NA,NA,NA,NA,NA,NA,NA,NA,NA,NA,NA,NA,NA,NA,NA,NA,NA,NA,NA,NA,NA,NA,NA,NA,NA,NA,NA,NA,NA,NA,NA,NA,NA,NA,NA,NA,NA,NA,NA,NA,NA,NA,NA,NA,NA,NA,NA,NA,NA,NA,NA,NA,NA,NA,NA,NA,NA,NA,NA,NA,NA,NA,NA,NA,NA,NA,NA,NA,NA,NA,NA,NA,NA,NA,NA,NA,NA,NA,NA,NA,NA,NA,NA,NA,NA,NA,NA,NA,NA,NA,NA,NA,NA,NA,NA,NA,NA,NA,NA,NA,NA,NA,NA,NA,NA,NA,NA,NA,NA,NA,NA,NA,NA,NA,NA,NA,NA,NA,NA,NA,NA,NA,NA,NA,NA,NA,NA,NA,NA,NA,NA,NA,NA,NA,NA,NA,NA,NA,NA,NA,NA,NA,NA,NA,NA,NA,NA,NA,NA,NA,NA,NA,NA,NA,NA,NA,NA,NA,NA,NA,NA,NA,NA,NA,NA,NA,NA,NA,NA,NA,NA,NA,NA,NA,NA,NA,NA,NA,NA,NA,NA,NA,NA,NA,NA,NA,NA,NA,NA,NA,NA,NA,NA,NA,NA,NA,NA,NA,NA,NA,NA,NA,NA,NA,NA,NA,NA,NA,NA,NA,NA,NA,NA,NA,NA,NA,NA,NA,NA,NA,NA,NA,NA,NA,NA,NA,NA,NA,NA,NA,NA,NA,NA,NA,NA,NA,NA,NA,NA,NA,NA,NA,NA,NA,NA,NA,NA,NA,NA,NA,NA,NA,NA,NA,NA,NA,NA,NA,NA,NA,NA,NA,NA,NA,NA,NA
1962,NA,NA,30133000.0,NA,NA,NA,NA,NA,NA,NA,NA,NA,NA,NA,NA,NA,NA,NA,NA,NA,NA,NA,NA,NA,NA,NA,NA,NA,NA,NA,NA,NA,NA,NA,NA,NA,NA,NA,NA,NA,NA,NA,NA,NA,NA,NA,NA,NA,NA,NA,NA,NA,NA,NA,NA,NA,NA,NA,NA,NA,NA,NA,NA,NA,NA,NA,NA,NA,NA,NA,NA,NA,NA,NA,NA,NA,NA,NA,NA,NA,NA,NA,NA,NA,NA,NA,NA,NA,NA,NA,NA,NA,NA,NA,NA,NA,NA,NA,NA,NA,NA,NA,NA,NA,NA,NA,NA,NA,NA,NA,NA,NA,NA,NA,NA,NA,NA,NA,NA,NA,NA,NA,NA,NA,NA,NA,NA,NA,NA,NA,NA,NA,NA,NA,NA,NA,NA,NA,NA,NA,NA,NA,NA,NA,NA,NA,NA,NA,NA,NA,NA,NA,NA,NA,NA,NA,NA,NA,NA,NA,NA,NA,NA,NA,NA,NA,NA,NA,NA,NA,NA,NA,NA,NA,NA,NA,NA,NA,NA,NA,NA,NA,NA,NA,NA,NA,NA,NA,NA,NA,NA,NA,NA,NA,NA,NA,NA,NA,NA,NA,NA,NA,NA,NA,NA,NA,NA,NA,NA,NA,NA,NA,NA,NA,NA,NA,NA,NA,NA,NA,NA,NA,NA,NA,NA,NA,NA,NA,NA,NA,NA,NA,NA,NA,NA,NA,NA,NA,NA,NA,NA,NA,NA,NA,NA,NA,NA,NA,NA,NA,NA,NA,NA,NA,NA,NA,NA,NA,NA,NA,NA,NA,NA,NA,NA,NA,NA,NA,NA,NA,NA,NA,NA,NA,NA,NA,NA,NA,NA,NA,NA,NA,NA,NA,NA,NA,NA,NA,NA,NA,NA,NA,NA,NA,NA,NA,NA,NA,NA,NA,NA,NA,NA,NA,NA,NA,NA,NA,NA
1963,NA,NA,30484000.0,NA,NA,NA,NA,NA,NA,NA,NA,NA,NA,NA,NA,NA,NA,NA,NA,NA,NA,NA,NA,NA,NA,NA,NA,NA,NA,NA,NA,NA,NA,NA,NA,NA,NA,NA,NA,NA,NA,NA,NA,NA,NA,NA,NA,NA,NA,NA,NA,NA,NA,NA,NA,NA,NA,NA,NA,NA,NA,NA,NA,NA,NA,NA,NA,NA,NA,NA,NA,NA,NA,NA,NA,NA,NA,NA,NA,NA,NA,NA,NA,NA,NA,NA,NA,NA,NA,NA,NA,NA,NA,NA,NA,NA,NA,NA,NA,NA,NA,NA,NA,NA,NA,NA,NA,NA,NA,NA,NA,NA,NA,NA,NA,NA,NA,NA,NA,NA,NA,NA,NA,NA,NA,NA,NA,NA,NA,NA,NA,NA,NA,NA,NA,NA,NA,NA,NA,NA,NA,NA,NA,NA,NA,NA,NA,NA,NA,NA,NA,NA,NA,NA,NA,NA,NA,NA,NA,NA,NA,NA,NA,NA,NA,NA,NA,NA,NA,NA,NA,NA,NA,NA,NA,NA,NA,NA,NA,NA,NA,NA,NA,NA,NA,NA,NA,NA,NA,NA,NA,NA,NA,NA,NA,NA,NA,NA,NA,NA,NA,NA,NA,NA,NA,NA,NA,NA,NA,NA,NA,NA,NA,NA,NA,NA,NA,NA,NA,NA,NA,NA,NA,NA,NA,NA,NA,NA,NA,NA,NA,NA,NA,NA,NA,NA,NA,NA,NA,NA,NA,NA,NA,NA,NA,NA,NA,NA,NA,NA,NA,NA,NA,NA,NA,NA,NA,NA,NA,NA,NA,NA,NA,NA,NA,NA,NA,NA,NA,NA,NA,NA,NA,NA,NA,NA,NA,NA,NA,NA,NA,NA,NA,NA,NA,NA,NA,NA,NA,NA,NA,NA,NA,NA,NA,NA,NA,NA,NA,NA,NA,NA,NA,NA,NA,NA,NA,NA,NA
1964,NA,NA,30940000.0,NA,NA,NA,NA,NA,NA,NA,NA,NA,NA,NA,NA,NA,NA,NA,NA,NA,NA,NA,NA,NA,NA,NA,NA,NA,NA,NA,NA,NA,NA,NA,NA,NA,NA,NA,NA,NA,NA,NA,NA,NA,NA,NA,NA,NA,NA,NA,NA,NA,NA,NA,NA,NA,NA,NA,NA,NA,NA,NA,NA,NA,NA,NA,NA,NA,NA,NA,NA,NA,NA,NA,NA,NA,NA,NA,NA,NA,NA,NA,NA,NA,NA,NA,NA,NA,NA,NA,NA,NA,NA,NA,NA,NA,NA,NA,NA,NA,NA,NA,NA,NA,NA,NA,NA,NA,NA,NA,NA,NA,NA,NA,NA,NA,NA,NA,NA,NA,NA,NA,NA,NA,NA,NA,NA,NA,NA,NA,NA,NA,NA,NA,NA,NA,NA,NA,NA,NA,NA,NA,NA,NA,NA,NA,NA,NA,NA,NA,NA,NA,NA,NA,NA,NA,NA,NA,NA,NA,NA,NA,NA,NA,NA,NA,NA,NA,NA,NA,NA,NA,NA,NA,NA,NA,NA,NA,NA,NA,NA,NA,NA,NA,NA,NA,NA,NA,NA,NA,NA,NA,NA,NA,NA,NA,NA,NA,NA,NA,NA,NA,NA,NA,NA,NA,NA,NA,NA,NA,NA,NA,NA,NA,NA,NA,NA,NA,NA,NA,NA,NA,NA,NA,NA,NA,NA,NA,NA,NA,NA,NA,NA,NA,NA,NA,NA,NA,NA,NA,NA,NA,NA,NA,NA,NA,NA,NA,NA,NA,NA,NA,NA,NA,NA,NA,NA,NA,NA,NA,NA,NA,NA,NA,NA,NA,NA,NA,NA,NA,NA,NA,NA,NA,NA,NA,NA,NA,NA,NA,NA,NA,NA,NA,NA,NA,NA,NA,NA,NA,NA,NA,NA,NA,NA,NA,NA,NA,NA,NA,NA,NA,NA,NA,NA,NA,NA,NA,NA
1965,16132500.0,15206400.0,31338900.0,NA,NA,NA,272200.0,287300.0,559500.0,345700.0,359000.0,704700.0,345300.0,358900.0,704200.0,340700.0,354900.0,695600.0,336100.0,347600.0,683700.0,330300.0,344000.0,674300.0,308100.0,319400.0,627500.0,305300.0,317400.0,622700.0,283700.0,294100.0,577800.0,263200.0,269800.0,533000.0,193100.0,198400.0,391500.0,273700.0,290600.0,564300.0,191500.0,195900.0,387400.0,184300.0,188600.0,372900.0,184800.0,189200.0,374000.0,194800.0,199700.0,394500.0,213700.0,217100.0,430800.0,216400.0,222300.0,438700.0,218800.0,221800.0,440600.0,220300.0,221400.0,441700.0,228900.0,225600.0,454500.0,229300.0,225700.0,455000.0,286100.0,303000.0,589100.0,226400.0,223500.0,449900.0,224300.0,223100.0,447400.0,238300.0,235100.0,473400.0,239300.0,238800.0,478100.0,255000.0,251800.0,506800.0,240500.0,236400.0,476900.0,241200.0,231600.0,472800.0,227400.0,211500.0,438900.0,233000.0,204800.0,437800.0,246900.0,213000.0,459900.0,300000.0,312900.0,612900.0,229400.0,194200.0,423600.0,227700.0,193700.0,421400.0,220500.0,187100.0,407600.0,184800.0,162500.0,347300.0,189200.0,167500.0,356700.0,155100.0,145400.0,300500.0,132100.0,104600.0,236700.0,128900.0,104500.0,233400.0,130700.0,107900.0,238600.0,132800.0,117800.0,250600.0,320500.0,335500.0,656000.0,181400.0,147700.0,329100.0,176500.0,151500.0,328000.0,193200.0,160500.0,353700.0,175400.0,153100.0,328500.0,189500.0,162500.0,352000.0,179500.0,161600.0,341100.0,176900.0,153900.0,330800.0,175400.0,155400.0,330800.0,168200.0,145200.0,313400.0,159800.0,133900.0,293700.0,342300.0,357400.0,699700.0,153600.0,130400.0,284000.0,144400.0,121800.0,266200.0,146900.0,119900.0,266800.0,131400.0,106000.0,237400.0,147900.0,105800.0,253700.0,112600.0,86200.0,198800.0,114800.0,82300.0,197100.0,107000.0,76100.0,183100.0,102100.0,68900.0,171000.0,96700.0,63600.0,160300.0,350400.0,365400.0,715800.0,83900.0,55200.0,139100.0,77000.0,50200.0,127200.0,67000.0,40900.0,107900.0,59200.0,37500.0,96700.0,63500.0,36200.0,99700.0,53600.0,32000.0,85600.0,56800.0,31000.0,87800.0,43800.0,24600.0,68400.0,40800.0,21800.0,62600.0,36800.0,19000.0,55800.0,348700.0,364700.0,713400.0,29900.0,15300.0,45200.0,24700.0,13000.0,37700.0,23900.0,11600.0,35500.0,15200.0,8000.0,23200.0,18600.0,7800.0,26400.0,NA,NA,NA,NA,NA,NA,NA,NA,NA,NA,NA,NA,NA,NA,NA,355200.0,372000.0,727200.0,NA,NA,NA,NA,NA,NA,NA,NA,NA,NA,NA,NA,NA,NA,NA,NA,NA,NA,NA,NA,NA,NA,NA,NA,NA,NA,NA,NA,NA,NA,263700.0,278900.0,542600.0,54000.0,22700.0,76700.0
1966,NA,NA,31551000.0,NA,NA,NA,NA,NA,NA,NA,NA,NA,NA,NA,NA,NA,NA,NA,NA,NA,NA,NA,NA,NA,NA,NA,NA,NA,NA,NA,NA,NA,NA,NA,NA,NA,NA,NA,NA,NA,NA,NA,NA,NA,NA,NA,NA,NA,NA,NA,NA,NA,NA,NA,NA,NA,NA,NA,NA,NA,NA,NA,NA,NA,NA,NA,NA,NA,NA,NA,NA,NA,NA,NA,NA,NA,NA,NA,NA,NA,NA,NA,NA,NA,NA,NA,NA,NA,NA,NA,NA,NA,NA,NA,NA,NA,NA,NA,NA,NA,NA,NA,NA,NA,NA,NA,NA,NA,NA,NA,NA,NA,NA,NA,NA,NA,NA,NA,NA,NA,NA,NA,NA,NA,NA,NA,NA,NA,NA,NA,NA,NA,NA,NA,NA,NA,NA,NA,NA,NA,NA,NA,NA,NA,NA,NA,NA,NA,NA,NA,NA,NA,NA,NA,NA,NA,NA,NA,NA,NA,NA,NA,NA,NA,NA,NA,NA,NA,NA,NA,NA,NA,NA,NA,NA,NA,NA,NA,NA,NA,NA,NA,NA,NA,NA,NA,NA,NA,NA,NA,NA,NA,NA,NA,NA,NA,NA,NA,NA,NA,NA,NA,NA,NA,NA,NA,NA,NA,NA,NA,NA,NA,NA,NA,NA,NA,NA,NA,NA,NA,NA,NA,NA,NA,NA,NA,NA,NA,NA,NA,NA,NA,NA,NA,NA,NA,NA,NA,NA,NA,NA,NA,NA,NA,NA,NA,NA,NA,NA,NA,NA,NA,NA,NA,NA,NA,NA,NA,NA,NA,NA,NA,NA,NA,NA,NA,NA,NA,NA,NA,NA,NA,NA,NA,NA,NA,NA,NA,NA,NA,NA,NA,NA,NA,NA,NA,NA,NA,NA,NA,NA,NA,NA,NA,NA,NA,NA,NA,NA,NA,NA,NA,NA,NA,NA,NA,NA,NA,NA
1967,NA,NA,31811000.0,NA,NA,NA,NA,NA,NA,NA,NA,NA,NA,NA,NA,NA,NA,NA,NA,NA,NA,NA,NA,NA,NA,NA,NA,NA,NA,NA,NA,NA,NA,NA,NA,NA,NA,NA,NA,NA,NA,NA,NA,NA,NA,NA,NA,NA,NA,NA,NA,NA,NA,NA,NA,NA,NA,NA,NA,NA,NA,NA,NA,NA,NA,NA,NA,NA,NA,NA,NA,NA,NA,NA,NA,NA,NA,NA,NA,NA,NA,NA,NA,NA,NA,NA,NA,NA,NA,NA,NA,NA,NA,NA,NA,NA,NA,NA,NA,NA,NA,NA,NA,NA,NA,NA,NA,NA,NA,NA,NA,NA,NA,NA,NA,NA,NA,NA,NA,NA,NA,NA,NA,NA,NA,NA,NA,NA,NA,NA,NA,NA,NA,NA,NA,NA,NA,NA,NA,NA,NA,NA,NA,NA,NA,NA,NA,NA,NA,NA,NA,NA,NA,NA,NA,NA,NA,NA,NA,NA,NA,NA,NA,NA,NA,NA,NA,NA,NA,NA,NA,NA,NA,NA,NA,NA,NA,NA,NA,NA,NA,NA,NA,NA,NA,NA,NA,NA,NA,NA,NA,NA,NA,NA,NA,NA,NA,NA,NA,NA,NA,NA,NA,NA,NA,NA,NA,NA,NA,NA,NA,NA,NA,NA,NA,NA,NA,NA,NA,NA,NA,NA,NA,NA,NA,NA,NA,NA,NA,NA,NA,NA,NA,NA,NA,NA,NA,NA,NA,NA,NA,NA,NA,NA,NA,NA,NA,NA,NA,NA,NA,NA,NA,NA,NA,NA,NA,NA,NA,NA,NA,NA,NA,NA,NA,NA,NA,NA,NA,NA,NA,NA,NA,NA,NA,NA,NA,NA,NA,NA,NA,NA,NA,NA,NA,NA,NA,NA,NA,NA,NA,NA,NA,NA,NA,NA,NA,NA,NA,NA,NA,NA,NA,NA,NA,NA,NA,NA,NA
1968,NA,NA,32163310.0,NA,NA,NA,NA,NA,NA,NA,NA,NA,NA,NA,NA,NA,NA,NA,NA,NA,NA,NA,NA,NA,NA,NA,NA,NA,NA,NA,NA,NA,NA,NA,NA,NA,NA,NA,NA,NA,NA,NA,NA,NA,NA,NA,NA,NA,NA,NA,NA,NA,NA,NA,NA,NA,NA,NA,NA,NA,NA,NA,NA,NA,NA,NA,NA,NA,NA,NA,NA,NA,NA,NA,NA,NA,NA,NA,NA,NA,NA,NA,NA,NA,NA,NA,NA,NA,NA,NA,NA,NA,NA,NA,NA,NA,NA,NA,NA,NA,NA,NA,NA,NA,NA,NA,NA,NA,NA,NA,NA,NA,NA,NA,NA,NA,NA,NA,NA,NA,NA,NA,NA,NA,NA,NA,NA,NA,NA,NA,NA,NA,NA,NA,NA,NA,NA,NA,NA,NA,NA,NA,NA,NA,NA,NA,NA,NA,NA,NA,NA,NA,NA,NA,NA,NA,NA,NA,NA,NA,NA,NA,NA,NA,NA,NA,NA,NA,NA,NA,NA,NA,NA,NA,NA,NA,NA,NA,NA,NA,NA,NA,NA,NA,NA,NA,NA,NA,NA,NA,NA,NA,NA,NA,NA,NA,NA,NA,NA,NA,NA,NA,NA,NA,NA,NA,NA,NA,NA,NA,NA,NA,NA,NA,NA,NA,NA,NA,NA,NA,NA,NA,NA,NA,NA,NA,NA,NA,NA,NA,NA,NA,NA,NA,NA,NA,NA,NA,NA,NA,NA,NA,NA,NA,NA,NA,NA,NA,NA,NA,NA,NA,NA,NA,NA,NA,NA,NA,NA,NA,NA,NA,NA,NA,NA,NA,NA,NA,NA,NA,NA,NA,NA,NA,NA,NA,NA,NA,NA,NA,NA,NA,NA,NA,NA,NA,NA,NA,NA,NA,NA,NA,NA,NA,NA,NA,NA,NA,NA,NA,NA,NA,NA,NA,NA,NA,NA,NA,NA
1969,NA,NA,32426000.0,NA,NA,NA,NA,NA,NA,NA,NA,NA,NA,NA,NA,NA,NA,NA,NA,NA,NA,NA,NA,NA,NA,NA,NA,NA,NA,NA,NA,NA,NA,NA,NA,NA,NA,NA,NA,NA,NA,NA,NA,NA,NA,NA,NA,NA,NA,NA,NA,NA,NA,NA,NA,NA,NA,NA,NA,NA,NA,NA,NA,NA,NA,NA,NA,NA,NA,NA,NA,NA,NA,NA,NA,NA,NA,NA,NA,NA,NA,NA,NA,NA,NA,NA,NA,NA,NA,NA,NA,NA,NA,NA,NA,NA,NA,NA,NA,NA,NA,NA,NA,NA,NA,NA,NA,NA,NA,NA,NA,NA,NA,NA,NA,NA,NA,NA,NA,NA,NA,NA,NA,NA,NA,NA,NA,NA,NA,NA,NA,NA,NA,NA,NA,NA,NA,NA,NA,NA,NA,NA,NA,NA,NA,NA,NA,NA,NA,NA,NA,NA,NA,NA,NA,NA,NA,NA,NA,NA,NA,NA,NA,NA,NA,NA,NA,NA,NA,NA,NA,NA,NA,NA,NA,NA,NA,NA,NA,NA,NA,NA,NA,NA,NA,NA,NA,NA,NA,NA,NA,NA,NA,NA,NA,NA,NA,NA,NA,NA,NA,NA,NA,NA,NA,NA,NA,NA,NA,NA,NA,NA,NA,NA,NA,NA,NA,NA,NA,NA,NA,NA,NA,NA,NA,NA,NA,NA,NA,NA,NA,NA,NA,NA,NA,NA,NA,NA,NA,NA,NA,NA,NA,NA,NA,NA,NA,NA,NA,NA,NA,NA,NA,NA,NA,NA,NA,NA,NA,NA,NA,NA,NA,NA,NA,NA,NA,NA,NA,NA,NA,NA,NA,NA,NA,NA,NA,NA,NA,NA,NA,NA,NA,NA,NA,NA,NA,NA,NA,NA,NA,NA,NA,NA,NA,NA,NA,NA,NA,NA,NA,NA,NA,NA,NA,NA,NA,NA,NA
1970,16793500.0,15877100.0,32670600.0,NA,NA,NA,245400.0,258400.0,503800.0,323700.0,339200.0,662900.0,340300.0,356100.0,696400.0,348600.0,362600.0,711200.0,346700.0,362300.0,709000.0,349400.0,366500.0,715900.0,342600.0,355600.0,698200.0,339800.0,353500.0,693300.0,338400.0,351600.0,690000.0,333600.0,344800.0,678400.0,323300.0,333900.0,657200.0,244500.0,257400.0,501900.0,309700.0,317400.0,627100.0,307000.0,312200.0,619200.0,290600.0,291600.0,582200.0,268000.0,265200.0,533200.0,197200.0,194200.0,391400.0,196200.0,193900.0,390100.0,191500.0,191000.0,382500.0,189500.0,190400.0,379900.0,202300.0,206300.0,408600.0,215300.0,217600.0,432900.0,245200.0,258900.0,504100.0,217200.0,218100.0,435300.0,220300.0,221200.0,441500.0,223400.0,226100.0,449500.0,230200.0,230300.0,460500.0,228100.0,230400.0,458500.0,224800.0,225500.0,450300.0,221500.0,224500.0,446000.0,234800.0,234600.0,469400.0,236800.0,238200.0,475000.0,248200.0,246800.0,495000.0,251300.0,263700.0,515000.0,235900.0,233400.0,469300.0,235300.0,226200.0,461500.0,222000.0,206800.0,428800.0,227300.0,199800.0,427100.0,238600.0,206600.0,445200.0,221600.0,188200.0,409800.0,221000.0,186100.0,407100.0,212400.0,178700.0,391100.0,181200.0,155300.0,336500.0,180000.0,158100.0,338100.0,257400.0,270500.0,527900.0,163200.0,137100.0,300300.0,117700.0,99100.0,216800.0,113300.0,99200.0,212500.0,121900.0,102900.0,224800.0,135700.0,112200.0,247900.0,172100.0,142000.0,314100.0,171200.0,143600.0,314800.0,183000.0,149800.0,332800.0,169600.0,142400.0,312000.0,175500.0,149600.0,325100.0,268800.0,283000.0,551800.0,170500.0,144700.0,315200.0,165300.0,137100.0,302400.0,163700.0,137100.0,300800.0,156500.0,126900.0,283400.0,145000.0,115100.0,260100.0,143000.0,112900.0,255900.0,133600.0,103700.0,237300.0,134800.0,100600.0,235400.0,122200.0,88300.0,210500.0,125200.0,85100.0,210300.0,270000.0,283500.0,553500.0,104600.0,70100.0,174700.0,101400.0,64300.0,165700.0,90400.0,57400.0,147800.0,85100.0,50700.0,135800.0,79700.0,46400.0,126100.0,67500.0,39000.0,106500.0,61000.0,35100.0,96100.0,51700.0,27700.0,79400.0,43900.0,24300.0,68200.0,47300.0,23500.0,70800.0,283700.0,298000.0,581700.0,37900.0,20000.0,57900.0,40600.0,19400.0,60000.0,28900.0,14000.0,42900.0,26200.0,12100.0,38300.0,23300.0,10400.0,33700.0,NA,NA,NA,NA,NA,NA,NA,NA,NA,NA,NA,NA,NA,NA,NA,304300.0,317700.0,622000.0,NA,NA,NA,NA,NA,NA,NA,NA,NA,NA,NA,NA,NA,NA,NA,NA,NA,NA,NA,NA,NA,NA,NA,NA,NA,NA,NA,NA,NA,NA,252700.0,267700.0,520400.0,83400.0,33700.0,117100.0
1971,NA,NA,32658000.0,NA,NA,NA,NA,NA,NA,NA,NA,NA,NA,NA,NA,NA,NA,NA,NA,NA,NA,NA,NA,NA,NA,NA,NA,NA,NA,NA,NA,NA,NA,NA,NA,NA,NA,NA,NA,NA,NA,NA,NA,NA,NA,NA,NA,NA,NA,NA,NA,NA,NA,NA,NA,NA,NA,NA,NA,NA,NA,NA,NA,NA,NA,NA,NA,NA,NA,NA,NA,NA,NA,NA,NA,NA,NA,NA,NA,NA,NA,NA,NA,NA,NA,NA,NA,NA,NA,NA,NA,NA,NA,NA,NA,NA,NA,NA,NA,NA,NA,NA,NA,NA,NA,NA,NA,NA,NA,NA,NA,NA,NA,NA,NA,NA,NA,NA,NA,NA,NA,NA,NA,NA,NA,NA,NA,NA,NA,NA,NA,NA,NA,NA,NA,NA,NA,NA,NA,NA,NA,NA,NA,NA,NA,NA,NA,NA,NA,NA,NA,NA,NA,NA,NA,NA,NA,NA,NA,NA,NA,NA,NA,NA,NA,NA,NA,NA,NA,NA,NA,NA,NA,NA,NA,NA,NA,NA,NA,NA,NA,NA,NA,NA,NA,NA,NA,NA,NA,NA,NA,NA,NA,NA,NA,NA,NA,NA,NA,NA,NA,NA,NA,NA,NA,NA,NA,NA,NA,NA,NA,NA,NA,NA,NA,NA,NA,NA,NA,NA,NA,NA,NA,NA,NA,NA,NA,NA,NA,NA,NA,NA,NA,NA,NA,NA,NA,NA,NA,NA,NA,NA,NA,NA,NA,NA,NA,NA,NA,NA,NA,NA,NA,NA,NA,NA,NA,NA,NA,NA,NA,NA,NA,NA,NA,NA,NA,NA,NA,NA,NA,NA,NA,NA,NA,NA,NA,NA,NA,NA,NA,NA,NA,NA,NA,NA,NA,NA,NA,NA,NA,NA,NA,NA,NA,NA,NA,NA,NA,NA,NA,NA,NA,NA,NA,NA,NA,NA,NA
1972,NA,NA,32909000.0,NA,NA,NA,NA,NA,NA,NA,NA,NA,NA,NA,NA,NA,NA,NA,NA,NA,NA,NA,NA,NA,NA,NA,NA,NA,NA,NA,NA,NA,NA,NA,NA,NA,NA,NA,NA,NA,NA,NA,NA,NA,NA,NA,NA,NA,NA,NA,NA,NA,NA,NA,NA,NA,NA,NA,NA,NA,NA,NA,NA,NA,NA,NA,NA,NA,NA,NA,NA,NA,NA,NA,NA,NA,NA,NA,NA,NA,NA,NA,NA,NA,NA,NA,NA,NA,NA,NA,NA,NA,NA,NA,NA,NA,NA,NA,NA,NA,NA,NA,NA,NA,NA,NA,NA,NA,NA,NA,NA,NA,NA,NA,NA,NA,NA,NA,NA,NA,NA,NA,NA,NA,NA,NA,NA,NA,NA,NA,NA,NA,NA,NA,NA,NA,NA,NA,NA,NA,NA,NA,NA,NA,NA,NA,NA,NA,NA,NA,NA,NA,NA,NA,NA,NA,NA,NA,NA,NA,NA,NA,NA,NA,NA,NA,NA,NA,NA,NA,NA,NA,NA,NA,NA,NA,NA,NA,NA,NA,NA,NA,NA,NA,NA,NA,NA,NA,NA,NA,NA,NA,NA,NA,NA,NA,NA,NA,NA,NA,NA,NA,NA,NA,NA,NA,NA,NA,NA,NA,NA,NA,NA,NA,NA,NA,NA,NA,NA,NA,NA,NA,NA,NA,NA,NA,NA,NA,NA,NA,NA,NA,NA,NA,NA,NA,NA,NA,NA,NA,NA,NA,NA,NA,NA,NA,NA,NA,NA,NA,NA,NA,NA,NA,NA,NA,NA,NA,NA,NA,NA,NA,NA,NA,NA,NA,NA,NA,NA,NA,NA,NA,NA,NA,NA,NA,NA,NA,NA,NA,NA,NA,NA,NA,NA,NA,NA,NA,NA,NA,NA,NA,NA,NA,NA,NA,NA,NA,NA,NA,NA,NA,NA,NA,NA,NA,NA,NA,NA
1973,NA,NA,33202300.0,NA,NA,NA,NA,NA,NA,NA,NA,NA,NA,NA,NA,NA,NA,NA,NA,NA,NA,NA,NA,NA,NA,NA,NA,NA,NA,NA,NA,NA,NA,NA,NA,NA,NA,NA,NA,NA,NA,NA,NA,NA,NA,NA,NA,NA,NA,NA,NA,NA,NA,NA,NA,NA,NA,NA,NA,NA,NA,NA,NA,NA,NA,NA,NA,NA,NA,NA,NA,NA,NA,NA,NA,NA,NA,NA,NA,NA,NA,NA,NA,NA,NA,NA,NA,NA,NA,NA,NA,NA,NA,NA,NA,NA,NA,NA,NA,NA,NA,NA,NA,NA,NA,NA,NA,NA,NA,NA,NA,NA,NA,NA,NA,NA,NA,NA,NA,NA,NA,NA,NA,NA,NA,NA,NA,NA,NA,NA,NA,NA,NA,NA,NA,NA,NA,NA,NA,NA,NA,NA,NA,NA,NA,NA,NA,NA,NA,NA,NA,NA,NA,NA,NA,NA,NA,NA,NA,NA,NA,NA,NA,NA,NA,NA,NA,NA,NA,NA,NA,NA,NA,NA,NA,NA,NA,NA,NA,NA,NA,NA,NA,NA,NA,NA,NA,NA,NA,NA,NA,NA,NA,NA,NA,NA,NA,NA,NA,NA,NA,NA,NA,NA,NA,NA,NA,NA,NA,NA,NA,NA,NA,NA,NA,NA,NA,NA,NA,NA,NA,NA,NA,NA,NA,NA,NA,NA,NA,NA,NA,NA,NA,NA,NA,NA,NA,NA,NA,NA,NA,NA,NA,NA,NA,NA,NA,NA,NA,NA,NA,NA,NA,NA,NA,NA,NA,NA,NA,NA,NA,NA,NA,NA,NA,NA,NA,NA,NA,NA,NA,NA,NA,NA,NA,NA,NA,NA,NA,NA,NA,NA,NA,NA,NA,NA,NA,NA,NA,NA,NA,NA,NA,NA,NA,NA,NA,NA,NA,NA,NA,NA,NA,NA,NA,NA,NA,NA,NA
1974,NA,NA,33512100.0,NA,NA,NA,NA,NA,NA,NA,NA,NA,NA,NA,NA,NA,NA,NA,NA,NA,NA,NA,NA,NA,NA,NA,NA,NA,NA,NA,NA,NA,NA,NA,NA,NA,NA,NA,NA,NA,NA,NA,NA,NA,NA,NA,NA,NA,NA,NA,NA,NA,NA,NA,NA,NA,NA,NA,NA,NA,NA,NA,NA,NA,NA,NA,NA,NA,NA,NA,NA,NA,NA,NA,NA,NA,NA,NA,NA,NA,NA,NA,NA,NA,NA,NA,NA,NA,NA,NA,NA,NA,NA,NA,NA,NA,NA,NA,NA,NA,NA,NA,NA,NA,NA,NA,NA,NA,NA,NA,NA,NA,NA,NA,NA,NA,NA,NA,NA,NA,NA,NA,NA,NA,NA,NA,NA,NA,NA,NA,NA,NA,NA,NA,NA,NA,NA,NA,NA,NA,NA,NA,NA,NA,NA,NA,NA,NA,NA,NA,NA,NA,NA,NA,NA,NA,NA,NA,NA,NA,NA,NA,NA,NA,NA,NA,NA,NA,NA,NA,NA,NA,NA,NA,NA,NA,NA,NA,NA,NA,NA,NA,NA,NA,NA,NA,NA,NA,NA,NA,NA,NA,NA,NA,NA,NA,NA,NA,NA,NA,NA,NA,NA,NA,NA,NA,NA,NA,NA,NA,NA,NA,NA,NA,NA,NA,NA,NA,NA,NA,NA,NA,NA,NA,NA,NA,NA,NA,NA,NA,NA,NA,NA,NA,NA,NA,NA,NA,NA,NA,NA,NA,NA,NA,NA,NA,NA,NA,NA,NA,NA,NA,NA,NA,NA,NA,NA,NA,NA,NA,NA,NA,NA,NA,NA,NA,NA,NA,NA,NA,NA,NA,NA,NA,NA,NA,NA,NA,NA,NA,NA,NA,NA,NA,NA,NA,NA,NA,NA,NA,NA,NA,NA,NA,NA,NA,NA,NA,NA,NA,NA,NA,NA,NA,NA,NA,NA,NA,NA
1975,17384456.0,16461242.0,33845698.0,NA,NA,NA,280091.0,292372.0,572463.0,259356.0,271844.0,531200.0,266833.0,278905.0,545738.0,269828.0,283714.0,553542.0,281476.0,294499.0,575975.0,305259.0,316999.0,622258.0,320577.0,335294.0,655871.0,338284.0,353480.0,691764.0,346022.0,359294.0,705316.0,343688.0,357839.0,701527.0,350823.0,366465.0,717288.0,273661.0,288949.0,562610.0,341264.0,352890.0,694154.0,339251.0,350772.0,690023.0,336177.0,348639.0,684816.0,331375.0,341190.0,672565.0,321217.0,330926.0,652143.0,300793.0,307518.0,608311.0,297169.0,305041.0,602210.0,277337.0,284330.0,561667.0,254891.0,258787.0,513678.0,188669.0,190631.0,379300.0,264299.0,278169.0,542468.0,188080.0,188561.0,376641.0,182127.0,183034.0,365161.0,181234.0,181964.0,363198.0,193688.0,194578.0,388266.0,207936.0,207912.0,415848.0,210820.0,208341.0,419161.0,212873.0,210124.0,422997.0,215831.0,214835.0,430666.0,223389.0,219997.0,443386.0,222707.0,221121.0,443828.0,261298.0,273903.0,535201.0,219149.0,216300.0,435449.0,216193.0,214574.0,430767.0,229194.0,225420.0,454614.0,231537.0,229080.0,460617.0,245516.0,239888.0,485404.0,229748.0,222968.0,452716.0,230356.0,218517.0,448873.0,217209.0,198643.0,415852.0,221672.0,191648.0,413320.0,235026.0,199294.0,434320.0,245007.0,255346.0,500353.0,218502.0,182036.0,400538.0,215603.0,180504.0,396107.0,208110.0,173106.0,381216.0,176186.0,150105.0,326291.0,177664.0,153569.0,331233.0,156795.0,129615.0,286410.0,114347.0,91982.0,206329.0,110071.0,91389.0,201460.0,117602.0,93767.0,211369.0,130231.0,100929.0,231160.0,247221.0,258600.0,505821.0,166339.0,127976.0,294315.0,162566.0,130198.0,292764.0,175079.0,135943.0,311022.0,160422.0,127504.0,287926.0,168451.0,132590.0,301041.0,158354.0,125503.0,283857.0,152897.0,117469.0,270366.0,150555.0,116523.0,267078.0,142504.0,105624.0,248128.0,132648.0,95059.0,227707.0,244639.0,255056.0,499695.0,127364.0,90222.0,217586.0,117577.0,81492.0,199069.0,116641.0,76875.0,193516.0,100975.0,65045.0,166020.0,114521.0,67650.0,182171.0,80818.0,48165.0,128983.0,79508.0,43853.0,123361.0,70141.0,38547.0,108688.0,63485.0,32717.0,96202.0,57578.0,28359.0,85937.0,246538.0,257572.0,504110.0,46912.0,22748.0,69660.0,40086.0,19524.0,59610.0,33422.0,14733.0,48155.0,26444.0,12128.0,38572.0,26870.0,10973.0,37843.0,NA,NA,NA,NA,NA,NA,NA,NA,NA,NA,NA,NA,NA,NA,NA,252712.0,264632.0,517344.0,NA,NA,NA,NA,NA,NA,NA,NA,NA,NA,NA,NA,NA,NA,NA,NA,NA,NA,NA,NA,NA,NA,NA,NA,NA,NA,NA,NA,NA,NA,286903.0,308104.0,595007.0,100245.0,38261.0,138506.0
1976,NA,NA,34184700.0,NA,NA,NA,NA,NA,NA,NA,NA,NA,NA,NA,NA,NA,NA,NA,NA,NA,NA,NA,NA,NA,NA,NA,NA,NA,NA,NA,NA,NA,NA,NA,NA,NA,NA,NA,NA,NA,NA,NA,NA,NA,NA,NA,NA,NA,NA,NA,NA,NA,NA,NA,NA,NA,NA,NA,NA,NA,NA,NA,NA,NA,NA,NA,NA,NA,NA,NA,NA,NA,NA,NA,NA,NA,NA,NA,NA,NA,NA,NA,NA,NA,NA,NA,NA,NA,NA,NA,NA,NA,NA,NA,NA,NA,NA,NA,NA,NA,NA,NA,NA,NA,NA,NA,NA,NA,NA,NA,NA,NA,NA,NA,NA,NA,NA,NA,NA,NA,NA,NA,NA,NA,NA,NA,NA,NA,NA,NA,NA,NA,NA,NA,NA,NA,NA,NA,NA,NA,NA,NA,NA,NA,NA,NA,NA,NA,NA,NA,NA,NA,NA,NA,NA,NA,NA,NA,NA,NA,NA,NA,NA,NA,NA,NA,NA,NA,NA,NA,NA,NA,NA,NA,NA,NA,NA,NA,NA,NA,NA,NA,NA,NA,NA,NA,NA,NA,NA,NA,NA,NA,NA,NA,NA,NA,NA,NA,NA,NA,NA,NA,NA,NA,NA,NA,NA,NA,NA,NA,NA,NA,NA,NA,NA,NA,NA,NA,NA,NA,NA,NA,NA,NA,NA,NA,NA,NA,NA,NA,NA,NA,NA,NA,NA,NA,NA,NA,NA,NA,NA,NA,NA,NA,NA,NA,NA,NA,NA,NA,NA,NA,NA,NA,NA,NA,NA,NA,NA,NA,NA,NA,NA,NA,NA,NA,NA,NA,NA,NA,NA,NA,NA,NA,NA,NA,NA,NA,NA,NA,NA,NA,NA,NA,NA,NA,NA,NA,NA,NA,NA,NA,NA,NA,NA,NA,NA,NA,NA,NA,NA,NA,NA,NA,NA,NA,NA,NA,NA
1977,NA,NA,34527900.0,NA,NA,NA,NA,NA,NA,NA,NA,NA,NA,NA,NA,NA,NA,NA,NA,NA,NA,NA,NA,NA,NA,NA,NA,NA,NA,NA,NA,NA,NA,NA,NA,NA,NA,NA,NA,NA,NA,NA,NA,NA,NA,NA,NA,NA,NA,NA,NA,NA,NA,NA,NA,NA,NA,NA,NA,NA,NA,NA,NA,NA,NA,NA,NA,NA,NA,NA,NA,NA,NA,NA,NA,NA,NA,NA,NA,NA,NA,NA,NA,NA,NA,NA,NA,NA,NA,NA,NA,NA,NA,NA,NA,NA,NA,NA,NA,NA,NA,NA,NA,NA,NA,NA,NA,NA,NA,NA,NA,NA,NA,NA,NA,NA,NA,NA,NA,NA,NA,NA,NA,NA,NA,NA,NA,NA,NA,NA,NA,NA,NA,NA,NA,NA,NA,NA,NA,NA,NA,NA,NA,NA,NA,NA,NA,NA,NA,NA,NA,NA,NA,NA,NA,NA,NA,NA,NA,NA,NA,NA,NA,NA,NA,NA,NA,NA,NA,NA,NA,NA,NA,NA,NA,NA,NA,NA,NA,NA,NA,NA,NA,NA,NA,NA,NA,NA,NA,NA,NA,NA,NA,NA,NA,NA,NA,NA,NA,NA,NA,NA,NA,NA,NA,NA,NA,NA,NA,NA,NA,NA,NA,NA,NA,NA,NA,NA,NA,NA,NA,NA,NA,NA,NA,NA,NA,NA,NA,NA,NA,NA,NA,NA,NA,NA,NA,NA,NA,NA,NA,NA,NA,NA,NA,NA,NA,NA,NA,NA,NA,NA,NA,NA,NA,NA,NA,NA,NA,NA,NA,NA,NA,NA,NA,NA,NA,NA,NA,NA,NA,NA,NA,NA,NA,NA,NA,NA,NA,NA,NA,NA,NA,NA,NA,NA,NA,NA,NA,NA,NA,NA,NA,NA,NA,NA,NA,NA,NA,NA,NA,NA,NA,NA,NA,NA,NA,NA,NA
1978,NA,NA,34850200.0,NA,NA,NA,NA,NA,NA,NA,NA,NA,NA,NA,NA,NA,NA,NA,NA,NA,NA,NA,NA,NA,NA,NA,NA,NA,NA,NA,NA,NA,NA,NA,NA,NA,NA,NA,NA,NA,NA,NA,NA,NA,NA,NA,NA,NA,NA,NA,NA,NA,NA,NA,NA,NA,NA,NA,NA,NA,NA,NA,NA,NA,NA,NA,NA,NA,NA,NA,NA,NA,NA,NA,NA,NA,NA,NA,NA,NA,NA,NA,NA,NA,NA,NA,NA,NA,NA,NA,NA,NA,NA,NA,NA,NA,NA,NA,NA,NA,NA,NA,NA,NA,NA,NA,NA,NA,NA,NA,NA,NA,NA,NA,NA,NA,NA,NA,NA,NA,NA,NA,NA,NA,NA,NA,NA,NA,NA,NA,NA,NA,NA,NA,NA,NA,NA,NA,NA,NA,NA,NA,NA,NA,NA,NA,NA,NA,NA,NA,NA,NA,NA,NA,NA,NA,NA,NA,NA,NA,NA,NA,NA,NA,NA,NA,NA,NA,NA,NA,NA,NA,NA,NA,NA,NA,NA,NA,NA,NA,NA,NA,NA,NA,NA,NA,NA,NA,NA,NA,NA,NA,NA,NA,NA,NA,NA,NA,NA,NA,NA,NA,NA,NA,NA,NA,NA,NA,NA,NA,NA,NA,NA,NA,NA,NA,NA,NA,NA,NA,NA,NA,NA,NA,NA,NA,NA,NA,NA,NA,NA,NA,NA,NA,NA,NA,NA,NA,NA,NA,NA,NA,NA,NA,NA,NA,NA,NA,NA,NA,NA,NA,NA,NA,NA,NA,NA,NA,NA,NA,NA,NA,NA,NA,NA,NA,NA,NA,NA,NA,NA,NA,NA,NA,NA,NA,NA,NA,NA,NA,NA,NA,NA,NA,NA,NA,NA,NA,NA,NA,NA,NA,NA,NA,NA,NA,NA,NA,NA,NA,NA,NA,NA,NA,NA,NA,NA,NA,NA
1979,NA,NA,35081000.0,NA,NA,NA,NA,NA,NA,NA,NA,NA,NA,NA,NA,NA,NA,NA,NA,NA,NA,NA,NA,NA,NA,NA,NA,NA,NA,NA,NA,NA,NA,NA,NA,NA,NA,NA,NA,NA,NA,NA,NA,NA,NA,NA,NA,NA,NA,NA,NA,NA,NA,NA,NA,NA,NA,NA,NA,NA,NA,NA,NA,NA,NA,NA,NA,NA,NA,NA,NA,NA,NA,NA,NA,NA,NA,NA,NA,NA,NA,NA,NA,NA,NA,NA,NA,NA,NA,NA,NA,NA,NA,NA,NA,NA,NA,NA,NA,NA,NA,NA,NA,NA,NA,NA,NA,NA,NA,NA,NA,NA,NA,NA,NA,NA,NA,NA,NA,NA,NA,NA,NA,NA,NA,NA,NA,NA,NA,NA,NA,NA,NA,NA,NA,NA,NA,NA,NA,NA,NA,NA,NA,NA,NA,NA,NA,NA,NA,NA,NA,NA,NA,NA,NA,NA,NA,NA,NA,NA,NA,NA,NA,NA,NA,NA,NA,NA,NA,NA,NA,NA,NA,NA,NA,NA,NA,NA,NA,NA,NA,NA,NA,NA,NA,NA,NA,NA,NA,NA,NA,NA,NA,NA,NA,NA,NA,NA,NA,NA,NA,NA,NA,NA,NA,NA,NA,NA,NA,NA,NA,NA,NA,NA,NA,NA,NA,NA,NA,NA,NA,NA,NA,NA,NA,NA,NA,NA,NA,NA,NA,NA,NA,NA,NA,NA,NA,NA,NA,NA,NA,NA,NA,NA,NA,NA,NA,NA,NA,NA,NA,NA,NA,NA,NA,NA,NA,NA,NA,NA,NA,NA,NA,NA,NA,NA,NA,NA,NA,NA,NA,NA,NA,NA,NA,NA,NA,NA,NA,NA,NA,NA,NA,NA,NA,NA,NA,NA,NA,NA,NA,NA,NA,NA,NA,NA,NA,NA,NA,NA,NA,NA,NA,NA,NA,NA,NA,NA,NA
1980,18159646.0,17253788.0,35413434.0,NA,NA,NA,314083.0,328071.0,642154.0,246053.0,256864.0,502917.0,246413.0,257773.0,504186.0,241788.0,252535.0,494323.0,245479.0,257360.0,502839.0,250330.0,262365.0,512695.0,257540.0,270309.0,527849.0,267943.0,282926.0,550869.0,270107.0,287432.0,557539.0,278853.0,296013.0,574866.0,298437.0,315677.0,614114.0,304984.0,319893.0,624877.0,308681.0,330896.0,639577.0,329787.0,346528.0,676315.0,335151.0,349800.0,684951.0,337860.0,349345.0,687205.0,341510.0,353875.0,695385.0,334259.0,344667.0,678926.0,332685.0,342296.0,674981.0,331617.0,341737.0,673354.0,324977.0,332940.0,657917.0,316023.0,325641.0,641664.0,316035.0,329584.0,645619.0,299051.0,304745.0,603796.0,296174.0,303148.0,599322.0,274216.0,278774.0,552990.0,252619.0,254687.0,507306.0,187536.0,187664.0,375200.0,184874.0,182753.0,367627.0,180382.0,179837.0,360219.0,180680.0,178913.0,359593.0,190513.0,189414.0,379927.0,204330.0,202163.0,406493.0,308976.0,322461.0,631437.0,209685.0,204328.0,414013.0,211126.0,206403.0,417529.0,211606.0,207720.0,419326.0,221828.0,214685.0,436513.0,218812.0,213791.0,432603.0,215264.0,209082.0,424346.0,213020.0,207166.0,420186.0,225343.0,217391.0,442734.0,225330.0,218638.0,443968.0,237427.0,227218.0,464645.0,294960.0,309738.0,604698.0,225050.0,213212.0,438262.0,226403.0,209378.0,435781.0,211570.0,189408.0,400978.0,216274.0,182350.0,398624.0,228397.0,188207.0,416604.0,211459.0,170481.0,381940.0,209666.0,169430.0,379096.0,201534.0,161797.0,363331.0,168957.0,138840.0,307797.0,168967.0,139683.0,308650.0,283455.0,295724.0,579179.0,150215.0,119533.0,269748.0,111049.0,84584.0,195633.0,103759.0,82181.0,185940.0,111587.0,84077.0,195664.0,122242.0,89366.0,211608.0,156874.0,112896.0,269770.0,153530.0,114262.0,267792.0,163331.0,116864.0,280195.0,145990.0,106845.0,252835.0,152469.0,109546.0,262015.0,277401.0,291194.0,568595.0,140938.0,101952.0,242890.0,137106.0,94024.0,231130.0,128932.0,89482.0,218414.0,122367.0,79858.0,202225.0,113344.0,70655.0,183999.0,105147.0,64409.0,169556.0,95204.0,56649.0,151853.0,92576.0,51904.0,144480.0,76980.0,42328.0,119308.0,81790.0,39372.0,121162.0,261739.0,273334.0,535073.0,54062.0,27832.0,81894.0,56678.0,25571.0,82249.0,42378.0,19929.0,62307.0,39408.0,16944.0,56352.0,32638.0,13721.0,46359.0,NA,NA,NA,NA,NA,NA,NA,NA,NA,NA,NA,NA,NA,NA,NA,256048.0,269419.0,525467.0,NA,NA,NA,NA,NA,NA,NA,NA,NA,NA,NA,NA,NA,NA,NA,NA,NA,NA,NA,NA,NA,NA,NA,NA,NA,NA,NA,NA,NA,NA,328340.0,347197.0,675537.0,119445.0,44104.0,163549.0
1981,NA,NA,35734865.0,NA,NA,NA,NA,NA,NA,NA,NA,NA,NA,NA,NA,NA,NA,NA,NA,NA,NA,NA,NA,NA,NA,NA,NA,NA,NA,NA,NA,NA,NA,NA,NA,NA,NA,NA,NA,NA,NA,NA,NA,NA,NA,NA,NA,NA,NA,NA,NA,NA,NA,NA,NA,NA,NA,NA,NA,NA,NA,NA,NA,NA,NA,NA,NA,NA,NA,NA,NA,NA,NA,NA,NA,NA,NA,NA,NA,NA,NA,NA,NA,NA,NA,NA,NA,NA,NA,NA,NA,NA,NA,NA,NA,NA,NA,NA,NA,NA,NA,NA,NA,NA,NA,NA,NA,NA,NA,NA,NA,NA,NA,NA,NA,NA,NA,NA,NA,NA,NA,NA,NA,NA,NA,NA,NA,NA,NA,NA,NA,NA,NA,NA,NA,NA,NA,NA,NA,NA,NA,NA,NA,NA,NA,NA,NA,NA,NA,NA,NA,NA,NA,NA,NA,NA,NA,NA,NA,NA,NA,NA,NA,NA,NA,NA,NA,NA,NA,NA,NA,NA,NA,NA,NA,NA,NA,NA,NA,NA,NA,NA,NA,NA,NA,NA,NA,NA,NA,NA,NA,NA,NA,NA,NA,NA,NA,NA,NA,NA,NA,NA,NA,NA,NA,NA,NA,NA,NA,NA,NA,NA,NA,NA,NA,NA,NA,NA,NA,NA,NA,NA,NA,NA,NA,NA,NA,NA,NA,NA,NA,NA,NA,NA,NA,NA,NA,NA,NA,NA,NA,NA,NA,NA,NA,NA,NA,NA,NA,NA,NA,NA,NA,NA,NA,NA,NA,NA,NA,NA,NA,NA,NA,NA,NA,NA,NA,NA,NA,NA,NA,NA,NA,NA,NA,NA,NA,NA,NA,NA,NA,NA,NA,NA,NA,NA,NA,NA,NA,NA,NA,NA,NA,NA,NA,NA,NA,NA,NA,NA,NA,NA,NA,NA,NA,NA,NA,NA,NA
1982,NA,NA,36062309.0,NA,NA,NA,NA,NA,NA,NA,NA,NA,NA,NA,NA,NA,NA,NA,NA,NA,NA,NA,NA,NA,NA,NA,NA,NA,NA,NA,NA,NA,NA,NA,NA,NA,NA,NA,NA,NA,NA,NA,NA,NA,NA,NA,NA,NA,NA,NA,NA,NA,NA,NA,NA,NA,NA,NA,NA,NA,NA,NA,NA,NA,NA,NA,NA,NA,NA,NA,NA,NA,NA,NA,NA,NA,NA,NA,NA,NA,NA,NA,NA,NA,NA,NA,NA,NA,NA,NA,NA,NA,NA,NA,NA,NA,NA,NA,NA,NA,NA,NA,NA,NA,NA,NA,NA,NA,NA,NA,NA,NA,NA,NA,NA,NA,NA,NA,NA,NA,NA,NA,NA,NA,NA,NA,NA,NA,NA,NA,NA,NA,NA,NA,NA,NA,NA,NA,NA,NA,NA,NA,NA,NA,NA,NA,NA,NA,NA,NA,NA,NA,NA,NA,NA,NA,NA,NA,NA,NA,NA,NA,NA,NA,NA,NA,NA,NA,NA,NA,NA,NA,NA,NA,NA,NA,NA,NA,NA,NA,NA,NA,NA,NA,NA,NA,NA,NA,NA,NA,NA,NA,NA,NA,NA,NA,NA,NA,NA,NA,NA,NA,NA,NA,NA,NA,NA,NA,NA,NA,NA,NA,NA,NA,NA,NA,NA,NA,NA,NA,NA,NA,NA,NA,NA,NA,NA,NA,NA,NA,NA,NA,NA,NA,NA,NA,NA,NA,NA,NA,NA,NA,NA,NA,NA,NA,NA,NA,NA,NA,NA,NA,NA,NA,NA,NA,NA,NA,NA,NA,NA,NA,NA,NA,NA,NA,NA,NA,NA,NA,NA,NA,NA,NA,NA,NA,NA,NA,NA,NA,NA,NA,NA,NA,NA,NA,NA,NA,NA,NA,NA,NA,NA,NA,NA,NA,NA,NA,NA,NA,NA,NA,NA,NA,NA,NA,NA,NA,NA
1983,NA,NA,36398652.0,NA,NA,NA,NA,NA,NA,NA,NA,NA,NA,NA,NA,NA,NA,NA,NA,NA,NA,NA,NA,NA,NA,NA,NA,NA,NA,NA,NA,NA,NA,NA,NA,NA,NA,NA,NA,NA,NA,NA,NA,NA,NA,NA,NA,NA,NA,NA,NA,NA,NA,NA,NA,NA,NA,NA,NA,NA,NA,NA,NA,NA,NA,NA,NA,NA,NA,NA,NA,NA,NA,NA,NA,NA,NA,NA,NA,NA,NA,NA,NA,NA,NA,NA,NA,NA,NA,NA,NA,NA,NA,NA,NA,NA,NA,NA,NA,NA,NA,NA,NA,NA,NA,NA,NA,NA,NA,NA,NA,NA,NA,NA,NA,NA,NA,NA,NA,NA,NA,NA,NA,NA,NA,NA,NA,NA,NA,NA,NA,NA,NA,NA,NA,NA,NA,NA,NA,NA,NA,NA,NA,NA,NA,NA,NA,NA,NA,NA,NA,NA,NA,NA,NA,NA,NA,NA,NA,NA,NA,NA,NA,NA,NA,NA,NA,NA,NA,NA,NA,NA,NA,NA,NA,NA,NA,NA,NA,NA,NA,NA,NA,NA,NA,NA,NA,NA,NA,NA,NA,NA,NA,NA,NA,NA,NA,NA,NA,NA,NA,NA,NA,NA,NA,NA,NA,NA,NA,NA,NA,NA,NA,NA,NA,NA,NA,NA,NA,NA,NA,NA,NA,NA,NA,NA,NA,NA,NA,NA,NA,NA,NA,NA,NA,NA,NA,NA,NA,NA,NA,NA,NA,NA,NA,NA,NA,NA,NA,NA,NA,NA,NA,NA,NA,NA,NA,NA,NA,NA,NA,NA,NA,NA,NA,NA,NA,NA,NA,NA,NA,NA,NA,NA,NA,NA,NA,NA,NA,NA,NA,NA,NA,NA,NA,NA,NA,NA,NA,NA,NA,NA,NA,NA,NA,NA,NA,NA,NA,NA,NA,NA,NA,NA,NA,NA,NA,NA,NA
1984,NA,NA,36744964.0,NA,NA,NA,NA,NA,NA,NA,NA,NA,NA,NA,NA,NA,NA,NA,NA,NA,NA,NA,NA,NA,NA,NA,NA,NA,NA,NA,NA,NA,NA,NA,NA,NA,NA,NA,NA,NA,NA,NA,NA,NA,NA,NA,NA,NA,NA,NA,NA,NA,NA,NA,NA,NA,NA,NA,NA,NA,NA,NA,NA,NA,NA,NA,NA,NA,NA,NA,NA,NA,NA,NA,NA,NA,NA,NA,NA,NA,NA,NA,NA,NA,NA,NA,NA,NA,NA,NA,NA,NA,NA,NA,NA,NA,NA,NA,NA,NA,NA,NA,NA,NA,NA,NA,NA,NA,NA,NA,NA,NA,NA,NA,NA,NA,NA,NA,NA,NA,NA,NA,NA,NA,NA,NA,NA,NA,NA,NA,NA,NA,NA,NA,NA,NA,NA,NA,NA,NA,NA,NA,NA,NA,NA,NA,NA,NA,NA,NA,NA,NA,NA,NA,NA,NA,NA,NA,NA,NA,NA,NA,NA,NA,NA,NA,NA,NA,NA,NA,NA,NA,NA,NA,NA,NA,NA,NA,NA,NA,NA,NA,NA,NA,NA,NA,NA,NA,NA,NA,NA,NA,NA,NA,NA,NA,NA,NA,NA,NA,NA,NA,NA,NA,NA,NA,NA,NA,NA,NA,NA,NA,NA,NA,NA,NA,NA,NA,NA,NA,NA,NA,NA,NA,NA,NA,NA,NA,NA,NA,NA,NA,NA,NA,NA,NA,NA,NA,NA,NA,NA,NA,NA,NA,NA,NA,NA,NA,NA,NA,NA,NA,NA,NA,NA,NA,NA,NA,NA,NA,NA,NA,NA,NA,NA,NA,NA,NA,NA,NA,NA,NA,NA,NA,NA,NA,NA,NA,NA,NA,NA,NA,NA,NA,NA,NA,NA,NA,NA,NA,NA,NA,NA,NA,NA,NA,NA,NA,NA,NA,NA,NA,NA,NA,NA,NA,NA,NA,NA
1985,18989503.0,18073800.0,37063303.0,NA,NA,NA,344853.0,362364.0,707217.0,293733.0,308156.0,601889.0,282304.0,294309.0,576613.0,276336.0,289769.0,566105.0,260695.0,272069.0,532764.0,255063.0,268048.0,523111.0,245025.0,255559.0,500584.0,245351.0,256435.0,501786.0,240712.0,250986.0,491698.0,244272.0,255636.0,499908.0,249072.0,260337.0,509409.0,334358.0,352453.0,686811.0,256114.0,268069.0,524183.0,266458.0,280184.0,546642.0,268445.0,284544.0,552989.0,276972.0,292812.0,569784.0,296348.0,311976.0,608324.0,306345.0,327007.0,633352.0,327220.0,342328.0,669548.0,332435.0,345334.0,677769.0,335091.0,344832.0,679923.0,338538.0,349168.0,687706.0,323151.0,339475.0,662626.0,331433.0,339918.0,671351.0,329886.0,337295.0,667181.0,328695.0,336755.0,665450.0,322039.0,327801.0,649840.0,313145.0,320557.0,633702.0,296390.0,299796.0,596186.0,293549.0,298221.0,591770.0,271669.0,274024.0,545693.0,250354.0,250088.0,500442.0,185635.0,183849.0,369484.0,329914.0,345304.0,675218.0,182766.0,178873.0,361639.0,178217.0,175418.0,353635.0,178540.0,174427.0,352967.0,187810.0,184193.0,372003.0,201583.0,196079.0,397662.0,206550.0,197985.0,404535.0,207837.0,199359.0,407196.0,208114.0,200232.0,408346.0,217928.0,206491.0,424419.0,214737.0,204748.0,419485.0,325950.0,344241.0,670191.0,210898.0,199679.0,410577.0,208564.0,197420.0,405984.0,219912.0,206051.0,425963.0,219787.0,206327.0,426114.0,231127.0,213254.0,444381.0,218517.0,198905.0,417422.0,219443.0,194780.0,414223.0,204580.0,175002.0,379582.0,208342.0,167498.0,375840.0,219448.0,171521.0,390969.0,312715.0,326377.0,639092.0,202626.0,154548.0,357174.0,199938.0,152432.0,352370.0,191346.0,144486.0,335832.0,159514.0,122934.0,282448.0,158860.0,122473.0,281333.0,139879.0,103063.0,242942.0,103104.0,72724.0,175828.0,95685.0,69959.0,165644.0,102431.0,70757.0,173188.0,111226.0,73948.0,185174.0,303541.0,317968.0,621509.0,141179.0,92225.0,233404.0,136573.0,91276.0,227849.0,143205.0,91060.0,234265.0,125934.0,81207.0,207141.0,129292.0,81386.0,210678.0,116793.0,73190.0,189983.0,111327.0,65302.0,176629.0,101530.0,60420.0,161950.0,93751.0,51377.0,145128.0,85313.0,44465.0,129778.0,314567.0,327808.0,642375.0,75736.0,38404.0,114140.0,65923.0,32019.0,97942.0,61504.0,27816.0,89320.0,47350.0,21294.0,68644.0,50575.0,19450.0,70025.0,NA,NA,NA,NA,NA,NA,NA,NA,NA,NA,NA,NA,NA,NA,NA,307644.0,320840.0,628484.0,NA,NA,NA,NA,NA,NA,NA,NA,NA,NA,NA,NA,NA,NA,NA,NA,NA,NA,NA,NA,NA,NA,NA,NA,NA,NA,NA,NA,NA,NA,334491.0,353267.0,687758.0,143701.0,51384.0,195085.0
1986,NA,NA,37340467.0,NA,NA,NA,NA,NA,NA,NA,NA,NA,NA,NA,NA,NA,NA,NA,NA,NA,NA,NA,NA,NA,NA,NA,NA,NA,NA,NA,NA,NA,NA,NA,NA,NA,NA,NA,NA,NA,NA,NA,NA,NA,NA,NA,NA,NA,NA,NA,NA,NA,NA,NA,NA,NA,NA,NA,NA,NA,NA,NA,NA,NA,NA,NA,NA,NA,NA,NA,NA,NA,NA,NA,NA,NA,NA,NA,NA,NA,NA,NA,NA,NA,NA,NA,NA,NA,NA,NA,NA,NA,NA,NA,NA,NA,NA,NA,NA,NA,NA,NA,NA,NA,NA,NA,NA,NA,NA,NA,NA,NA,NA,NA,NA,NA,NA,NA,NA,NA,NA,NA,NA,NA,NA,NA,NA,NA,NA,NA,NA,NA,NA,NA,NA,NA,NA,NA,NA,NA,NA,NA,NA,NA,NA,NA,NA,NA,NA,NA,NA,NA,NA,NA,NA,NA,NA,NA,NA,NA,NA,NA,NA,NA,NA,NA,NA,NA,NA,NA,NA,NA,NA,NA,NA,NA,NA,NA,NA,NA,NA,NA,NA,NA,NA,NA,NA,NA,NA,NA,NA,NA,NA,NA,NA,NA,NA,NA,NA,NA,NA,NA,NA,NA,NA,NA,NA,NA,NA,NA,NA,NA,NA,NA,NA,NA,NA,NA,NA,NA,NA,NA,NA,NA,NA,NA,NA,NA,NA,NA,NA,NA,NA,NA,NA,NA,NA,NA,NA,NA,NA,NA,NA,NA,NA,NA,NA,NA,NA,NA,NA,NA,NA,NA,NA,NA,NA,NA,NA,NA,NA,NA,NA,NA,NA,NA,NA,NA,NA,NA,NA,NA,NA,NA,NA,NA,NA,NA,NA,NA,NA,NA,NA,NA,NA,NA,NA,NA,NA,NA,NA,NA,NA,NA,NA,NA,NA,NA,NA,NA,NA,NA,NA,NA,NA,NA,NA,NA,NA
1987,NA,NA,37571771.0,NA,NA,NA,NA,NA,NA,NA,NA,NA,NA,NA,NA,NA,NA,NA,NA,NA,NA,NA,NA,NA,NA,NA,NA,NA,NA,NA,NA,NA,NA,NA,NA,NA,NA,NA,NA,NA,NA,NA,NA,NA,NA,NA,NA,NA,NA,NA,NA,NA,NA,NA,NA,NA,NA,NA,NA,NA,NA,NA,NA,NA,NA,NA,NA,NA,NA,NA,NA,NA,NA,NA,NA,NA,NA,NA,NA,NA,NA,NA,NA,NA,NA,NA,NA,NA,NA,NA,NA,NA,NA,NA,NA,NA,NA,NA,NA,NA,NA,NA,NA,NA,NA,NA,NA,NA,NA,NA,NA,NA,NA,NA,NA,NA,NA,NA,NA,NA,NA,NA,NA,NA,NA,NA,NA,NA,NA,NA,NA,NA,NA,NA,NA,NA,NA,NA,NA,NA,NA,NA,NA,NA,NA,NA,NA,NA,NA,NA,NA,NA,NA,NA,NA,NA,NA,NA,NA,NA,NA,NA,NA,NA,NA,NA,NA,NA,NA,NA,NA,NA,NA,NA,NA,NA,NA,NA,NA,NA,NA,NA,NA,NA,NA,NA,NA,NA,NA,NA,NA,NA,NA,NA,NA,NA,NA,NA,NA,NA,NA,NA,NA,NA,NA,NA,NA,NA,NA,NA,NA,NA,NA,NA,NA,NA,NA,NA,NA,NA,NA,NA,NA,NA,NA,NA,NA,NA,NA,NA,NA,NA,NA,NA,NA,NA,NA,NA,NA,NA,NA,NA,NA,NA,NA,NA,NA,NA,NA,NA,NA,NA,NA,NA,NA,NA,NA,NA,NA,NA,NA,NA,NA,NA,NA,NA,NA,NA,NA,NA,NA,NA,NA,NA,NA,NA,NA,NA,NA,NA,NA,NA,NA,NA,NA,NA,NA,NA,NA,NA,NA,NA,NA,NA,NA,NA,NA,NA,NA,NA,NA,NA,NA,NA,NA,NA,NA,NA,NA
1988,NA,NA,37764318.0,NA,NA,NA,NA,NA,NA,NA,NA,NA,NA,NA,NA,NA,NA,NA,NA,NA,NA,NA,NA,NA,NA,NA,NA,NA,NA,NA,NA,NA,NA,NA,NA,NA,NA,NA,NA,NA,NA,NA,NA,NA,NA,NA,NA,NA,NA,NA,NA,NA,NA,NA,NA,NA,NA,NA,NA,NA,NA,NA,NA,NA,NA,NA,NA,NA,NA,NA,NA,NA,NA,NA,NA,NA,NA,NA,NA,NA,NA,NA,NA,NA,NA,NA,NA,NA,NA,NA,NA,NA,NA,NA,NA,NA,NA,NA,NA,NA,NA,NA,NA,NA,NA,NA,NA,NA,NA,NA,NA,NA,NA,NA,NA,NA,NA,NA,NA,NA,NA,NA,NA,NA,NA,NA,NA,NA,NA,NA,NA,NA,NA,NA,NA,NA,NA,NA,NA,NA,NA,NA,NA,NA,NA,NA,NA,NA,NA,NA,NA,NA,NA,NA,NA,NA,NA,NA,NA,NA,NA,NA,NA,NA,NA,NA,NA,NA,NA,NA,NA,NA,NA,NA,NA,NA,NA,NA,NA,NA,NA,NA,NA,NA,NA,NA,NA,NA,NA,NA,NA,NA,NA,NA,NA,NA,NA,NA,NA,NA,NA,NA,NA,NA,NA,NA,NA,NA,NA,NA,NA,NA,NA,NA,NA,NA,NA,NA,NA,NA,NA,NA,NA,NA,NA,NA,NA,NA,NA,NA,NA,NA,NA,NA,NA,NA,NA,NA,NA,NA,NA,NA,NA,NA,NA,NA,NA,NA,NA,NA,NA,NA,NA,NA,NA,NA,NA,NA,NA,NA,NA,NA,NA,NA,NA,NA,NA,NA,NA,NA,NA,NA,NA,NA,NA,NA,NA,NA,NA,NA,NA,NA,NA,NA,NA,NA,NA,NA,NA,NA,NA,NA,NA,NA,NA,NA,NA,NA,NA,NA,NA,NA,NA,NA,NA,NA,NA,NA,NA
1989,NA,NA,37884655.0,NA,NA,NA,NA,NA,NA,NA,NA,NA,NA,NA,NA,NA,NA,NA,NA,NA,NA,NA,NA,NA,NA,NA,NA,NA,NA,NA,NA,NA,NA,NA,NA,NA,NA,NA,NA,NA,NA,NA,NA,NA,NA,NA,NA,NA,NA,NA,NA,NA,NA,NA,NA,NA,NA,NA,NA,NA,NA,NA,NA,NA,NA,NA,NA,NA,NA,NA,NA,NA,NA,NA,NA,NA,NA,NA,NA,NA,NA,NA,NA,NA,NA,NA,NA,NA,NA,NA,NA,NA,NA,NA,NA,NA,NA,NA,NA,NA,NA,NA,NA,NA,NA,NA,NA,NA,NA,NA,NA,NA,NA,NA,NA,NA,NA,NA,NA,NA,NA,NA,NA,NA,NA,NA,NA,NA,NA,NA,NA,NA,NA,NA,NA,NA,NA,NA,NA,NA,NA,NA,NA,NA,NA,NA,NA,NA,NA,NA,NA,NA,NA,NA,NA,NA,NA,NA,NA,NA,NA,NA,NA,NA,NA,NA,NA,NA,NA,NA,NA,NA,NA,NA,NA,NA,NA,NA,NA,NA,NA,NA,NA,NA,NA,NA,NA,NA,NA,NA,NA,NA,NA,NA,NA,NA,NA,NA,NA,NA,NA,NA,NA,NA,NA,NA,NA,NA,NA,NA,NA,NA,NA,NA,NA,NA,NA,NA,NA,NA,NA,NA,NA,NA,NA,NA,NA,NA,NA,NA,NA,NA,NA,NA,NA,NA,NA,NA,NA,NA,NA,NA,NA,NA,NA,NA,NA,NA,NA,NA,NA,NA,NA,NA,NA,NA,NA,NA,NA,NA,NA,NA,NA,NA,NA,NA,NA,NA,NA,NA,NA,NA,NA,NA,NA,NA,NA,NA,NA,NA,NA,NA,NA,NA,NA,NA,NA,NA,NA,NA,NA,NA,NA,NA,NA,NA,NA,NA,NA,NA,NA,NA,NA,NA,NA,NA,NA,NA,NA
1990,19497908.0,18540495.0,38038403.0,NA,NA,NA,281891.0,296251.0,578142.0,321863.0,337649.0,659512.0,316778.0,331080.0,647858.0,309730.0,325254.0,634984.0,314692.0,329013.0,643705.0,305303.0,318311.0,623614.0,292518.0,307511.0,600029.0,281044.0,292728.0,573772.0,275156.0,288178.0,563334.0,263622.0,276302.0,539924.0,254744.0,267399.0,522143.0,288794.0,305024.0,593818.0,240018.0,254404.0,494422.0,239949.0,253550.0,493499.0,235405.0,247633.0,483038.0,239264.0,248694.0,487958.0,245111.0,253393.0,498504.0,252984.0,262164.0,515148.0,259481.0,267268.0,526749.0,263887.0,272709.0,536596.0,271985.0,280646.0,552631.0,295905.0,302928.0,598833.0,304155.0,317379.0,621534.0,308440.0,316646.0,625086.0,327366.0,335937.0,663303.0,332035.0,340569.0,672604.0,332708.0,338781.0,671489.0,335777.0,342663.0,678440.0,326536.0,330590.0,657126.0,326389.0,329460.0,655849.0,323893.0,326474.0,650367.0,317871.0,317970.0,635841.0,309985.0,312122.0,622107.0,324423.0,337589.0,662012.0,292063.0,291389.0,583452.0,288656.0,288219.0,576875.0,268102.0,266613.0,534715.0,246582.0,242599.0,489181.0,185016.0,178971.0,363987.0,179988.0,173523.0,353511.0,174478.0,168778.0,343256.0,174717.0,166957.0,341674.0,183147.0,175933.0,359080.0,197584.0,187350.0,384934.0,334039.0,350091.0,684130.0,202278.0,189600.0,391878.0,202036.0,187445.0,389481.0,202871.0,189356.0,392227.0,210673.0,193090.0,403763.0,208819.0,191221.0,400040.0,203531.0,184764.0,388295.0,202251.0,183547.0,385798.0,212747.0,189737.0,402484.0,211752.0,189303.0,401055.0,223040.0,194057.0,417097.0,343758.0,357850.0,701608.0,208144.0,178695.0,386839.0,209396.0,174135.0,383531.0,193449.0,155222.0,348671.0,197037.0,147721.0,344758.0,205012.0,149434.0,354446.0,188116.0,132967.0,321083.0,185013.0,130827.0,315840.0,174873.0,122282.0,297155.0,146554.0,102972.0,249526.0,144189.0,101561.0,245750.0,334708.0,350418.0,685126.0,123810.0,83390.0,207200.0,90468.0,57701.0,148169.0,82717.0,54357.0,137074.0,87319.0,53874.0,141193.0,92894.0,54727.0,147621.0,114670.0,66693.0,181363.0,109363.0,63765.0,173128.0,111178.0,61439.0,172617.0,96582.0,52728.0,149310.0,94954.0,50801.0,145755.0,319942.0,334257.0,654199.0,82041.0,43171.0,125212.0,74480.0,36944.0,111424.0,65889.0,32381.0,98270.0,58547.0,26272.0,84819.0,49541.0,21217.0,70758.0,42244.0,17485.0,59729.0,34388.0,13442.0,47830.0,29946.0,11121.0,41067.0,22310.0,7963.0,30273.0,20139.0,6620.0,26759.0,327971.0,340752.0,668723.0,10712.0,3527.0,14239.0,9657.0,2906.0,12563.0,6366.0,2004.0,8370.0,4942.0,1429.0,6371.0,3360.0,975.0,4335.0,NA,NA,NA,NA,NA,NA,NA,NA,NA,NA,NA,NA,NA,NA,NA,268965.0,284990.0,553955.0,8192.0,2668.0,10860.0
1991,19577208.0,18605952.0,38183160.0,NA,NA,NA,268966.0,284890.0,553856.0,327796.0,340549.0,668345.0,321707.0,337448.0,659155.0,316626.0,330895.0,647521.0,309591.0,325042.0,634633.0,314518.0,328794.0,643312.0,305116.0,318047.0,623163.0,292341.0,307219.0,599560.0,280892.0,292364.0,573256.0,274954.0,287646.0,562600.0,263445.0,275800.0,539245.0,281690.0,295980.0,577670.0,254605.0,266874.0,521479.0,239837.0,253886.0,493723.0,239779.0,253030.0,492809.0,235171.0,247114.0,482285.0,239040.0,248216.0,487256.0,244858.0,252822.0,497680.0,252692.0,261617.0,514309.0,259197.0,266734.0,525931.0,263560.0,272155.0,535715.0,271628.0,279977.0,551605.0,288643.0,304850.0,593493.0,295577.0,302172.0,597749.0,308041.0,315747.0,623788.0,326968.0,334946.0,661914.0,331540.0,339523.0,671063.0,332252.0,337661.0,669913.0,335231.0,341392.0,676623.0,325997.0,329391.0,655388.0,325820.0,328104.0,653924.0,323299.0,325081.0,648380.0,317219.0,316391.0,633610.0,304045.0,317195.0,621240.0,309292.0,310455.0,619747.0,291405.0,289867.0,581272.0,287891.0,286462.0,574353.0,267399.0,264918.0,532317.0,245855.0,240831.0,486686.0,184489.0,177567.0,362056.0,179403.0,172023.0,351426.0,173862.0,167169.0,341031.0,174115.0,165312.0,339427.0,182355.0,174055.0,356410.0,324276.0,337412.0,661688.0,196739.0,185186.0,381925.0,201377.0,187282.0,388659.0,201042.0,184922.0,385964.0,201755.0,186466.0,388221.0,209501.0,190026.0,399527.0,207455.0,187831.0,395286.0,202167.0,181318.0,383485.0,200688.0,179886.0,380574.0,210959.0,185629.0,396588.0,209806.0,184900.0,394706.0,333919.0,349879.0,683798.0,220700.0,189112.0,409812.0,205813.0,173768.0,379581.0,206855.0,168968.0,375823.0,190908.0,150415.0,341323.0,194212.0,142829.0,337041.0,201625.0,144017.0,345642.0,184846.0,127903.0,312749.0,181346.0,125480.0,306826.0,171110.0,116864.0,287974.0,143054.0,98047.0,241101.0,343598.0,357655.0,701253.0,140231.0,96422.0,236653.0,120115.0,78777.0,198892.0,87587.0,54366.0,141953.0,79699.0,50890.0,130589.0,83854.0,50258.0,134112.0,88841.0,50623.0,139464.0,108963.0,61287.0,170250.0,103282.0,58156.0,161438.0,104521.0,55636.0,160157.0,90090.0,47318.0,137408.0,334582.0,350220.0,684802.0,87893.0,45090.0,132983.0,74804.0,37772.0,112576.0,67459.0,32094.0,99553.0,58650.0,27662.0,86312.0,51767.0,22144.0,73911.0,43420.0,17774.0,61194.0,36407.0,14364.0,50771.0,29132.0,10887.0,40019.0,24969.0,8864.0,33833.0,18207.0,6276.0,24483.0,319789.0,334002.0,653791.0,16465.0,5096.0,21561.0,7972.0,2573.0,10545.0,7302.0,2135.0,9437.0,4585.0,1419.0,6004.0,3567.0,980.0,4547.0,NA,NA,NA,NA,NA,NA,NA,NA,NA,NA,NA,NA,NA,NA,NA,262032.0,276144.0,538176.0,8565.0,2717.0,11282.0
1992,19647898.0,18661328.0,38309226.0,NA,NA,NA,261457.0,275429.0,536886.0,319561.0,333728.0,653289.0,327582.0,340302.0,667884.0,321502.0,337150.0,658652.0,316414.0,330632.0,647046.0,309395.0,324776.0,634171.0,314312.0,328451.0,642763.0,304897.0,317718.0,622615.0,292111.0,306874.0,598985.0,280675.0,291846.0,572521.0,274704.0,287015.0,561719.0,268774.0,284652.0,553426.0,263177.0,275207.0,538384.0,254351.0,266182.0,520533.0,239548.0,253248.0,492796.0,239491.0,252446.0,491937.0,234818.0,246527.0,481345.0,238722.0,247633.0,486355.0,244508.0,252182.0,496690.0,252329.0,260940.0,513269.0,258807.0,266024.0,524831.0,263176.0,271421.0,534597.0,281504.0,295745.0,577249.0,271202.0,279182.0,550384.0,295159.0,301268.0,596427.0,307600.0,314732.0,622332.0,326486.0,333882.0,660368.0,331018.0,338337.0,669355.0,331687.0,336402.0,668089.0,334623.0,339968.0,674591.0,325356.0,327968.0,653324.0,325164.0,326547.0,651711.0,322611.0,323377.0,645988.0,288419.0,304601.0,593020.0,316487.0,314649.0,631136.0,308585.0,308699.0,617284.0,290672.0,287925.0,578597.0,287092.0,284403.0,571495.0,266611.0,262924.0,529535.0,245050.0,238803.0,483853.0,183895.0,175998.0,359893.0,178742.0,170304.0,349046.0,173152.0,165440.0,338592.0,173384.0,163479.0,336863.0,303813.0,316932.0,620745.0,181521.0,171800.0,353321.0,195787.0,182654.0,378441.0,200389.0,184618.0,385007.0,199915.0,181968.0,381883.0,200589.0,183352.0,383941.0,208178.0,186657.0,394835.0,205833.0,184176.0,390009.0,200593.0,177480.0,378073.0,199035.0,175891.0,374926.0,209130.0,181113.0,390243.0,324046.0,337183.0,661229.0,207757.0,180028.0,387785.0,218271.0,183765.0,402036.0,203218.0,168431.0,371649.0,204122.0,163580.0,367702.0,188160.0,145194.0,333354.0,191106.0,137582.0,328688.0,198076.0,138279.0,336355.0,181069.0,122454.0,303523.0,177378.0,119893.0,297271.0,166917.0,111288.0,278205.0,333694.0,349621.0,683315.0,139212.0,93124.0,232336.0,136122.0,91184.0,227306.0,116045.0,74010.0,190055.0,84495.0,50829.0,135324.0,76444.0,47279.0,123723.0,80149.0,46533.0,126682.0,84324.0,46518.0,130842.0,103004.0,55928.0,158932.0,96901.0,52468.0,149369.0,97470.0,49981.0,147451.0,343366.0,357389.0,700755.0,82866.0,41939.0,124805.0,80641.0,39601.0,120242.0,67184.0,32601.0,99785.0,59965.0,27431.0,87396.0,51387.0,23252.0,74639.0,45051.0,18397.0,63448.0,37454.0,14576.0,52030.0,30703.0,11623.0,42326.0,24128.0,8622.0,32750.0,20462.0,6947.0,27409.0,334353.0,349968.0,684321.0,14415.0,4826.0,19241.0,13153.0,3842.0,16995.0,5529.0,1706.0,7235.0,5350.0,1495.0,6845.0,3136.0,929.0,4065.0,NA,NA,NA,NA,NA,NA,NA,NA,NA,NA,NA,NA,NA,NA,NA,262276.0,276587.0,538863.0,8906.0,2788.0,11694.0
1993,19710130.0,18707978.0,38418108.0,NA,NA,NA,261727.0,275917.0,537644.0,334151.0,349707.0,683858.0,319412.0,333493.0,652905.0,327368.0,340028.0,667396.0,321273.0,336873.0,658146.0,316222.0,330391.0,646613.0,309186.0,324490.0,633676.0,314125.0,328093.0,642218.0,304671.0,317284.0,621955.0,291893.0,306294.0,598187.0,280432.0,291237.0,571669.0,261275.0,275230.0,536505.0,274460.0,286436.0,560896.0,262925.0,274606.0,537531.0,254080.0,265567.0,519647.0,239269.0,252659.0,491928.0,239218.0,251908.0,491126.0,234562.0,245981.0,480543.0,238453.0,247069.0,485522.0,244263.0,251636.0,495899.0,252024.0,260299.0,512323.0,258494.0,265434.0,523928.0,268616.0,284452.0,553068.0,262874.0,270724.0,533598.0,270913.0,278452.0,549365.0,294823.0,300525.0,595348.0,307220.0,313734.0,620954.0,326069.0,332842.0,658911.0,330532.0,337149.0,667681.0,331206.0,335105.0,666311.0,334143.0,338685.0,672828.0,324782.0,326617.0,651399.0,324583.0,325025.0,649608.0,281345.0,295537.0,576882.0,321972.0,321563.0,643535.0,315746.0,312834.0,628580.0,307841.0,306826.0,614667.0,289963.0,285984.0,575947.0,286263.0,282343.0,568606.0,265804.0,260843.0,526647.0,244276.0,236783.0,481059.0,183264.0,174416.0,357680.0,178095.0,168557.0,346652.0,172452.0,163692.0,336144.0,288231.0,304389.0,592620.0,172653.0,161554.0,334207.0,180692.0,169560.0,350252.0,194815.0,180127.0,374942.0,199322.0,181995.0,381317.0,198818.0,179072.0,377890.0,199392.0,180135.0,379527.0,206784.0,183235.0,390019.0,204375.0,180499.0,384874.0,199037.0,173650.0,372687.0,197325.0,171709.0,369034.0,303643.0,316680.0,620323.0,207115.0,176630.0,383745.0,205559.0,175292.0,380851.0,215651.0,178445.0,394096.0,200554.0,163164.0,363718.0,201325.0,158275.0,359600.0,185289.0,140003.0,325292.0,187783.0,132419.0,320202.0,194474.0,132691.0,327165.0,177263.0,116966.0,294229.0,173330.0,114217.0,287547.0,323846.0,336980.0,660826.0,162668.0,105612.0,268280.0,135217.0,88138.0,223355.0,131769.0,85879.0,217648.0,111784.0,69412.0,181196.0,81276.0,47479.0,128755.0,73156.0,43790.0,116946.0,76221.0,42961.0,119182.0,79782.0,42593.0,122375.0,96868.0,50992.0,147860.0,90372.0,47130.0,137502.0,333471.0,349363.0,682834.0,90308.0,44596.0,134904.0,75786.0,37002.0,112788.0,73343.0,34635.0,107978.0,59915.0,27958.0,87873.0,53085.0,23291.0,76376.0,44617.0,19195.0,63812.0,38755.0,15302.0,54057.0,31933.0,11983.0,43916.0,25636.0,9370.0,35006.0,19745.0,6709.0,26454.0,343171.0,357119.0,700290.0,16346.0,5314.0,21660.0,11231.0,3696.0,14927.0,10469.0,2921.0,13390.0,3583.0,1107.0,4690.0,3904.0,1035.0,4939.0,NA,NA,NA,NA,NA,NA,NA,NA,NA,NA,NA,NA,NA,NA,NA,247479.0,259678.0,507157.0,8699.0,2711.0,11410.0
1994,19758399.0,18746308.0,38504707.0,NA,NA,NA,247017.0,259114.0,506131.0,342981.0,356854.0,699835.0,333933.0,349443.0,683376.0,319198.0,333224.0,652422.0,327166.0,339785.0,666951.0,321061.0,336597.0,657658.0,316019.0,330082.0,646101.0,308931.0,324139.0,633070.0,313897.0,327641.0,641538.0,304432.0,316696.0,621128.0,291587.0,305642.0,597229.0,261584.0,275717.0,537301.0,280155.0,290558.0,570713.0,274170.0,285884.0,560054.0,262672.0,273992.0,536664.0,253823.0,265014.0,518837.0,239002.0,252180.0,491182.0,238966.0,251396.0,490362.0,234294.0,245503.0,479797.0,238188.0,246561.0,484749.0,243990.0,251081.0,495071.0,251743.0,259775.0,511518.0,261181.0,275075.0,536256.0,258203.0,264812.0,523015.0,262569.0,270041.0,532610.0,270576.0,277735.0,548311.0,294478.0,299723.0,594201.0,306782.0,312787.0,619569.0,325591.0,331794.0,657385.0,330021.0,335966.0,665987.0,330661.0,333851.0,664512.0,333617.0,337291.0,670908.0,324193.0,325141.0,649334.0,268517.0,284286.0,552803.0,323955.0,323426.0,647381.0,321303.0,319871.0,641174.0,314983.0,311048.0,626031.0,307054.0,304912.0,611966.0,289187.0,284002.0,573189.0,285504.0,280310.0,565814.0,264953.0,258862.0,523815.0,243498.0,234787.0,478285.0,182588.0,172854.0,355442.0,177414.0,166918.0,344332.0,281215.0,295346.0,576561.0,171698.0,161835.0,333533.0,171900.0,159651.0,331551.0,179792.0,167347.0,347139.0,193766.0,177498.0,371264.0,198248.0,179298.0,377546.0,197658.0,176079.0,373737.0,198062.0,176858.0,374920.0,205259.0,179757.0,385016.0,202800.0,176645.0,379445.0,197374.0,169748.0,367122.0,288083.0,304191.0,592274.0,195374.0,167438.0,362812.0,205008.0,172033.0,377041.0,203231.0,170232.0,373463.0,212981.0,173153.0,386134.0,197794.0,157821.0,355615.0,198389.0,152784.0,351173.0,182109.0,134644.0,316753.0,184297.0,126822.0,311119.0,190388.0,127085.0,317473.0,173108.0,111456.0,284564.0,303460.0,316468.0,619928.0,168897.0,108430.0,277327.0,157992.0,99925.0,257917.0,131044.0,82997.0,214041.0,127217.0,80628.0,207845.0,107193.0,64737.0,171930.0,77768.0,44136.0,121904.0,69523.0,40393.0,109916.0,72134.0,39328.0,111462.0,74991.0,38587.0,113578.0,90467.0,45980.0,136447.0,323636.0,336736.0,660372.0,83603.0,41960.0,125563.0,82873.0,39349.0,122222.0,68527.0,32220.0,100747.0,65894.0,29892.0,95786.0,52482.0,23614.0,76096.0,46172.0,19406.0,65578.0,37993.0,15791.0,53784.0,32593.0,12354.0,44947.0,26601.0,9564.0,36165.0,20898.0,7334.0,28232.0,333264.0,349128.0,682392.0,15644.0,5117.0,20761.0,12790.0,4021.0,16811.0,8357.0,2775.0,11132.0,8163.0,2168.0,10331.0,1964.0,680.0,2644.0,NA,NA,NA,NA,NA,NA,NA,NA,NA,NA,NA,NA,NA,NA,NA,237292.0,249825.0,487117.0,8796.0,2674.0,11470.0
1995,19802557.0,18778040.0,38580597.0,NA,NA,NA,236843.0,249292.0,486135.0,333064.0,348859.0,681923.0,342790.0,356582.0,699372.0,333754.0,349198.0,682952.0,318977.0,332957.0,651934.0,326912.0,339466.0,666378.0,320796.0,336218.0,657014.0,315737.0,329700.0,645437.0,308655.0,323661.0,632316.0,313604.0,326708.0,640312.0,304118.0,315700.0,619818.0,246880.0,258935.0,505815.0,291248.0,304798.0,596046.0,279861.0,289721.0,569582.0,273850.0,285021.0,558871.0,262410.0,273048.0,535458.0,253558.0,264231.0,517789.0,238743.0,251604.0,490347.0,238704.0,250884.0,489588.0,233976.0,245049.0,479025.0,237892.0,246019.0,483911.0,243711.0,250513.0,494224.0,261481.0,275565.0,537046.0,251404.0,259148.0,510552.0,257878.0,264157.0,522035.0,262257.0,269332.0,531589.0,270213.0,276956.0,547169.0,294083.0,298800.0,592883.0,306322.0,311697.0,618019.0,325101.0,330576.0,655677.0,329440.0,334711.0,664151.0,330099.0,332485.0,662584.0,332960.0,335834.0,668794.0,261074.0,274950.0,536024.0,323510.0,323517.0,647027.0,323218.0,321734.0,644952.0,320477.0,318030.0,638507.0,314104.0,309034.0,623138.0,306197.0,302840.0,609037.0,288311.0,281939.0,570250.0,284564.0,278109.0,562673.0,264035.0,256621.0,520656.0,242615.0,232591.0,475206.0,181860.0,171182.0,353042.0,268399.0,284154.0,552553.0,176618.0,165068.0,341686.0,170871.0,159889.0,330760.0,171116.0,157596.0,328712.0,178843.0,165036.0,343879.0,192645.0,174801.0,367446.0,197144.0,176489.0,373633.0,196339.0,172995.0,369334.0,196599.0,173447.0,370046.0,203738.0,176170.0,379908.0,201013.0,172774.0,373787.0,281070.0,295195.0,576265.0,195463.0,165687.0,361150.0,193359.0,163198.0,356557.0,202789.0,167412.0,370201.0,200737.0,165274.0,366011.0,210175.0,167682.0,377857.0,194770.0,152359.0,347129.0,195212.0,147368.0,342580.0,178788.0,129354.0,308142.0,180672.0,121404.0,302076.0,186160.0,121339.0,307499.0,287931.0,303993.0,591924.0,168856.0,105911.0,274767.0,164246.0,102732.0,266978.0,153136.0,94320.0,247456.0,126529.0,78023.0,204552.0,122519.0,75497.0,198016.0,102453.0,60019.0,162472.0,74205.0,40753.0,114958.0,65825.0,37097.0,102922.0,67907.0,35821.0,103728.0,69978.0,34795.0,104773.0,303258.0,316236.0,619494.0,83973.0,41233.0,125206.0,76801.0,37124.0,113925.0,75438.0,34526.0,109964.0,61428.0,27858.0,89286.0,58628.0,25580.0,84208.0,45513.0,19783.0,65296.0,39555.0,16174.0,55729.0,31810.0,12687.0,44497.0,27127.0,9930.0,37057.0,21890.0,7615.0,29505.0,323428.0,336499.0,659927.0,16731.0,5688.0,22419.0,12210.0,3838.0,16048.0,9831.0,3020.0,12851.0,6175.0,2049.0,8224.0,6383.0,1586.0,7969.0,NA,NA,NA,NA,NA,NA,NA,NA,NA,NA,NA,NA,NA,NA,NA,232011.0,242751.0,474762.0,6976.0,2239.0,9215.0
1996,19823369.0,18786030.0,38609399.0,NA,NA,NA,231613.0,242225.0,473838.0,323215.0,336233.0,659448.0,332805.0,348567.0,681372.0,342562.0,356280.0,698842.0,333488.0,348897.0,682385.0,318732.0,332594.0,651326.0,326641.0,339073.0,665714.0,320494.0,335782.0,656276.0,315460.0,329189.0,644649.0,308350.0,322873.0,631223.0,313310.0,325555.0,638865.0,236730.0,249145.0,485875.0,303814.0,314891.0,618705.0,290935.0,304075.0,595010.0,279556.0,289015.0,568571.0,273574.0,284314.0,557888.0,262142.0,272335.0,534477.0,253264.0,263643.0,516907.0,238507.0,251081.0,489588.0,238445.0,250306.0,488751.0,233658.0,244537.0,478195.0,237573.0,245509.0,483082.0,246790.0,258835.0,505625.0,243397.0,249950.0,493347.0,251097.0,258517.0,509614.0,257533.0,263500.0,521033.0,261886.0,268545.0,530431.0,269788.0,276158.0,545946.0,293645.0,297837.0,591482.0,305840.0,310530.0,616370.0,324549.0,329272.0,653821.0,328810.0,333346.0,662156.0,329425.0,330968.0,660393.0,261396.0,275467.0,536863.0,332212.0,334135.0,666347.0,322717.0,321693.0,644410.0,322435.0,319833.0,642268.0,319654.0,315939.0,635593.0,313142.0,306901.0,620043.0,305233.0,300595.0,605828.0,287409.0,279596.0,567005.0,283602.0,275657.0,559259.0,263076.0,254222.0,517298.0,241647.0,230269.0,471916.0,260995.0,274845.0,535840.0,181137.0,169333.0,350470.0,175784.0,162990.0,338774.0,170035.0,157876.0,327911.0,170230.0,155464.0,325694.0,177851.0,162558.0,340409.0,191434.0,171905.0,363339.0,195953.0,173472.0,369425.0,195036.0,169740.0,364776.0,195134.0,169891.0,365025.0,202002.0,172257.0,374259.0,268282.0,284013.0,552295.0,199157.0,168653.0,367810.0,193490.0,161372.0,354862.0,191286.0,158737.0,350023.0,200379.0,162586.0,362965.0,198138.0,160165.0,358303.0,207249.0,161998.0,369247.0,191590.0,146787.0,338377.0,191844.0,141702.0,333546.0,175189.0,124035.0,299224.0,176677.0,115943.0,292620.0,280919.0,295020.0,575939.0,181662.0,115401.0,297063.0,164345.0,100545.0,264890.0,159371.0,97012.0,256383.0,148018.0,88637.0,236655.0,121801.0,72970.0,194771.0,117436.0,70288.0,187724.0,97472.0,55398.0,152870.0,70443.0,37507.0,107950.0,61976.0,33763.0,95739.0,63505.0,32395.0,95900.0,287753.0,303769.0,591522.0,65033.0,31118.0,96151.0,77256.0,36737.0,113993.0,69996.0,32646.0,102642.0,68031.0,29956.0,97987.0,54567.0,23802.0,78369.0,51696.0,21778.0,73474.0,38655.0,16380.0,55035.0,33309.0,13275.0,46584.0,26140.0,10167.0,36307.0,22205.0,7825.0,30030.0,303099.0,315974.0,619073.0,17793.0,5991.0,23784.0,13104.0,4337.0,17441.0,9349.0,2823.0,12172.0,7447.0,2261.0,9708.0,4466.0,1494.0,5960.0,NA,NA,NA,NA,NA,NA,NA,NA,NA,NA,NA,NA,NA,NA,NA,208137.0,219784.0,427921.0,9362.0,2771.0,12133.0
1997,19842642.0,18796699.0,38639341.0,NA,NA,NA,207816.0,219376.0,427192.0,302962.0,315779.0,618741.0,323037.0,336010.0,659047.0,332643.0,348378.0,681021.0,342364.0,356017.0,698381.0,333271.0,348630.0,681901.0,318539.0,332281.0,650820.0,326409.0,338688.0,665097.0,320235.0,335306.0,655541.0,315211.0,328310.0,643521.0,308116.0,321758.0,629874.0,231491.0,242101.0,473592.0,313029.0,324873.0,637902.0,303539.0,314214.0,617753.0,290696.0,303483.0,594179.0,279317.0,288452.0,567769.0,273384.0,283788.0,557172.0,261930.0,271846.0,533776.0,253041.0,263209.0,516250.0,238317.0,250646.0,488963.0,238231.0,249880.0,488111.0,233440.0,244151.0,477591.0,236666.0,249062.0,485728.0,237317.0,245025.0,482342.0,243142.0,249425.0,492567.0,250807.0,257967.0,508774.0,257238.0,262894.0,520132.0,261590.0,267779.0,529369.0,269475.0,275340.0,544815.0,293242.0,296931.0,590173.0,305376.0,309422.0,614798.0,324012.0,328082.0,652094.0,328224.0,331956.0,660180.0,246739.0,258736.0,505475.0,328816.0,329403.0,658219.0,331491.0,332473.0,663964.0,321987.0,319964.0,641951.0,321651.0,317981.0,639632.0,318873.0,313906.0,632779.0,312247.0,304742.0,616989.0,304294.0,298418.0,602712.0,286514.0,277351.0,563865.0,282678.0,273273.0,555951.0,262048.0,251853.0,513901.0,261328.0,275382.0,536710.0,240707.0,227781.0,468488.0,180411.0,167502.0,347913.0,174932.0,160898.0,335830.0,169182.0,155723.0,324905.0,169328.0,153144.0,322472.0,176811.0,159996.0,336807.0,190178.0,168986.0,359164.0,194619.0,170307.0,364926.0,193608.0,166344.0,359952.0,193575.0,166243.0,359818.0,260911.0,274770.0,535681.0,200253.0,168283.0,368536.0,197334.0,164405.0,361739.0,191474.0,157167.0,348641.0,189071.0,154111.0,343182.0,197842.0,157675.0,355517.0,195322.0,154920.0,350242.0,203828.0,156228.0,360056.0,188219.0,141013.0,329232.0,188269.0,136013.0,324282.0,171503.0,118628.0,290131.0,268216.0,283896.0,552112.0,172560.0,110423.0,282983.0,176839.0,109397.0,286236.0,159449.0,94986.0,254435.0,154097.0,91252.0,245349.0,142554.0,82856.0,225410.0,116830.0,67989.0,184819.0,111961.0,65120.0,177081.0,92219.0,50812.0,143031.0,66623.0,34232.0,100855.0,57877.0,30496.0,88373.0,280805.0,294862.0,575667.0,58927.0,29060.0,87987.0,59795.0,27649.0,87444.0,70306.0,32254.0,102560.0,62879.0,28357.0,91236.0,60371.0,25750.0,86121.0,47601.0,20177.0,67778.0,44986.0,18159.0,63145.0,32203.0,13212.0,45415.0,27495.0,10694.0,38189.0,20753.0,7965.0,28718.0,287613.0,303601.0,591214.0,17672.0,6180.0,23852.0,14217.0,4624.0,18841.0,10077.0,3236.0,13313.0,6946.0,2006.0,8952.0,5463.0,1661.0,7124.0,NA,NA,NA,NA,NA,NA,NA,NA,NA,NA,NA,NA,NA,NA,NA,205528.0,218069.0,423597.0,9630.0,3046.0,12676.0
1998,19858815.0,18801164.0,38659979.0,NA,NA,NA,205260.0,217776.0,423036.0,287496.0,303477.0,590973.0,302831.0,315584.0,618415.0,322864.0,335802.0,658666.0,332475.0,348135.0,680610.0,342143.0,355756.0,697899.0,333078.0,348332.0,681410.0,318298.0,331926.0,650224.0,326180.0,338208.0,664388.0,319986.0,334278.0,654264.0,314925.0,327269.0,642194.0,207737.0,219279.0,427016.0,307875.0,320951.0,628826.0,312790.0,324136.0,636926.0,303260.0,313514.0,616774.0,290461.0,302872.0,593333.0,279079.0,287907.0,566986.0,273161.0,283306.0,556467.0,261716.0,271421.0,533137.0,252819.0,262761.0,515580.0,238116.0,250212.0,488328.0,237999.0,249450.0,487449.0,231411.0,242008.0,473419.0,233209.0,243722.0,476931.0,237084.0,244507.0,481591.0,242915.0,248879.0,491794.0,250523.0,257407.0,507930.0,256949.0,262192.0,519141.0,261240.0,267039.0,528279.0,269124.0,274485.0,543609.0,292799.0,295925.0,588724.0,304867.0,308216.0,613083.0,323472.0,326734.0,650206.0,236634.0,248996.0,485630.0,327596.0,330374.0,657970.0,328175.0,327773.0,655948.0,330747.0,330577.0,661324.0,321228.0,318089.0,639317.0,320840.0,315940.0,636780.0,318011.0,311736.0,629747.0,311306.0,302389.0,613695.0,303338.0,295966.0,599304.0,285470.0,274871.0,560341.0,281647.0,270600.0,552247.0,246694.0,258664.0,505358.0,261015.0,249235.0,510250.0,239643.0,225212.0,464855.0,179540.0,165447.0,344987.0,174034.0,158790.0,332824.0,168237.0,153495.0,321732.0,168388.0,150877.0,319265.0,175695.0,157269.0,332964.0,188817.0,165937.0,354754.0,193209.0,167099.0,360308.0,192090.0,162855.0,354945.0,261269.0,275318.0,536587.0,191944.0,162338.0,354282.0,198376.0,164284.0,362660.0,195387.0,160022.0,355409.0,189354.0,152668.0,342022.0,186720.0,149552.0,336272.0,195160.0,152555.0,347715.0,192322.0,149392.0,341714.0,200358.0,150401.0,350759.0,184772.0,135287.0,320059.0,184499.0,130250.0,314749.0,260831.0,274700.0,535531.0,167458.0,112855.0,280313.0,168190.0,104867.0,273057.0,171635.0,103587.0,275222.0,154532.0,89430.0,243962.0,148536.0,85660.0,234196.0,136885.0,77239.0,214124.0,111660.0,63085.0,174745.0,106408.0,60128.0,166536.0,86801.0,46439.0,133240.0,62674.0,31145.0,93819.0,268139.0,283809.0,551948.0,53753.0,27416.0,81169.0,54345.0,25891.0,80236.0,54545.0,24373.0,78918.0,63562.0,28215.0,91777.0,56111.0,24404.0,80515.0,53139.0,21997.0,75136.0,41050.0,16945.0,57995.0,38657.0,15115.0,53772.0,26399.0,10600.0,36999.0,22598.0,8538.0,31136.0,280717.0,294744.0,575461.0,16146.0,6139.0,22285.0,13969.0,4828.0,18797.0,11265.0,3572.0,14837.0,7634.0,2457.0,10091.0,5024.0,1449.0,6473.0,NA,NA,NA,NA,NA,NA,NA,NA,NA,NA,NA,NA,NA,NA,NA,198667.0,210300.0,408967.0,10828.0,3513.0,14341.0
1999,19868726.0,18798257.0,38666983.0,NA,NA,NA,198479.0,210069.0,408548.0,280621.0,294628.0,575249.0,287370.0,303307.0,590677.0,302692.0,315394.0,618086.0,322714.0,335599.0,658313.0,332295.0,347860.0,680155.0,341923.0,355408.0,697331.0,332846.0,347954.0,680800.0,318068.0,331390.0,649458.0,325938.0,336905.0,662843.0,319704.0,332993.0,652697.0,205244.0,217700.0,422944.0,314641.0,326421.0,641062.0,307612.0,320194.0,627806.0,312528.0,323464.0,635992.0,302964.0,312845.0,615809.0,290178.0,302264.0,592442.0,278830.0,287516.0,566346.0,272920.0,282856.0,555776.0,261484.0,271018.0,532502.0,252624.0,262334.0,514958.0,237889.0,249749.0,487638.0,207701.0,219219.0,426920.0,237814.0,248987.0,486801.0,232992.0,243237.0,476229.0,236884.0,243974.0,480858.0,242670.0,248310.0,490980.0,250240.0,256733.0,506973.0,256598.0,261474.0,518072.0,260906.0,266237.0,527143.0,268724.0,273549.0,542273.0,292382.0,294866.0,587248.0,304349.0,306832.0,611181.0,231379.0,241953.0,473332.0,322799.0,325256.0,648055.0,326866.0,328822.0,655688.0,327481.0,326021.0,653502.0,329970.0,328633.0,658603.0,320403.0,316058.0,636461.0,319911.0,313705.0,633616.0,317039.0,309381.0,626420.0,310280.0,299808.0,610088.0,302306.0,293444.0,595750.0,284408.0,272308.0,556716.0,236597.0,248953.0,485550.0,280481.0,267890.0,548371.0,259857.0,246499.0,506356.0,238536.0,222539.0,461075.0,178631.0,163283.0,341914.0,173112.0,156575.0,329687.0,167289.0,151094.0,318383.0,167389.0,148432.0,315821.0,174546.0,154457.0,329003.0,187499.0,162724.0,350223.0,191751.0,163722.0,355473.0,246647.0,258625.0,505272.0,190530.0,159244.0,349774.0,190234.0,158527.0,348761.0,196410.0,160027.0,356437.0,193217.0,155607.0,348824.0,187081.0,148100.0,335181.0,184177.0,144697.0,328874.0,192330.0,147420.0,339750.0,189167.0,143811.0,332978.0,196796.0,144393.0,341189.0,181093.0,129417.0,310510.0,261247.0,275275.0,536522.0,180391.0,124266.0,304657.0,163304.0,107288.0,270592.0,163605.0,99154.0,262759.0,166345.0,97636.0,263981.0,149207.0,84021.0,233228.0,142879.0,79977.0,222856.0,130924.0,71806.0,202730.0,106053.0,58218.0,164271.0,100749.0,55461.0,156210.0,81172.0,42255.0,123427.0,260772.0,274613.0,535385.0,58481.0,28149.0,86630.0,49665.0,24607.0,74272.0,49771.0,23011.0,72782.0,49373.0,21318.0,70691.0,56939.0,24581.0,81520.0,49799.0,20911.0,70710.0,46507.0,18611.0,65118.0,34964.0,14104.0,49068.0,32913.0,12609.0,45522.0,21149.0,8406.0,29555.0,268066.0,283724.0,551790.0,18202.0,6716.0,24918.0,12213.0,4572.0,16785.0,10877.0,3783.0,14660.0,8911.0,2788.0,11699.0,5663.0,1841.0,7504.0,NA,NA,NA,NA,NA,NA,NA,NA,NA,NA,NA,NA,NA,NA,NA,190221.0,202083.0,392304.0,11328.0,3762.0,15090.0
2000,19715504.0,18547799.0,38263303.0,NA,NA,NA,190691.0,201419.0,392110.0,271484.0,285358.0,556842.0,279821.0,292731.0,572552.0,285277.0,300710.0,585987.0,301184.0,315513.0,616697.0,323256.0,338481.0,661737.0,333220.0,348931.0,682151.0,341247.0,355594.0,696841.0,326555.0,342581.0,669136.0,312926.0,324882.0,637808.0,318714.0,329055.0,647769.0,198769.0,208959.0,407728.0,313031.0,324554.0,637585.0,305497.0,315378.0,620875.0,300415.0,311340.0,611755.0,303275.0,312585.0,615860.0,294211.0,301991.0,596202.0,283183.0,292894.0,576077.0,272586.0,280485.0,553071.0,264078.0,272772.0,536850.0,253781.0,260614.0,514395.0,247370.0,255302.0,502672.0,208239.0,219153.0,427392.0,237642.0,244786.0,482428.0,234646.0,242049.0,476695.0,232133.0,238552.0,470685.0,234326.0,240615.0,474941.0,239038.0,245203.0,484241.0,245206.0,251236.0,496442.0,251794.0,256838.0,508632.0,254975.0,260077.0,515052.0,266015.0,269023.0,535038.0,285032.0,285432.0,570464.0,214777.0,224435.0,439212.0,302090.0,303175.0,605265.0,315454.0,315346.0,630800.0,322339.0,320355.0,642694.0,321473.0,318607.0,640080.0,325130.0,321349.0,646479.0,316404.0,308225.0,624629.0,314346.0,305327.0,619673.0,312379.0,301592.0,613971.0,308865.0,294546.0,603411.0,296803.0,283935.0,580738.0,227621.0,236907.0,464528.0,283493.0,268219.0,551712.0,275679.0,260346.0,536025.0,257973.0,242023.0,499996.0,237276.0,217868.0,455144.0,173577.0,157199.0,330776.0,171070.0,152933.0,324003.0,166360.0,147708.0,314068.0,164445.0,144431.0,308876.0,175413.0,153161.0,328574.0,185695.0,158502.0,344197.0,236465.0,247366.0,483831.0,187829.0,157819.0,345648.0,187343.0,154877.0,342220.0,189259.0,155303.0,344562.0,193471.0,155280.0,348751.0,190189.0,151161.0,341350.0,185162.0,144493.0,329655.0,180526.0,139572.0,320098.0,188361.0,141282.0,329643.0,187850.0,139442.0,327292.0,191944.0,137644.0,329588.0,247286.0,258482.0,505768.0,178626.0,124608.0,303234.0,172472.0,115219.0,287691.0,159620.0,100916.0,260536.0,157811.0,92478.0,250289.0,159659.0,90188.0,249847.0,142475.0,76777.0,219252.0,136612.0,72556.0,209168.0,124764.0,64409.0,189173.0,101522.0,51857.0,153379.0,92581.0,47980.0,140561.0,261299.0,274793.0,536092.0,77583.0,37265.0,114848.0,51523.0,23516.0,75039.0,46086.0,21289.0,67375.0,45288.0,19589.0,64877.0,44879.0,18118.0,62997.0,50434.0,20102.0,70536.0,44100.0,17145.0,61245.0,39623.0,14628.0,54251.0,31129.0,11136.0,42265.0,26416.0,9318.0,35734.0,268645.0,281621.0,550266.0,20340.0,6866.0,27206.0,15185.0,5096.0,20281.0,11730.0,3762.0,15492.0,8330.0,2600.0,10930.0,5745.0,1572.0,7317.0,NA,NA,NA,NA,NA,NA,NA,NA,NA,NA,NA,NA,NA,NA,NA,185823.0,195360.0,381183.0,11240.0,3032.0,14272.0
2001,19716616.0,18537339.0,38253955.0,NA,NA,NA,185717.0,195201.0,380918.0,268531.0,281556.0,550087.0,271377.0,285259.0,556636.0,279635.0,292573.0,572208.0,285044.0,300482.0,585526.0,300978.0,315245.0,616223.0,322987.0,338152.0,661139.0,332916.0,348490.0,681406.0,340923.0,354986.0,695909.0,326223.0,341340.0,667563.0,312591.0,323762.0,636353.0,190662.0,201384.0,392046.0,318401.0,328246.0,646647.0,312631.0,323911.0,636542.0,305108.0,314733.0,619841.0,300069.0,310718.0,610787.0,302944.0,311976.0,614920.0,293871.0,301478.0,595349.0,282841.0,292359.0,575200.0,272285.0,279998.0,552283.0,263751.0,272305.0,536056.0,253434.0,260173.0,513607.0,198737.0,208923.0,407660.0,247014.0,254824.0,501838.0,237370.0,244325.0,481695.0,234327.0,241567.0,475894.0,231834.0,238016.0,469850.0,233979.0,240071.0,474050.0,238672.0,244493.0,483165.0,244804.0,250426.0,495230.0,251399.0,255953.0,507352.0,254534.0,259101.0,513635.0,265428.0,267950.0,533378.0,208200.0,219108.0,427308.0,284354.0,284126.0,568480.0,301385.0,301747.0,603132.0,314697.0,313726.0,628423.0,321483.0,318498.0,639981.0,320457.0,316501.0,636958.0,324092.0,319121.0,643213.0,315342.0,305965.0,621307.0,313213.0,302904.0,616117.0,311270.0,299020.0,610290.0,307722.0,291833.0,599555.0,214750.0,224379.0,439129.0,295632.0,280982.0,576614.0,282244.0,265408.0,547652.0,274355.0,257357.0,531712.0,256698.0,238983.0,495681.0,235955.0,214978.0,450933.0,172483.0,154903.0,327386.0,169919.0,150538.0,320457.0,165192.0,145246.0,310438.0,163136.0,141794.0,304930.0,173963.0,150149.0,324112.0,227590.0,236852.0,464442.0,184064.0,155062.0,339126.0,186181.0,154226.0,340407.0,185538.0,151086.0,336624.0,187301.0,151209.0,338510.0,191188.0,150814.0,342002.0,187748.0,146517.0,334265.0,182618.0,139769.0,322387.0,177656.0,134657.0,312313.0,185231.0,135839.0,321070.0,184280.0,133851.0,318131.0,236414.0,247322.0,483736.0,187980.0,131596.0,319576.0,174395.0,118649.0,293044.0,168038.0,109188.0,277226.0,154945.0,95208.0,250153.0,152752.0,86885.0,239637.0,153981.0,84191.0,238172.0,136605.0,71416.0,208021.0,130384.0,67074.0,197458.0,118314.0,59164.0,177478.0,95661.0,47160.0,142821.0,247228.0,258434.0,505662.0,86719.0,43306.0,130025.0,71898.0,33418.0,105316.0,47322.0,20893.0,68215.0,41891.0,18724.0,60615.0,40785.0,16978.0,57763.0,39970.0,15556.0,55526.0,44398.0,17099.0,61497.0,38164.0,14328.0,52492.0,33706.0,12009.0,45715.0,26141.0,8958.0,35099.0,261217.0,274717.0,535934.0,21700.0,7414.0,29114.0,16297.0,5339.0,21636.0,11881.0,3886.0,15767.0,9006.0,2839.0,11845.0,6241.0,1918.0,8159.0,NA,NA,NA,NA,NA,NA,NA,NA,NA,NA,NA,NA,NA,NA,NA,183619.0,193317.0,376936.0,12010.0,3229.0,15239.0
2002,19717034.0,18525163.0,38242197.0,NA,NA,NA,183428.0,193162.0,376590.0,261162.0,274654.0,535816.0,268486.0,281509.0,549995.0,271315.0,285155.0,556470.0,279503.0,292411.0,571914.0,284897.0,300271.0,585168.0,300778.0,314970.0,615748.0,322775.0,337763.0,660538.0,332691.0,347954.0,680645.0,340705.0,353634.0,694339.0,326001.0,340133.0,666134.0,185701.0,195155.0,380856.0,312334.0,323025.0,635359.0,318107.0,327584.0,645691.0,312335.0,323305.0,635640.0,304870.0,314173.0,619043.0,299790.0,310173.0,609963.0,302676.0,311482.0,614158.0,293562.0,301074.0,594636.0,282557.0,291934.0,574491.0,272014.0,279577.0,551591.0,263473.0,271931.0,535404.0,190666.0,201358.0,392024.0,253183.0,259760.0,512943.0,246784.0,254406.0,501190.0,237123.0,243869.0,480992.0,234082.0,241123.0,475205.0,231587.0,237465.0,469052.0,233694.0,239503.0,473197.0,238319.0,243879.0,482198.0,244439.0,249663.0,494102.0,250998.0,255115.0,506113.0,254105.0,258106.0,512211.0,198729.0,208907.0,407636.0,264924.0,266861.0,531785.0,283734.0,282875.0,566609.0,300725.0,300264.0,600989.0,313935.0,312041.0,625976.0,320590.0,316684.0,637274.0,319658.0,314492.0,634150.0,323190.0,316860.0,640050.0,314359.0,303610.0,617969.0,312094.0,300452.0,612546.0,310119.0,296376.0,606495.0,208190.0,219080.0,427270.0,306470.0,288943.0,595413.0,294303.0,278108.0,572411.0,280970.0,262436.0,543406.0,273065.0,254272.0,527337.0,255442.0,235867.0,491309.0,234636.0,211941.0,446577.0,171403.0,152663.0,324066.0,168829.0,148041.0,316870.0,164047.0,142738.0,306785.0,161962.0,139138.0,301100.0,214715.0,224359.0,439074.0,172543.0,147121.0,319664.0,182536.0,151654.0,334190.0,184451.0,150626.0,335077.0,183811.0,147319.0,331130.0,185336.0,147008.0,332344.0,188902.0,146398.0,335300.0,185304.0,141900.0,327204.0,179954.0,134963.0,314917.0,174846.0,129665.0,304511.0,181955.0,130350.0,312305.0,227573.0,236849.0,464422.0,180491.0,128254.0,308745.0,183821.0,125631.0,309452.0,170034.0,112691.0,282725.0,163358.0,103364.0,266722.0,150316.0,89802.0,240118.0,147400.0,81531.0,228931.0,147884.0,78500.0,226384.0,130639.0,66162.0,196801.0,123990.0,61821.0,185811.0,111834.0,53969.0,165803.0,236394.0,247288.0,483682.0,89889.0,42929.0,132818.0,80635.0,39068.0,119703.0,66243.0,29778.0,96021.0,43075.0,18372.0,61447.0,37713.0,16409.0,54122.0,36315.0,14748.0,51063.0,35227.0,13208.0,48435.0,38540.0,14331.0,52871.0,32675.0,11837.0,44512.0,28178.0,9658.0,37836.0,247190.0,258396.0,505586.0,21522.0,7008.0,28530.0,17552.0,5823.0,23375.0,12833.0,4034.0,16867.0,9224.0,2884.0,12108.0,6811.0,2052.0,8863.0,4609.0,1368.0,5977.0,2993.0,799.0,3792.0,2159.0,549.0,2708.0,1267.0,353.0,1620.0,850.0,216.0,1066.0,176819.0,185902.0,362721.0,1114.0,291.0,1405.0
2003,19711782.0,18506749.0,38218531.0,NA,NA,NA,176754.0,185774.0,362528.0,247117.0,258297.0,505414.0,261091.0,274552.0,535643.0,268405.0,281393.0,549798.0,271189.0,284995.0,556184.0,279331.0,292161.0,571492.0,284683.0,299940.0,584623.0,300543.0,314548.0,615091.0,322503.0,337204.0,659707.0,332349.0,346581.0,678930.0,340415.0,352410.0,692825.0,183398.0,193092.0,376490.0,325655.0,339407.0,665062.0,312032.0,322342.0,634374.0,317759.0,326957.0,644716.0,311991.0,322744.0,634735.0,304534.0,313625.0,618159.0,299444.0,309674.0,609118.0,302331.0,310966.0,613297.0,293248.0,300571.0,593819.0,282265.0,291463.0,573728.0,271719.0,279149.0,550868.0,185669.0,195123.0,380792.0,263163.0,271474.0,534637.0,252898.0,259267.0,512165.0,246482.0,253894.0,500376.0,236791.0,243316.0,480107.0,233783.0,240518.0,474301.0,231235.0,236854.0,468089.0,233319.0,238879.0,472198.0,237893.0,243140.0,481033.0,243978.0,248831.0,492809.0,250513.0,254164.0,504677.0,190621.0,201300.0,391921.0,253581.0,257000.0,510581.0,264346.0,265731.0,530077.0,283108.0,281463.0,564571.0,299985.0,298643.0,598628.0,313074.0,310088.0,623162.0,319752.0,314685.0,634437.0,318707.0,312347.0,631054.0,322211.0,314419.0,636630.0,313331.0,301246.0,614577.0,311017.0,297894.0,608911.0,198676.0,208854.0,407530.0,308941.0,293551.0,602492.0,305122.0,285879.0,591001.0,292975.0,275009.0,567984.0,279612.0,259356.0,538968.0,271683.0,251054.0,522737.0,253999.0,232552.0,486551.0,233213.0,208880.0,442093.0,170304.0,150185.0,320489.0,167664.0,145524.0,313188.0,162866.0,140195.0,303061.0,208146.0,219013.0,427159.0,160652.0,136361.0,297013.0,171189.0,143927.0,315116.0,180939.0,148113.0,329052.0,182770.0,146884.0,329654.0,181814.0,143307.0,325121.0,183204.0,142743.0,325947.0,186577.0,141983.0,328560.0,182665.0,137165.0,319830.0,177214.0,130101.0,307315.0,171864.0,124732.0,296596.0,214646.0,224281.0,438927.0,178496.0,124873.0,303369.0,176688.0,122606.0,299294.0,179599.0,119569.0,299168.0,165429.0,106747.0,272176.0,158445.0,97464.0,255909.0,145315.0,84193.0,229508.0,141973.0,76122.0,218095.0,141521.0,73039.0,214560.0,124379.0,61029.0,185408.0,117345.0,56649.0,173994.0,227497.0,236788.0,464285.0,105190.0,49034.0,154224.0,83901.0,38775.0,122676.0,74623.0,34912.0,109535.0,60617.0,26300.0,86917.0,39050.0,16019.0,55069.0,33795.0,14241.0,48036.0,32202.0,12556.0,44758.0,30673.0,11069.0,41742.0,33006.0,11858.0,44864.0,27459.0,9619.0,37078.0,236343.0,247204.0,483547.0,23480.0,7651.0,31131.0,17473.0,5492.0,22965.0,14054.0,4507.0,18561.0,9908.0,2993.0,12901.0,6986.0,2181.0,9167.0,5044.0,1498.0,6542.0,3387.0,1016.0,4403.0,2166.0,559.0,2725.0,1485.0,369.0,1854.0,881.0,244.0,1125.0,171109.0,181445.0,352554.0,1315.0,358.0,1673.0
2004,19704178.0,18486430.0,38190608.0,NA,NA,NA,171090.0,181325.0,352415.0,236290.0,247143.0,483433.0,247052.0,258218.0,505270.0,261033.0,274447.0,535480.0,268322.0,281277.0,549599.0,271070.0,284839.0,555909.0,279171.0,291943.0,571114.0,284503.0,299612.0,584115.0,300332.0,314076.0,614408.0,322276.0,336060.0,658336.0,332098.0,345595.0,677693.0,176754.0,185735.0,362489.0,340122.0,351721.0,691843.0,325384.0,338700.0,664084.0,311773.0,321726.0,633499.0,317457.0,326366.0,643823.0,311736.0,322215.0,633951.0,304253.0,313166.0,617419.0,299158.0,309215.0,608373.0,302060.0,310464.0,612524.0,292970.0,300145.0,593115.0,281974.0,291054.0,573028.0,183388.0,193047.0,376435.0,271413.0,278730.0,550143.0,262930.0,271001.0,533931.0,252633.0,258831.0,511464.0,246225.0,253394.0,499619.0,236548.0,242780.0,479328.0,233493.0,239940.0,473433.0,230932.0,236214.0,467146.0,232969.0,238213.0,471182.0,237554.0,242405.0,479959.0,243575.0,248000.0,491575.0,185647.0,195109.0,380756.0,250018.0,253170.0,503188.0,253092.0,255860.0,508952.0,263800.0,264510.0,528310.0,282446.0,280035.0,562481.0,299222.0,296980.0,596202.0,312285.0,308118.0,620403.0,318872.0,312580.0,631452.0,317835.0,310159.0,627994.0,321241.0,312025.0,633266.0,312325.0,298724.0,611049.0,190572.0,201256.0,391828.0,309912.0,295192.0,605104.0,307710.0,290646.0,598356.0,303818.0,282799.0,586617.0,291559.0,271819.0,563378.0,278232.0,256114.0,534346.0,270231.0,247798.0,518029.0,252608.0,229276.0,481884.0,231774.0,205644.0,437418.0,169114.0,147596.0,316710.0,166446.0,142778.0,309224.0,198626.0,208811.0,407437.0,161560.0,137430.0,298990.0,159377.0,133369.0,292746.0,169675.0,140617.0,310292.0,179188.0,144463.0,323651.0,180904.0,143067.0,323971.0,179869.0,139299.0,319168.0,180909.0,138382.0,319291.0,184052.0,137282.0,321334.0,179939.0,132230.0,312169.0,174268.0,125089.0,299357.0,208103.0,218958.0,427061.0,168697.0,119650.0,288347.0,174861.0,119410.0,294271.0,172534.0,116613.0,289147.0,174863.0,113354.0,288217.0,160617.0,100831.0,261448.0,153274.0,91682.0,244956.0,140047.0,78639.0,218686.0,136178.0,70780.0,206958.0,134928.0,67277.0,202205.0,117793.0,55978.0,173771.0,214610.0,224205.0,438815.0,110212.0,51418.0,161630.0,98213.0,44270.0,142483.0,77544.0,34772.0,112316.0,68350.0,30803.0,99153.0,54808.0,22938.0,77746.0,34986.0,13759.0,48745.0,29904.0,12057.0,41961.0,28071.0,10441.0,38512.0,26218.0,9163.0,35381.0,27693.0,9541.0,37234.0,227450.0,236713.0,464163.0,22644.0,7762.0,30406.0,19036.0,5969.0,25005.0,13785.0,4203.0,17988.0,10872.0,3355.0,14227.0,7457.0,2153.0,9610.0,5166.0,1557.0,6723.0,3621.0,1076.0,4697.0,2392.0,702.0,3094.0,1512.0,383.0,1895.0,1029.0,269.0,1298.0,169569.0,179512.0,349081.0,1477.0,413.0,1890.0
2005,19703582.0,18470253.0,38173835.0,NA,NA,NA,169549.0,179469.0,349018.0,227422.0,236645.0,464067.0,236247.0,247079.0,483326.0,247009.0,258145.0,505154.0,260956.0,274366.0,535322.0,268250.0,281165.0,549415.0,270957.0,284649.0,555606.0,279019.0,291666.0,570685.0,284316.0,299223.0,583539.0,300157.0,313171.0,613328.0,322075.0,335241.0,657316.0,171075.0,181311.0,352386.0,331829.0,344944.0,676773.0,339860.0,351062.0,690922.0,325155.0,338096.0,663251.0,311561.0,321139.0,632700.0,317240.0,325873.0,643113.0,311471.0,321774.0,633245.0,304035.0,312701.0,616736.0,298945.0,308788.0,607733.0,301809.0,310018.0,611827.0,292758.0,299754.0,592512.0,176776.0,185720.0,362496.0,281777.0,290629.0,572406.0,271189.0,278332.0,549521.0,262746.0,270552.0,533298.0,252408.0,258376.0,510784.0,246051.0,252892.0,498943.0,236327.0,242226.0,478553.0,233247.0,239351.0,472598.0,230674.0,235589.0,466263.0,232667.0,237476.0,470143.0,237181.0,241609.0,478790.0,183375.0,193032.0,376407.0,243177.0,247121.0,490298.0,249579.0,252118.0,501697.0,252597.0,254705.0,507302.0,263184.0,263208.0,526392.0,281810.0,278436.0,560246.0,298448.0,295095.0,593543.0,311472.0,306010.0,617482.0,317939.0,310284.0,628223.0,316911.0,307789.0,624700.0,320188.0,309333.0,629521.0,185617.0,195054.0,380671.0,311240.0,295877.0,607117.0,308774.0,292254.0,601028.0,306434.0,287496.0,593930.0,302382.0,279414.0,581796.0,290132.0,268358.0,558490.0,276801.0,252518.0,529319.0,268724.0,244133.0,512857.0,251155.0,225735.0,476890.0,230255.0,202147.0,432402.0,167936.0,145050.0,312986.0,190548.0,201207.0,391755.0,165145.0,139861.0,305006.0,160261.0,134577.0,294838.0,158052.0,130276.0,288328.0,168124.0,137296.0,305420.0,177326.0,140603.0,317929.0,178889.0,139195.0,318084.0,177702.0,135149.0,312851.0,178614.0,133886.0,312500.0,181401.0,132509.0,313910.0,177086.0,127273.0,304359.0,198609.0,208753.0,407362.0,171247.0,120035.0,291282.0,165322.0,114486.0,279808.0,171010.0,113881.0,284891.0,168283.0,110842.0,279125.0,170012.0,107256.0,277268.0,155618.0,94836.0,250454.0,147952.0,85986.0,233938.0,134558.0,73378.0,207936.0,130203.0,65519.0,195722.0,128097.0,61861.0,189958.0,208063.0,218909.0,426972.0,111047.0,51113.0,162160.0,103170.0,46580.0,149750.0,91144.0,39683.0,130827.0,71314.0,30888.0,102202.0,62285.0,27035.0,89320.0,49237.0,19846.0,69083.0,31047.0,11736.0,42783.0,26237.0,10258.0,36495.0,24155.0,8709.0,32864.0,22256.0,7504.0,29760.0,214576.0,224136.0,438712.0,23080.0,7640.0,30720.0,18398.0,6145.0,24543.0,15297.0,4603.0,19900.0,10814.0,3172.0,13986.0,8357.0,2488.0,10845.0,5474.0,1528.0,7002.0,3776.0,1129.0,4905.0,2583.0,757.0,3340.0,1677.0,494.0,2171.0,1071.0,253.0,1324.0,171880.0,182294.0,354174.0,1717.0,490.0,2207.0
2006,19703200.0,18453855.0,38157055.0,NA,NA,NA,171882.0,182341.0,354223.0,214519.0,224092.0,438611.0,227366.0,236578.0,463944.0,236183.0,247011.0,483194.0,246946.0,258085.0,505031.0,260895.0,274255.0,535150.0,268181.0,281009.0,549190.0,270831.0,284413.0,555244.0,278880.0,291310.0,570190.0,284180.0,298251.0,582431.0,299948.0,312280.0,612228.0,169546.0,179425.0,348971.0,321824.0,334544.0,656368.0,331572.0,344289.0,675861.0,339521.0,350274.0,689795.0,324877.0,337360.0,662237.0,311296.0,320470.0,631766.0,316911.0,325251.0,642162.0,311143.0,321178.0,632321.0,303726.0,312132.0,615858.0,298640.0,308280.0,606920.0,301541.0,309527.0,611068.0,171057.0,181294.0,352351.0,292507.0,299210.0,591717.0,281504.0,290106.0,571610.0,270932.0,277820.0,548752.0,262516.0,270034.0,532550.0,252112.0,257802.0,509914.0,245804.0,252272.0,498076.0,236075.0,241639.0,477714.0,232952.0,238650.0,471602.0,230348.0,234857.0,465205.0,232317.0,236660.0,468977.0,176752.0,185683.0,362435.0,236757.0,240713.0,477470.0,242742.0,246071.0,488813.0,249090.0,250887.0,499977.0,252049.0,253354.0,505403.0,262476.0,261667.0,524143.0,281071.0,276766.0,557837.0,297660.0,293004.0,590664.0,310542.0,303764.0,614306.0,316946.0,307704.0,624650.0,315830.0,305092.0,620922.0,183329.0,192997.0,376326.0,318995.0,306355.0,625350.0,310042.0,292954.0,602996.0,307524.0,289093.0,596617.0,305070.0,284074.0,589144.0,300932.0,275808.0,576740.0,288667.0,264606.0,553273.0,275191.0,248908.0,524099.0,267059.0,240230.0,507289.0,249491.0,221945.0,471436.0,228605.0,198570.0,427175.0,185556.0,194995.0,380551.0,166680.0,142194.0,308874.0,163779.0,136850.0,300629.0,158902.0,131542.0,290444.0,156528.0,127182.0,283710.0,166510.0,133830.0,300340.0,175434.0,136718.0,312152.0,176797.0,135049.0,311846.0,175399.0,130854.0,306253.0,176149.0,129200.0,305349.0,178610.0,127720.0,306330.0,190504.0,201136.0,391640.0,173969.0,122227.0,296196.0,167968.0,114989.0,282957.0,161754.0,109314.0,271068.0,166988.0,108257.0,275245.0,163754.0,105021.0,268775.0,164832.0,101197.0,266029.0,150412.0,88958.0,239370.0,142263.0,80286.0,222549.0,128756.0,67970.0,196726.0,123875.0,60268.0,184143.0,198555.0,208694.0,407249.0,121006.0,56602.0,177608.0,104007.0,46376.0,150383.0,95667.0,41899.0,137566.0,83753.0,35257.0,119010.0,65042.0,27187.0,92229.0,56149.0,23546.0,79695.0,43654.0,17038.0,60692.0,27185.0,9900.0,37085.0,22666.0,8523.0,31189.0,20536.0,7098.0,27634.0,208003.0,218845.0,426848.0,18406.0,6053.0,24459.0,18837.0,5999.0,24836.0,14716.0,4752.0,19468.0,12005.0,3478.0,15483.0,8227.0,2379.0,10606.0,6290.0,1857.0,8147.0,3890.0,1081.0,4971.0,2648.0,788.0,3436.0,1841.0,524.0,2365.0,1175.0,344.0,1519.0,176261.0,186390.0,362651.0,1910.0,544.0,2454.0
2007,19698704.0,18426775.0,38125479.0,NA,NA,NA,176184.0,186258.0,362442.0,207825.0,218677.0,426502.0,214381.0,223921.0,438302.0,227239.0,236411.0,463650.0,236037.0,246849.0,482886.0,246823.0,257873.0,504696.0,260751.0,274036.0,534787.0,268025.0,280762.0,548787.0,270635.0,283998.0,554633.0,278726.0,290208.0,568934.0,283920.0,297059.0,580979.0,171733.0,182191.0,353924.0,299533.0,311092.0,610625.0,321286.0,333124.0,654410.0,330939.0,342747.0,673686.0,338830.0,348591.0,687421.0,324092.0,335811.0,659903.0,310427.0,318978.0,629405.0,315944.0,323865.0,639809.0,310242.0,319816.0,630058.0,302942.0,310925.0,613867.0,297991.0,307220.0,605211.0,169424.0,179261.0,348685.0,300906.0,308461.0,609367.0,291966.0,298265.0,590231.0,281017.0,289297.0,570314.0,270466.0,277015.0,547481.0,262090.0,269217.0,531307.0,251727.0,256990.0,508717.0,245343.0,251480.0,496823.0,235640.0,240722.0,476362.0,232521.0,237767.0,470288.0,229877.0,233972.0,463849.0,170921.0,181154.0,352075.0,231831.0,235603.0,467434.0,236253.0,239610.0,475863.0,242163.0,244736.0,486899.0,248443.0,249438.0,497881.0,251332.0,251815.0,503147.0,261729.0,259965.0,521694.0,280291.0,274743.0,555034.0,296727.0,290684.0,587411.0,309581.0,301218.0,610799.0,315803.0,304880.0,620683.0,176604.0,185515.0,362119.0,314596.0,302215.0,616811.0,317677.0,302976.0,620653.0,308741.0,289673.0,598414.0,306167.0,285639.0,591806.0,303568.0,280296.0,583864.0,299306.0,271976.0,571282.0,286950.0,260540.0,547490.0,273565.0,244949.0,518514.0,265247.0,236038.0,501285.0,247725.0,217843.0,465568.0,183167.0,192827.0,375994.0,226786.0,194656.0,421442.0,165297.0,139185.0,304482.0,162309.0,133828.0,296137.0,157374.0,128442.0,285816.0,154966.0,123980.0,278946.0,164687.0,130010.0,294697.0,173411.0,132703.0,306114.0,174568.0,130837.0,305405.0,173011.0,126337.0,299348.0,173462.0,124672.0,298134.0,185396.0,194819.0,380215.0,175638.0,122850.0,298488.0,170633.0,117168.0,287801.0,164539.0,109862.0,274401.0,158023.0,104025.0,262048.0,162657.0,102703.0,265360.0,159035.0,99192.0,258227.0,159461.0,94964.0,254425.0,144726.0,83109.0,227835.0,136223.0,74586.0,210809.0,122721.0,62776.0,185497.0,190367.0,200965.0,391332.0,117262.0,55301.0,172563.0,113669.0,51365.0,165034.0,96882.0,41745.0,138627.0,88362.0,37437.0,125799.0,76411.0,31131.0,107542.0,58810.0,23741.0,82551.0,50235.0,20308.0,70543.0,38179.0,14448.0,52627.0,23502.0,8335.0,31837.0,19415.0,7030.0,26445.0,198408.0,208535.0,406943.0,17201.0,5752.0,22953.0,15066.0,4809.0,19875.0,15245.0,4717.0,19962.0,11570.0,3621.0,15191.0,9311.0,2599.0,11910.0,6151.0,1776.0,7927.0,4696.0,1327.0,6023.0,2776.0,763.0,3539.0,1843.0,538.0,2381.0,1271.0,402.0,1673.0,181041.0,191554.0,372595.0,2239.0,680.0,2919.0
2008,19704140.0,18411501.0,38115641.0,NA,NA,NA,181091.0,191558.0,372649.0,198285.0,208420.0,406705.0,207695.0,218535.0,426230.0,214267.0,223772.0,438039.0,227106.0,236288.0,463394.0,235872.0,246635.0,482507.0,246717.0,257691.0,504408.0,260615.0,273792.0,534407.0,267867.0,280370.0,548237.0,270497.0,283087.0,553584.0,278535.0,289108.0,567643.0,176134.0,186197.0,362331.0,283698.0,295968.0,579666.0,299244.0,309873.0,609117.0,321010.0,331826.0,652836.0,330637.0,341389.0,672026.0,338532.0,347278.0,685810.0,323719.0,334926.0,658645.0,310074.0,318314.0,628388.0,315514.0,323212.0,638726.0,309861.0,319208.0,629069.0,302566.0,310365.0,612931.0,171663.0,182108.0,353771.0,297614.0,306611.0,604225.0,300493.0,307885.0,608378.0,291562.0,297641.0,589203.0,280664.0,288606.0,569270.0,270084.0,276392.0,546476.0,261756.0,268516.0,530272.0,251397.0,256296.0,507693.0,244943.0,250791.0,495734.0,235273.0,239920.0,475193.0,232135.0,236889.0,469024.0,169335.0,179169.0,348504.0,229481.0,232999.0,462480.0,231356.0,234559.0,465915.0,235716.0,238481.0,474197.0,241597.0,243415.0,485012.0,247876.0,248002.0,495878.0,250684.0,250224.0,500908.0,261024.0,258172.0,519196.0,279496.0,272777.0,552273.0,295726.0,288312.0,584038.0,308571.0,298559.0,607130.0,170821.0,181046.0,351867.0,314672.0,301814.0,616486.0,313358.0,299021.0,612379.0,316318.0,299652.0,615970.0,307440.0,286210.0,593650.0,304741.0,282045.0,586786.0,301966.0,276478.0,578444.0,297504.0,267804.0,565308.0,285110.0,256323.0,541433.0,271755.0,240829.0,512584.0,263412.0,231760.0,495172.0,176465.0,185408.0,361873.0,245771.0,213635.0,459406.0,224898.0,190617.0,415515.0,163887.0,136112.0,299999.0,160724.0,130606.0,291330.0,155801.0,125136.0,280937.0,153312.0,120621.0,273933.0,162780.0,126228.0,289008.0,171169.0,128584.0,299753.0,172253.0,126478.0,298731.0,170459.0,121869.0,292328.0,183031.0,192683.0,375714.0,170574.0,119831.0,290405.0,172373.0,117765.0,290138.0,167186.0,111866.0,279052.0,160805.0,104562.0,265367.0,154067.0,98628.0,252695.0,158073.0,96965.0,255038.0,153956.0,93362.0,247318.0,153713.0,88842.0,242555.0,138781.0,77147.0,215928.0,129928.0,68960.0,198888.0,185299.0,194694.0,379993.0,116339.0,57644.0,173983.0,110242.0,50294.0,160536.0,105915.0,46250.0,152165.0,89475.0,37264.0,126739.0,80812.0,33053.0,113865.0,69092.0,27216.0,96308.0,52506.0,20523.0,73029.0,44247.0,17309.0,61556.0,32986.0,11947.0,44933.0,20056.0,6869.0,26925.0,190266.0,200844.0,391110.0,16220.0,5720.0,21940.0,14170.0,4565.0,18735.0,12107.0,3716.0,15823.0,12036.0,3646.0,15682.0,8864.0,2699.0,11563.0,6986.0,1921.0,8907.0,4480.0,1288.0,5768.0,3442.0,978.0,4420.0,1854.0,527.0,2381.0,1278.0,370.0,1648.0,187840.0,198351.0,386191.0,2543.0,790.0,3333.0
2009,19720950.0,18414926.0,38135876.0,NA,NA,NA,188080.0,198501.0,386581.0,190174.0,200730.0,390904.0,198167.0,208303.0,406470.0,207584.0,218419.0,426003.0,214165.0,223612.0,437777.0,226990.0,236121.0,463111.0,235742.0,246477.0,482219.0,246574.0,257465.0,504039.0,260467.0,273504.0,533971.0,267741.0,279762.0,547503.0,270321.0,282240.0,552561.0,181118.0,191542.0,372660.0,278339.0,288386.0,566725.0,283476.0,295253.0,578729.0,299069.0,309171.0,608240.0,320813.0,331128.0,651941.0,330379.0,340723.0,671102.0,338239.0,346598.0,684837.0,323337.0,334300.0,657637.0,309688.0,317820.0,627508.0,315140.0,322726.0,637866.0,309474.0,318671.0,628145.0,176082.0,186153.0,362235.0,302199.0,309869.0,612068.0,297218.0,306098.0,603316.0,300051.0,307343.0,607394.0,291101.0,297005.0,588106.0,280251.0,287934.0,568185.0,269654.0,275697.0,545351.0,261340.0,267800.0,529140.0,250961.0,255575.0,506536.0,244552.0,250013.0,494565.0,234835.0,239075.0,473910.0,171583.0,182024.0,353607.0,231692.0,236010.0,467702.0,229007.0,232059.0,461066.0,230883.0,233505.0,464388.0,235140.0,237307.0,472447.0,241018.0,242019.0,483037.0,247265.0,246501.0,493766.0,250034.0,248551.0,498585.0,260333.0,256312.0,516645.0,278639.0,270671.0,549310.0,294789.0,285848.0,580637.0,169247.0,179064.0,348311.0,307479.0,295797.0,603276.0,313471.0,298749.0,612220.0,312072.0,295702.0,607774.0,315015.0,296161.0,611176.0,305920.0,282669.0,588589.0,303192.0,278331.0,581523.0,300286.0,272407.0,572693.0,295687.0,263547.0,559234.0,283279.0,252064.0,535343.0,269813.0,236604.0,506417.0,170724.0,180929.0,351653.0,261407.0,227295.0,488702.0,243741.0,209208.0,452949.0,222926.0,186451.0,409377.0,162322.0,132905.0,295227.0,159049.0,127423.0,286472.0,154076.0,121899.0,275975.0,151582.0,117092.0,268674.0,160727.0,122297.0,283024.0,168857.0,124472.0,293329.0,169839.0,122096.0,291935.0,176363.0,185248.0,361611.0,167800.0,117405.0,285205.0,167473.0,114997.0,282470.0,169069.0,112721.0,281790.0,163452.0,106670.0,270122.0,156750.0,99369.0,256119.0,149708.0,93204.0,242912.0,153206.0,91358.0,244564.0,148462.0,87374.0,235836.0,147612.0,82799.0,230411.0,132364.0,71355.0,203719.0,182928.0,192582.0,375510.0,123215.0,63311.0,186526.0,109677.0,52584.0,162261.0,103034.0,45345.0,148379.0,97946.0,41279.0,139225.0,81863.0,32927.0,114790.0,73199.0,28981.0,102180.0,61657.0,23373.0,85030.0,46229.0,17492.0,63721.0,38479.0,14548.0,53027.0,28048.0,9866.0,37914.0,185181.0,194567.0,379748.0,16828.0,5572.0,22400.0,13312.0,4533.0,17845.0,11427.0,3522.0,14949.0,9440.0,2848.0,12288.0,9316.0,2719.0,12035.0,6564.0,1956.0,8520.0,5152.0,1407.0,6559.0,3231.0,895.0,4126.0,2465.0,708.0,3173.0,1215.0,345.0,1560.0,201059.0,212200.0,413259.0,2811.0,883.0,3694.0
2010,19610632.0,18412237.0,38022869.0,NA,NA,NA,208215.0,218553.0,426768.0,184394.0,193811.0,378205.0,189435.0,200135.0,389570.0,198034.0,208042.0,406076.0,205941.0,216980.0,422921.0,212783.0,222227.0,435010.0,226949.0,236177.0,463126.0,235726.0,246749.0,482475.0,245153.0,256156.0,501309.0,259132.0,271764.0,530896.0,265163.0,277061.0,542224.0,194846.0,205073.0,399919.0,266811.0,278540.0,545351.0,274643.0,285177.0,559820.0,278165.0,290223.0,568388.0,290145.0,300703.0,590848.0,306143.0,317146.0,623289.0,314685.0,326603.0,641288.0,324559.0,334698.0,659257.0,312906.0,325243.0,638149.0,300752.0,310410.0,611162.0,307221.0,316106.0,623327.0,185116.0,194980.0,380096.0,304619.0,315759.0,620378.0,297295.0,307058.0,604353.0,295135.0,305443.0,600578.0,297305.0,306386.0,603691.0,287765.0,296357.0,584122.0,277307.0,286638.0,563945.0,267212.0,275287.0,542499.0,257562.0,265763.0,523325.0,248724.0,254438.0,503162.0,240649.0,247636.0,488285.0,178476.0,187774.0,366250.0,233085.0,238015.0,471100.0,229164.0,234322.0,463486.0,227491.0,231991.0,459482.0,229285.0,233298.0,462583.0,232619.0,236165.0,468784.0,238608.0,241274.0,479882.0,245089.0,245884.0,490973.0,248075.0,248210.0,496285.0,258722.0,256892.0,515614.0,275383.0,270245.0,545628.0,172427.0,182359.0,354786.0,294313.0,287980.0,582293.0,305716.0,296627.0,602343.0,312163.0,299880.0,612043.0,309517.0,296200.0,605717.0,313576.0,297749.0,611325.0,302909.0,283348.0,586257.0,301557.0,278994.0,580551.0,297556.0,272093.0,569649.0,294197.0,263740.0,557937.0,279915.0,250453.0,530368.0,169960.0,178778.0,348738.0,268838.0,235770.0,504608.0,259834.0,226697.0,486531.0,242502.0,207845.0,450347.0,220867.0,185012.0,405879.0,158861.0,130079.0,288940.0,157255.0,125643.0,282898.0,151912.0,119678.0,271590.0,148749.0,114378.0,263127.0,158374.0,119295.0,277669.0,165426.0,120489.0,285915.0,171454.0,180793.0,352247.0,165765.0,117234.0,282999.0,164511.0,113491.0,278002.0,164137.0,110853.0,274990.0,164063.0,107314.0,271377.0,158779.0,101738.0,260517.0,152193.0,94096.0,246289.0,145171.0,88137.0,233308.0,147330.0,85384.0,232714.0,142857.0,81056.0,223913.0,140710.0,75976.0,216686.0,177770.0,187243.0,365013.0,126748.0,65729.0,192477.0,116268.0,57613.0,173881.0,102757.0,47149.0,149906.0,95250.0,40098.0,135348.0,90160.0,36231.0,126391.0,74460.0,28398.0,102858.0,66022.0,24920.0,90942.0,54863.0,19728.0,74591.0,40293.0,14179.0,54472.0,31978.0,11507.0,43485.0,182723.0,192385.0,375108.0,24130.0,8005.0,32135.0,13821.0,4327.0,18148.0,10951.0,3458.0,14409.0,9195.0,2612.0,11807.0,7542.0,2036.0,9578.0,7103.0,1919.0,9022.0,4982.0,1379.0,6361.0,3585.0,854.0,4439.0,2276.0,551.0,2827.0,1521.0,414.0,1935.0,204111.0,214322.0,418433.0,2242.0,629.0,2871.0
2011,19633018.0,18429700.0,38062718.0,NA,NA,NA,209001.0,219532.0,428533.0,182662.0,192293.0,374955.0,184319.0,193735.0,378054.0,189356.0,200047.0,389403.0,197967.0,207934.0,405901.0,205853.0,216876.0,422729.0,212710.0,222099.0,434809.0,226864.0,236019.0,462883.0,235645.0,246565.0,482210.0,245080.0,255926.0,501006.0,259045.0,271284.0,530329.0,208362.0,218695.0,427057.0,265070.0,276721.0,541791.0,266662.0,278212.0,544874.0,274502.0,284936.0,559438.0,278017.0,289979.0,567996.0,289980.0,300554.0,590534.0,305944.0,317015.0,622959.0,314477.0,326476.0,640953.0,324308.0,334586.0,658894.0,312638.0,325081.0,637719.0,300513.0,310072.0,610585.0,194878.0,205104.0,399982.0,306884.0,315743.0,622627.0,304318.0,315388.0,619706.0,296981.0,306590.0,603571.0,294836.0,304944.0,599780.0,297015.0,305818.0,602833.0,287411.0,295774.0,583185.0,276952.0,286046.0,562998.0,266889.0,274614.0,541503.0,257226.0,265091.0,522317.0,248407.0,253718.0,502125.0,185114.0,195003.0,380117.0,240303.0,246821.0,487124.0,232729.0,237161.0,469890.0,228761.0,233398.0,462159.0,227061.0,231019.0,458080.0,228861.0,232185.0,461046.0,232136.0,234922.0,467058.0,238046.0,239989.0,478035.0,244529.0,244420.0,488949.0,247453.0,246555.0,494008.0,257970.0,255010.0,512980.0,178443.0,187728.0,366171.0,274496.0,268040.0,542536.0,293248.0,285394.0,578642.0,304615.0,293727.0,598342.0,310917.0,296801.0,607718.0,308182.0,292811.0,600993.0,312076.0,293979.0,606055.0,301362.0,279489.0,580851.0,299937.0,275022.0,574959.0,295694.0,267808.0,563502.0,292249.0,259292.0,551541.0,172394.0,182316.0,354710.0,277844.0,245911.0,523755.0,266709.0,231275.0,497984.0,257661.0,222122.0,479783.0,240332.0,203289.0,443621.0,218721.0,180670.0,399391.0,157185.0,126730.0,283915.0,155461.0,122226.0,277687.0,150105.0,116148.0,266253.0,146775.0,110862.0,257637.0,156101.0,115339.0,271440.0,169898.0,178730.0,348628.0,162898.0,116252.0,279150.0,162889.0,112760.0,275649.0,161348.0,108779.0,270127.0,160583.0,105840.0,266423.0,160203.0,102261.0,262464.0,154703.0,96457.0,251160.0,147659.0,88797.0,236456.0,140416.0,82748.0,223164.0,141845.0,79695.0,221540.0,136822.0,75194.0,212016.0,171386.0,180735.0,352121.0,133938.0,70121.0,204059.0,119683.0,60200.0,179883.0,108960.0,52229.0,161189.0,95343.0,42335.0,137678.0,87740.0,35675.0,123415.0,81990.0,31885.0,113875.0,66852.0,24608.0,91460.0,58535.0,21460.0,79995.0,48133.0,16539.0,64672.0,34610.0,11769.0,46379.0,177722.0,187152.0,364874.0,26780.0,9401.0,36181.0,19888.0,6329.0,26217.0,11152.0,3340.0,14492.0,8677.0,2610.0,11287.0,7118.0,1957.0,9075.0,5762.0,1466.0,7228.0,5224.0,1363.0,6587.0,3545.0,993.0,4538.0,2504.0,588.0,3092.0,1569.0,376.0,1945.0,199919.0,211411.0,411330.0,2482.0,716.0,3198.0
2012,19636496.0,18427296.0,38063792.0,NA,NA,NA,200653.0,212183.0,412836.0,177657.0,187071.0,364728.0,182576.0,192191.0,374767.0,184252.0,193656.0,377908.0,189272.0,199931.0,389203.0,197843.0,207802.0,405645.0,205749.0,216738.0,422487.0,212600.0,221959.0,434559.0,226751.0,235849.0,462600.0,235571.0,246350.0,481921.0,244974.0,255458.0,500432.0,209260.0,219742.0,429002.0,258937.0,270920.0,529857.0,264927.0,276338.0,541265.0,266523.0,277878.0,544401.0,274340.0,284622.0,558962.0,277854.0,289682.0,567536.0,289780.0,300286.0,590066.0,305730.0,316769.0,622499.0,314195.0,326203.0,640398.0,323929.0,334331.0,658260.0,312320.0,324733.0,637053.0,208466.0,218746.0,427212.0,300219.0,309690.0,609909.0,306534.0,315304.0,621838.0,303919.0,314920.0,618839.0,296632.0,306061.0,602693.0,294501.0,304355.0,598856.0,296679.0,305186.0,601865.0,287062.0,295104.0,582166.0,276580.0,285295.0,561875.0,266541.0,273885.0,540426.0,256871.0,264346.0,521217.0,194873.0,205106.0,399979.0,248008.0,252934.0,500942.0,239918.0,245910.0,485828.0,232320.0,236233.0,468553.0,228320.0,232429.0,460749.0,226606.0,229943.0,456549.0,228416.0,231028.0,459444.0,231648.0,233594.0,465242.0,237472.0,238588.0,476060.0,243909.0,242859.0,486768.0,246744.0,244804.0,491548.0,185086.0,194963.0,380049.0,257194.0,253045.0,510239.0,273555.0,265752.0,539307.0,292125.0,282701.0,574826.0,303350.0,290736.0,594086.0,309524.0,293454.0,602978.0,306760.0,289236.0,595996.0,310417.0,290102.0,600519.0,299710.0,275624.0,575334.0,298246.0,270908.0,569154.0,293743.0,263393.0,557136.0,178420.0,187638.0,366058.0,290140.0,254708.0,544848.0,275727.0,241290.0,517017.0,264464.0,226731.0,491195.0,255359.0,217349.0,472708.0,237975.0,198560.0,436535.0,216535.0,176146.0,392681.0,155341.0,123279.0,278620.0,153560.0,118824.0,272384.0,148131.0,112715.0,260846.0,144729.0,107229.0,251958.0,172326.0,182233.0,354559.0,153762.0,111395.0,265157.0,160183.0,111992.0,272175.0,159834.0,108290.0,268124.0,158126.0,104140.0,262266.0,156947.0,101033.0,257980.0,156111.0,97109.0,253220.0,150280.0,91242.0,241522.0,142991.0,83627.0,226618.0,135475.0,77447.0,212922.0,136148.0,74174.0,210322.0,169805.0,178654.0,348459.0,130584.0,69475.0,200059.0,126807.0,64332.0,191139.0,112468.0,54824.0,167292.0,101634.0,47164.0,148798.0,88059.0,37735.0,125794.0,80130.0,31529.0,111659.0,73945.0,27795.0,101740.0,59563.0,21133.0,80696.0,51356.0,18078.0,69434.0,41655.0,13841.0,55496.0,171314.0,180647.0,351961.0,29445.0,9639.0,39084.0,22306.0,7578.0,29884.0,16091.0,5008.0,21099.0,8828.0,2563.0,11391.0,6772.0,1977.0,8749.0,5463.0,1463.0,6926.0,4299.0,1057.0,5356.0,3830.0,994.0,4824.0,2572.0,690.0,3262.0,1764.0,389.0,2153.0,184778.0,195890.0,380668.0,2823.0,764.0,3587.0
2013,19636442.0,18426093.0,38062535.0,NA,NA,NA,188798.0,200026.0,388824.0,171230.0,180517.0,351747.0,177544.0,186966.0,364510.0,182480.0,192041.0,374521.0,184135.0,193525.0,377660.0,189183.0,199794.0,388977.0,197780.0,207673.0,405453.0,205635.0,216579.0,422214.0,212531.0,221776.0,434307.0,226665.0,235580.0,462245.0,235464.0,245640.0,481104.0,200827.0,212348.0,413175.0,244758.0,255031.0,499789.0,258798.0,270596.0,529394.0,264784.0,276057.0,540841.0,266319.0,277737.0,544056.0,274188.0,284548.0,558736.0,277685.0,289766.0,567451.0,289507.0,300408.0,589915.0,305419.0,317022.0,622441.0,313798.0,326573.0,640371.0,323501.0,334524.0,658025.0,209376.0,219822.0,429198.0,311958.0,324691.0,636649.0,299819.0,309537.0,609356.0,306091.0,315030.0,621121.0,303499.0,314582.0,618081.0,296241.0,305596.0,601837.0,294149.0,303716.0,597865.0,296303.0,304564.0,600867.0,286692.0,294343.0,581035.0,276183.0,284544.0,560727.0,266220.0,273110.0,539330.0,208441.0,218707.0,427148.0,256528.0,263482.0,520010.0,247628.0,252109.0,499737.0,239542.0,245075.0,484617.0,231898.0,235241.0,467139.0,227895.0,231443.0,459338.0,226158.0,228823.0,454981.0,227922.0,229798.0,457720.0,231117.0,232211.0,463328.0,236861.0,237088.0,473949.0,243234.0,241138.0,484372.0,194804.0,205019.0,399823.0,245986.0,242898.0,488884.0,256356.0,250788.0,507144.0,272522.0,263265.0,535787.0,291021.0,279832.0,570853.0,301968.0,287561.0,589529.0,308044.0,289892.0,597936.0,305169.0,285466.0,590635.0,308655.0,286044.0,594699.0,297979.0,271487.0,569466.0,296327.0,266560.0,562887.0,185030.0,194867.0,379897.0,291705.0,258806.0,550511.0,287844.0,249713.0,537557.0,273509.0,236349.0,509858.0,262035.0,221783.0,483818.0,252790.0,212289.0,465079.0,235462.0,193666.0,429128.0,214000.0,171471.0,385471.0,153388.0,119755.0,273143.0,151502.0,115188.0,266690.0,146068.0,109202.0,255270.0,178340.0,187571.0,365911.0,142590.0,103504.0,246094.0,151176.0,107316.0,258492.0,157143.0,107602.0,264745.0,156523.0,103700.0,260223.0,154563.0,99368.0,253931.0,153026.0,96004.0,249030.0,151654.0,91912.0,243566.0,145607.0,85807.0,231414.0,137831.0,78396.0,216227.0,130079.0,72097.0,202176.0,172225.0,182095.0,354320.0,129911.0,68556.0,198467.0,123823.0,63852.0,187675.0,119258.0,58538.0,177796.0,104895.0,49353.0,154248.0,93909.0,42199.0,136108.0,80540.0,33371.0,113911.0,72437.0,27429.0,99866.0,65905.0,23854.0,89759.0,52338.0,17850.0,70188.0,44296.0,15145.0,59441.0,169708.0,178557.0,348265.0,35240.0,11206.0,46446.0,24605.0,7723.0,32328.0,18162.0,5960.0,24122.0,12680.0,3886.0,16566.0,6889.0,1926.0,8815.0,5136.0,1409.0,6545.0,4069.0,1072.0,5141.0,3141.0,723.0,3864.0,2764.0,677.0,3441.0,1829.0,489.0,2318.0,184009.0,194886.0,378895.0,3193.0,782.0,3975.0
2014,19613892.0,18403964.0,38017856.0,NA,NA,NA,188659.0,199897.0,388556.0,169513.0,178335.0,347848.0,171004.0,180332.0,351336.0,177345.0,186760.0,364105.0,182283.0,191820.0,374103.0,183945.0,193327.0,377272.0,188969.0,199567.0,388536.0,197606.0,207413.0,405019.0,205463.0,216302.0,421765.0,212366.0,221432.0,433798.0,226443.0,234674.0,461117.0,188742.0,199974.0,388716.0,235225.0,245141.0,480366.0,244515.0,254556.0,499071.0,258494.0,270210.0,528704.0,264540.0,275729.0,540269.0,265993.0,277393.0,543386.0,273737.0,284253.0,557990.0,277144.0,289364.0,566508.0,288842.0,300030.0,588872.0,304729.0,316605.0,621334.0,313038.0,326127.0,639165.0,200737.0,212199.0,412936.0,322604.0,333966.0,656570.0,311113.0,324045.0,635158.0,299036.0,308772.0,607808.0,305286.0,314214.0,619500.0,302794.0,313698.0,616492.0,295538.0,304749.0,600287.0,293480.0,302833.0,596313.0,295663.0,303643.0,599306.0,285993.0,293438.0,579431.0,275558.0,283565.0,559123.0,209199.0,219666.0,428865.0,265574.0,272163.0,537737.0,255958.0,262488.0,518446.0,247121.0,251062.0,498183.0,238939.0,243966.0,482905.0,231286.0,234117.0,465403.0,227272.0,230339.0,457611.0,225549.0,227620.0,453169.0,227294.0,228390.0,455684.0,230379.0,230753.0,461132.0,236091.0,235440.0,471531.0,208206.0,218456.0,426662.0,242384.0,239266.0,481650.0,245050.0,240858.0,485908.0,255317.0,248473.0,503790.0,271449.0,260642.0,532091.0,289718.0,276681.0,566399.0,300462.0,284198.0,584660.0,306340.0,286108.0,592448.0,303472.0,281616.0,585088.0,306780.0,281793.0,588573.0,295915.0,267166.0,563081.0,194568.0,204721.0,399289.0,294223.0,261887.0,556110.0,289383.0,253950.0,543333.0,285359.0,244661.0,530020.0,270909.0,231222.0,502131.0,259419.0,216701.0,476120.0,250105.0,207093.0,457198.0,232778.0,188461.0,421239.0,211317.0,166674.0,377991.0,151306.0,116110.0,267416.0,149339.0,111539.0,260878.0,184779.0,194642.0,379421.0,143693.0,105550.0,249243.0,140161.0,99861.0,240022.0,148323.0,103119.0,251442.0,154061.0,103073.0,257134.0,153039.0,98944.0,251983.0,150796.0,94537.0,245333.0,148713.0,90907.0,239620.0,147010.0,86689.0,233699.0,140534.0,80352.0,220886.0,132421.0,73081.0,205502.0,178130.0,187325.0,365455.0,124260.0,66835.0,191095.0,123295.0,63002.0,186297.0,116579.0,58131.0,174710.0,111268.0,52957.0,164225.0,97133.0,44180.0,141313.0,85998.0,37365.0,123363.0,72866.0,29103.0,101969.0,64467.0,23589.0,88056.0,57937.0,20139.0,78076.0,45154.0,15010.0,60164.0,172016.0,181907.0,353923.0,37606.0,12419.0,50025.0,29411.0,8973.0,38384.0,19971.0,6120.0,26091.0,14487.0,4559.0,19046.0,9866.0,2921.0,12787.0,5194.0,1402.0,6596.0,3831.0,1000.0,4831.0,2954.0,758.0,3712.0,2223.0,515.0,2738.0,2008.0,491.0,2499.0,175290.0,184948.0,360238.0,3560.0,917.0,4477.0
2015,19608451.0,18397163.0,38005614.0,NA,NA,NA,179670.0,189704.0,369374.0,171915.0,181762.0,353677.0,169388.0,178181.0,347569.0,170888.0,180223.0,351111.0,177203.0,186610.0,363813.0,182125.0,191648.0,373773.0,183838.0,193211.0,377049.0,188872.0,199402.0,388274.0,197517.0,207240.0,404757.0,205413.0,216044.0,421457.0,212281.0,220556.0,432837.0,188748.0,199967.0,388715.0,226353.0,234236.0,460589.0,235111.0,244831.0,479942.0,244465.0,254274.0,498739.0,258425.0,269970.0,528395.0,264414.0,275414.0,539828.0,265795.0,277162.0,542957.0,273565.0,284037.0,557602.0,276959.0,289059.0,566018.0,288574.0,299730.0,588304.0,304388.0,316266.0,620654.0,188749.0,199990.0,388739.0,312685.0,325752.0,638437.0,322177.0,333377.0,655554.0,310725.0,323517.0,634242.0,298641.0,308356.0,606997.0,304870.0,313619.0,618489.0,302324.0,313051.0,615375.0,295108.0,304026.0,599134.0,293031.0,302115.0,595146.0,295172.0,302880.0,598052.0,285581.0,292625.0,578206.0,200678.0,212167.0,412845.0,275074.0,282783.0,557857.0,265091.0,271347.0,536438.0,255530.0,261598.0,517128.0,246667.0,250082.0,496749.0,238399.0,242866.0,481265.0,230838.0,233050.0,463888.0,226802.0,229245.0,456047.0,225038.0,226410.0,451448.0,226686.0,227160.0,453846.0,229750.0,229301.0,459051.0,209055.0,219525.0,428580.0,235366.0,233759.0,469125.0,241610.0,237455.0,479065.0,244165.0,238958.0,483123.0,254313.0,246258.0,500571.0,270247.0,258045.0,528292.0,288373.0,273579.0,561952.0,298951.0,280818.0,579769.0,304663.0,282358.0,587021.0,301758.0,277831.0,579589.0,304903.0,277524.0,582427.0,208064.0,218309.0,426373.0,293906.0,262816.0,556722.0,291952.0,257271.0,549223.0,287039.0,249091.0,536130.0,282938.0,239699.0,522637.0,268445.0,226276.0,494721.0,256709.0,211634.0,468343.0,247293.0,201832.0,449125.0,230039.0,183265.0,413304.0,208540.0,161878.0,370418.0,149155.0,112722.0,261877.0,194462.0,204605.0,399067.0,147091.0,107996.0,255087.0,141313.0,101735.0,243048.0,137691.0,96203.0,233894.0,145494.0,99028.0,244522.0,150812.0,98585.0,249397.0,149528.0,94294.0,243822.0,146851.0,89772.0,236623.0,144346.0,85895.0,230241.0,142207.0,81470.0,223677.0,135242.0,75190.0,210432.0,184669.0,194525.0,379194.0,126703.0,67829.0,194532.0,118261.0,61763.0,180024.0,116573.0,57661.0,174234.0,109408.0,52800.0,162208.0,103668.0,47651.0,151319.0,89252.0,39312.0,128564.0,78298.0,32878.0,111176.0,65454.0,25184.0,90638.0,57112.0,20198.0,77310.0,50546.0,16948.0,67494.0,178002.0,187190.0,365192.0,38702.0,12503.0,51205.0,31590.0,10222.0,41812.0,24289.0,7201.0,31490.0,16179.0,4791.0,20970.0,11407.0,3468.0,14875.0,7607.0,2181.0,9788.0,3946.0,1025.0,4971.0,2805.0,710.0,3515.0,2199.0,520.0,2719.0,1593.0,341.0,1934.0,178081.0,188687.0,366768.0,4063.0,1055.0,5118.0
2016,19590169.0,18377040.0,37967209.0,NA,NA,NA,182024.0,192687.0,374711.0,177939.0,187058.0,364997.0,171781.0,181650.0,353431.0,169270.0,178055.0,347325.0,170741.0,180063.0,350804.0,177102.0,186458.0,363560.0,181995.0,191491.0,373486.0,183747.0,193044.0,376791.0,188776.0,199225.0,388001.0,197473.0,207024.0,404497.0,205300.0,215178.0,420478.0,179742.0,189754.0,369496.0,212185.0,220190.0,432375.0,226198.0,233867.0,460065.0,235027.0,244534.0,479561.0,244398.0,254031.0,498429.0,258308.0,269793.0,528101.0,264249.0,275212.0,539461.0,265691.0,276920.0,542611.0,273299.0,283673.0,556972.0,276674.0,288752.0,565426.0,288209.0,299331.0,587540.0,188750.0,199982.0,388732.0,304065.0,315808.0,619873.0,312304.0,325106.0,637410.0,321757.0,332846.0,654603.0,310246.0,322933.0,633179.0,298153.0,307729.0,605882.0,304398.0,312861.0,617259.0,301862.0,312329.0,614191.0,294624.0,303259.0,597883.0,292583.0,301253.0,593836.0,294752.0,302036.0,596788.0,188691.0,199975.0,388666.0,285097.0,291786.0,576883.0,274628.0,281945.0,556573.0,264611.0,270382.0,534993.0,255038.0,260688.0,515726.0,246144.0,249028.0,495172.0,237911.0,241744.0,479655.0,230348.0,231935.0,462283.0,226266.0,227988.0,454254.0,224431.0,225052.0,449483.0,226087.0,225736.0,451823.0,200516.0,212070.0,412586.0,229019.0,227734.0,456753.0,234614.0,231977.0,466591.0,240749.0,235489.0,476238.0,243327.0,236784.0,480111.0,253267.0,243726.0,496993.0,269023.0,255198.0,524221.0,286961.0,270278.0,557239.0,297358.0,277134.0,574492.0,302876.0,278395.0,581271.0,299855.0,273686.0,573541.0,208964.0,219392.0,428356.0,302841.0,272868.0,575709.0,291635.0,258097.0,549732.0,289566.0,252250.0,541816.0,284445.0,243844.0,528289.0,280127.0,234211.0,514338.0,265577.0,220914.0,486491.0,253825.0,206110.0,459935.0,244238.0,196250.0,440488.0,227063.0,177846.0,404909.0,205570.0,156737.0,362307.0,207924.0,218187.0,426111.0,146812.0,108913.0,255725.0,144683.0,104107.0,248790.0,138669.0,97915.0,236584.0,134953.0,92277.0,227230.0,142286.0,94560.0,236846.0,147243.0,93885.0,241128.0,145513.0,89440.0,234953.0,142531.0,84816.0,227347.0,139588.0,80694.0,220282.0,136822.0,76164.0,212986.0,194362.0,204460.0,398822.0,129426.0,69706.0,199132.0,120451.0,62600.0,183051.0,111686.0,56403.0,168089.0,109250.0,52216.0,161466.0,101616.0,47375.0,148991.0,95102.0,42224.0,137326.0,80946.0,34521.0,115467.0,70089.0,28413.0,98502.0,57647.0,21348.0,78995.0,49417.0,16836.0,66253.0,184598.0,194387.0,378985.0,42981.0,13989.0,56970.0,32358.0,10112.0,42470.0,25837.0,8100.0,33937.0,19476.0,5618.0,25094.0,12655.0,3615.0,16270.0,8645.0,2570.0,11215.0,5599.0,1557.0,7156.0,2888.0,693.0,3581.0,2006.0,506.0,2512.0,1565.0,357.0,1922.0,176219.0,186054.0,362273.0,4036.0,1041.0,5077.0
2017,19595127.0,18377837.0,37972964.0,NA,NA,NA,180601.0,190593.0,371194.0,184616.0,194383.0,378999.0,177937.0,187048.0,364985.0,171799.0,181615.0,353414.0,169270.0,178032.0,347302.0,170732.0,180023.0,350755.0,177117.0,186440.0,363557.0,181959.0,191441.0,373400.0,183728.0,192962.0,376690.0,188804.0,199049.0,387853.0,197393.0,206315.0,403708.0,182396.0,193106.0,375502.0,205227.0,214839.0,420066.0,212140.0,220010.0,432150.0,226172.0,233722.0,459894.0,235001.0,244393.0,479394.0,244384.0,254014.0,498398.0,258378.0,269690.0,528068.0,264262.0,275143.0,539405.0,265698.0,276860.0,542558.0,273309.0,283561.0,556870.0,276652.0,288662.0,565314.0,180042.0,190025.0,370067.0,288243.0,299261.0,587504.0,303969.0,315600.0,619569.0,312259.0,324893.0,637152.0,321685.0,332730.0,654415.0,310240.0,322578.0,632818.0,298059.0,307352.0,605411.0,304228.0,312544.0,616772.0,301705.0,311814.0,613519.0,294488.0,302755.0,597243.0,292419.0,300733.0,593152.0,188988.0,200207.0,389195.0,294615.0,301415.0,596030.0,284867.0,291192.0,576059.0,274385.0,281186.0,555571.0,264371.0,269565.0,533936.0,254724.0,259831.0,514555.0,245836.0,248179.0,494015.0,237545.0,240774.0,478319.0,229940.0,230884.0,460824.0,225793.0,226733.0,452526.0,223946.0,223753.0,447699.0,188853.0,200104.0,388957.0,225578.0,224326.0,449904.0,228384.0,226131.0,454515.0,233844.0,230181.0,464025.0,239960.0,233526.0,473486.0,242465.0,234612.0,477077.0,252302.0,241087.0,493389.0,267827.0,252251.0,520078.0,285493.0,266913.0,552406.0,295728.0,273415.0,569143.0,301092.0,274299.0,575391.0,200646.0,212130.0,412776.0,297973.0,269180.0,567153.0,300668.0,268094.0,568762.0,289373.0,253217.0,542590.0,287027.0,247271.0,534298.0,281872.0,238487.0,520359.0,277298.0,228795.0,506093.0,262758.0,215354.0,478112.0,250800.0,200308.0,451108.0,241157.0,190630.0,431787.0,224013.0,172454.0,396467.0,209068.0,219464.0,428532.0,202334.0,151669.0,354003.0,144310.0,105145.0,249455.0,142142.0,100242.0,242384.0,136002.0,94013.0,230015.0,132113.0,88373.0,220486.0,139054.0,90219.0,229273.0,143482.0,89219.0,232701.0,141431.0,84634.0,226065.0,138010.0,79861.0,217871.0,134568.0,75624.0,210192.0,207975.0,218226.0,426201.0,131437.0,70846.0,202283.0,123446.0,64419.0,187865.0,114120.0,57433.0,171553.0,104969.0,51384.0,156353.0,101929.0,47168.0,149097.0,93840.0,42299.0,136139.0,86608.0,37355.0,123963.0,72775.0,30050.0,102825.0,62242.0,24344.0,86586.0,50433.0,18040.0,68473.0,194436.0,204499.0,398935.0,42496.0,14001.0,56497.0,36399.0,11438.0,47837.0,26849.0,8086.0,34935.0,20942.0,6349.0,27291.0,15572.0,4383.0,19955.0,9906.0,2751.0,12657.0,6534.0,1908.0,8442.0,4125.0,1094.0,5219.0,2086.0,503.0,2589.0,1426.0,379.0,1805.0,182830.0,192679.0,375509.0,4205.0,1070.0,5275.0
2018,19596388.0,18380299.0,37976687.0,NA,NA,NA,187153.0,197280.0,384433.0,194390.0,204475.0,398865.0,184590.0,194332.0,378922.0,177899.0,186986.0,364885.0,171787.0,181584.0,353371.0,169204.0,177999.0,347203.0,170692.0,179961.0,350653.0,177018.0,186346.0,363364.0,181879.0,191321.0,373200.0,183667.0,192746.0,376413.0,188731.0,198238.0,386969.0,181001.0,191036.0,372037.0,197314.0,206036.0,403350.0,205220.0,214697.0,419917.0,212161.0,219887.0,432048.0,226177.0,233570.0,459747.0,235059.0,244409.0,479468.0,244431.0,253983.0,498414.0,258372.0,269518.0,527890.0,264220.0,275096.0,539316.0,265585.0,276697.0,542282.0,273245.0,283361.0,556606.0,182719.0,193402.0,376121.0,276537.0,288469.0,565006.0,288078.0,299031.0,587109.0,303810.0,315321.0,619131.0,312077.0,324623.0,636700.0,321489.0,332301.0,653790.0,310019.0,322041.0,632060.0,297829.0,306816.0,604645.0,303900.0,311948.0,615848.0,301434.0,311187.0,612621.0,294152.0,302131.0,596283.0,180222.0,190171.0,370393.0,292110.0,300057.0,592167.0,294266.0,300637.0,594903.0,284509.0,290422.0,574931.0,274029.0,280369.0,554398.0,263984.0,268645.0,532629.0,254292.0,258848.0,513140.0,245333.0,247017.0,492350.0,237083.0,239648.0,476731.0,229476.0,229712.0,459188.0,225256.0,225396.0,450652.0,189104.0,200313.0,389417.0,223327.0,222386.0,445713.0,224953.0,222687.0,447640.0,227658.0,224350.0,452008.0,233096.0,228271.0,461367.0,239056.0,231363.0,470419.0,241451.0,232218.0,473669.0,251123.0,238330.0,489453.0,266523.0,249118.0,515641.0,283883.0,263253.0,547136.0,293986.0,269412.0,563398.0,188947.0,200173.0,389120.0,299046.0,269890.0,568936.0,295943.0,264536.0,560479.0,298331.0,263030.0,561361.0,286884.0,248130.0,535014.0,284466.0,241919.0,526385.0,278941.0,233014.0,511955.0,274261.0,223078.0,497339.0,259609.0,209522.0,469131.0,247429.0,194549.0,441978.0,237804.0,184815.0,422619.0,200688.0,212167.0,412855.0,220489.0,166811.0,387300.0,198969.0,146340.0,345309.0,141593.0,101197.0,242790.0,139241.0,96234.0,235475.0,133028.0,90119.0,223147.0,128991.0,84304.0,213295.0,135459.0,85767.0,221226.0,139444.0,84466.0,223910.0,136897.0,79681.0,216578.0,132916.0,74713.0,207629.0,209042.0,219515.0,428557.0,129092.0,70318.0,199410.0,125408.0,65479.0,190887.0,116960.0,59037.0,175997.0,107330.0,52153.0,159483.0,97719.0,46220.0,143939.0,93799.0,41930.0,135729.0,85501.0,37208.0,122709.0,77769.0,32354.0,110123.0,64406.0,25594.0,90000.0,54243.0,20399.0,74642.0,207990.0,218222.0,426212.0,43136.0,14910.0,58046.0,35469.0,11362.0,46831.0,29915.0,9165.0,39080.0,21444.0,6343.0,27787.0,16464.0,4843.0,21307.0,12021.0,3318.0,15339.0,7423.0,2018.0,9441.0,4769.0,1350.0,6119.0,2940.0,782.0,3722.0,1452.0,352.0,1804.0,192000.0,202398.0,394398.0,4161.0,1123.0,5284.0
2019,19592436.0,18380376.0,37972812.0,NA,NA,NA,196578.0,207237.0,403815.0,208065.0,218300.0,426365.0,194410.0,204564.0,398974.0,184594.0,194381.0,378975.0,177879.0,187008.0,364887.0,171812.0,181580.0,353392.0,169208.0,177973.0,347181.0,170691.0,179954.0,350645.0,176980.0,186263.0,363243.0,181867.0,191155.0,373022.0,183622.0,192032.0,375654.0,187740.0,197882.0,385622.0,188737.0,198049.0,386786.0,197395.0,205971.0,403366.0,205303.0,214716.0,420019.0,212307.0,219992.0,432299.0,226397.0,233790.0,460187.0,235306.0,244605.0,479911.0,244652.0,254217.0,498869.0,258605.0,269688.0,528293.0,264321.0,275307.0,539628.0,265739.0,276729.0,542468.0,181455.0,191547.0,373002.0,273348.0,283408.0,556756.0,276593.0,288531.0,565124.0,288176.0,299036.0,587212.0,303837.0,315264.0,619101.0,312087.0,324470.0,636557.0,321430.0,332129.0,653559.0,310007.0,321860.0,631867.0,297742.0,306647.0,604389.0,303776.0,311546.0,615322.0,301296.0,310718.0,612014.0,183046.0,193764.0,376810.0,293964.0,301672.0,595636.0,291942.0,299451.0,591393.0,294053.0,299969.0,594022.0,284296.0,289660.0,573956.0,273761.0,279586.0,553347.0,263665.0,267850.0,531515.0,253989.0,257886.0,511875.0,244980.0,246015.0,490995.0,236702.0,238619.0,475321.0,229024.0,228534.0,457558.0,180490.0,190439.0,370929.0,224758.0,224029.0,448787.0,222771.0,221060.0,443831.0,224290.0,221084.0,445374.0,226959.0,222557.0,449516.0,232350.0,226258.0,458608.0,238119.0,229090.0,467209.0,240401.0,229615.0,470016.0,249938.0,235483.0,485421.0,265022.0,245781.0,510803.0,282124.0,259303.0,541427.0,189365.0,200569.0,389934.0,292002.0,265111.0,557113.0,296826.0,265300.0,562126.0,293584.0,259731.0,553315.0,295760.0,257735.0,553495.0,284180.0,242666.0,526846.0,281661.0,236152.0,517813.0,275854.0,226932.0,502786.0,271039.0,216759.0,487798.0,256168.0,203440.0,459608.0,243869.0,188423.0,432292.0,189118.0,200353.0,389471.0,234103.0,178735.0,412838.0,216736.0,160895.0,377631.0,195216.0,140840.0,336056.0,138717.0,97132.0,235849.0,136156.0,92117.0,228273.0,129756.0,85969.0,215725.0,125531.0,79993.0,205524.0,131424.0,80957.0,212381.0,134902.0,79550.0,214452.0,132014.0,74628.0,206642.0,200810.0,212266.0,413076.0,127407.0,69476.0,196883.0,123102.0,64926.0,188028.0,118740.0,60000.0,178740.0,109891.0,53724.0,163615.0,99833.0,46912.0,146745.0,90093.0,41105.0,131198.0,85313.0,36922.0,122235.0,76863.0,32324.0,109187.0,68764.0,27636.0,96400.0,56101.0,21490.0,77591.0,209153.0,219617.0,428770.0,46424.0,16880.0,63304.0,36249.0,12145.0,48394.0,29170.0,9012.0,38182.0,24011.0,7125.0,31136.0,16812.0,4815.0,21627.0,12622.0,3651.0,16273.0,8976.0,2473.0,11449.0,5476.0,1504.0,6980.0,3426.0,967.0,4393.0,2024.0,548.0,2572.0,184334.0,195435.0,379769.0,4262.0,1182.0,5444.0
2020,19584757.0,18373381.0,37958138.0,NA,NA,NA,188469.0,199873.0,388342.0,209206.0,219637.0,428843.0,208141.0,218318.0,426459.0,194444.0,204586.0,399030.0,184636.0,194356.0,378992.0,177911.0,187045.0,364956.0,171841.0,181535.0,353376.0,169219.0,177965.0,347184.0,170700.0,179906.0,350606.0,177007.0,186122.0,363129.0,181844.0,190440.0,372284.0,197176.0,207846.0,405022.0,183662.0,191858.0,375520.0,188842.0,198019.0,386861.0,197503.0,205954.0,403457.0,205565.0,214830.0,420395.0,212543.0,220075.0,432618.0,226548.0,233945.0,460493.0,235468.0,244748.0,480216.0,244827.0,254319.0,499146.0,258724.0,269815.0,528539.0,264341.0,275288.0,539629.0,188354.0,198522.0,386876.0,265800.0,276812.0,542612.0,273399.0,283448.0,556847.0,276648.0,288351.0,564999.0,288144.0,298841.0,586985.0,303788.0,315075.0,618863.0,312031.0,324132.0,636163.0,321408.0,331721.0,653129.0,309829.0,321542.0,631371.0,297637.0,306192.0,603829.0,303570.0,311090.0,614660.0,181928.0,192055.0,373983.0,301051.0,310204.0,611255.0,293818.0,301061.0,594879.0,291736.0,298824.0,590560.0,293826.0,299101.0,592927.0,284042.0,288809.0,572851.0,273410.0,278588.0,551998.0,263336.0,266861.0,530197.0,253662.0,256843.0,510505.0,244527.0,244950.0,489477.0,236240.0,237354.0,473594.0,183370.0,194065.0,377435.0,228511.0,227190.0,455701.0,224183.0,222528.0,446711.0,222191.0,219473.0,441664.0,223664.0,219362.0,443026.0,226158.0,220645.0,446803.0,231529.0,224063.0,455592.0,237128.0,226662.0,463790.0,239290.0,226917.0,466207.0,248631.0,232485.0,481116.0,263472.0,242297.0,505769.0,180702.0,190752.0,371454.0,280313.0,255119.0,535432.0,289866.0,260535.0,550401.0,294521.0,260399.0,554920.0,291054.0,254686.0,545740.0,293077.0,252218.0,545295.0,281353.0,237063.0,518416.0,278614.0,229896.0,508510.0,272541.0,220630.0,493171.0,267494.0,210440.0,477934.0,252559.0,197234.0,449793.0,189601.0,200816.0,390417.0,240087.0,182265.0,422352.0,230136.0,172630.0,402766.0,212827.0,154980.0,367807.0,191200.0,135266.0,326466.0,135677.0,93081.0,228758.0,132816.0,87860.0,220676.0,126301.0,81960.0,208261.0,121845.0,75895.0,197740.0,127176.0,76357.0,203533.0,130127.0,74677.0,204804.0,189282.0,200454.0,389736.0,126794.0,69532.0,196326.0,121678.0,64412.0,186090.0,116805.0,59776.0,176581.0,112009.0,54692.0,166701.0,102690.0,48599.0,151289.0,92353.0,42029.0,134382.0,82232.0,36338.0,118570.0,76910.0,32400.0,109310.0,68404.0,27763.0,96167.0,60313.0,23447.0,83760.0,200884.0,212368.0,413252.0,48305.0,17868.0,66173.0,39252.0,13789.0,53041.0,30059.0,9780.0,39839.0,23578.0,7052.0,30630.0,19047.0,5509.0,24556.0,13104.0,3673.0,16777.0,9682.0,2755.0,12437.0,6686.0,1883.0,8569.0,3978.0,1119.0,5097.0,2467.0,701.0,3168.0,178566.0,188708.0,367274.0,4864.0,1432.0,6296.0
2021,19131216.0,17942141.0,37073357.0,NA,NA,NA,180729.0,190915.0,371644.0,198109.0,209563.0,407672.0,200612.0,210572.0,411184.0,198029.0,207802.0,405831.0,184653.0,194230.0,378883.0,175462.0,184552.0,360014.0,168537.0,177324.0,345861.0,162574.0,171807.0,334381.0,161269.0,169424.0,330693.0,167652.0,176200.0,343852.0,174654.0,182495.0,357149.0,188124.0,199367.0,387491.0,179031.0,187173.0,366204.0,180175.0,188232.0,368407.0,184996.0,194400.0,379396.0,193237.0,202208.0,395445.0,199839.0,210204.0,410043.0,205341.0,214705.0,420046.0,217103.0,226746.0,443849.0,224452.0,236220.0,460672.0,232852.0,244593.0,477445.0,245754.0,259211.0,504965.0,196930.0,207851.0,404781.0,251610.0,264628.0,516238.0,253168.0,265803.0,518971.0,260855.0,272358.0,533213.0,264377.0,277401.0,541778.0,276745.0,288691.0,565436.0,292847.0,305600.0,598447.0,301518.0,315008.0,616526.0,310873.0,322691.0,633564.0,300616.0,313296.0,613912.0,289275.0,298976.0,588251.0,188489.0,198808.0,387297.0,295770.0,303763.0,599533.0,294177.0,303263.0,597440.0,288097.0,294472.0,582569.0,286374.0,292656.0,579030.0,288499.0,292934.0,581433.0,278927.0,283213.0,562140.0,268679.0,272835.0,541514.0,258649.0,261086.0,519735.0,249125.0,251104.0,500229.0,239850.0,239275.0,479125.0,183189.0,193430.0,376619.0,231790.0,231752.0,463542.0,224188.0,221768.0,445956.0,219700.0,217163.0,436863.0,217604.0,213741.0,431345.0,219080.0,213151.0,432231.0,221635.0,214496.0,436131.0,226702.0,217625.0,444327.0,232259.0,219897.0,452156.0,234477.0,219898.0,454375.0,243541.0,224913.0,468454.0,184012.0,194331.0,378343.0,258444.0,234204.0,492648.0,274869.0,246305.0,521174.0,283980.0,251249.0,535229.0,288687.0,251101.0,539788.0,285415.0,245613.0,531028.0,287090.0,243085.0,530175.0,275437.0,227868.0,503305.0,272688.0,220934.0,493622.0,266426.0,211755.0,478181.0,261399.0,201573.0,462972.0,180485.0,190252.0,370737.0,246488.0,188353.0,434841.0,233755.0,173700.0,407455.0,223587.0,164053.0,387640.0,206596.0,147075.0,353671.0,185190.0,127840.0,313030.0,131020.0,87486.0,218506.0,127849.0,82018.0,209867.0,121070.0,76098.0,197168.0,116506.0,70238.0,186744.0,121053.0,70074.0,191127.0,188447.0,199631.0,388078.0,123340.0,67911.0,191251.0,119630.0,62728.0,182358.0,113637.0,57535.0,171172.0,108329.0,52904.0,161233.0,102795.0,47900.0,150695.0,93051.0,41870.0,134921.0,82651.0,35662.0,118313.0,72673.0,30410.0,103083.0,66810.0,26603.0,93413.0,58365.0,22313.0,80678.0,187332.0,198336.0,385668.0,50024.0,18382.0,68406.0,39177.0,13555.0,52732.0,31179.0,10279.0,41458.0,23252.0,7139.0,30391.0,17636.0,4933.0,22569.0,13931.0,3745.0,17676.0,9340.0,2402.0,11742.0,6664.0,1746.0,8410.0,4427.0,1133.0,5560.0,2582.0,659.0,3241.0,167810.0,176777.0,344587.0,3289.0,894.0,4183.0
2022,19043758.0,17846003.0,36889761.0,NA,NA,NA,170854.0,179949.0,350803.0,187370.0,198340.0,385710.0,198117.0,209562.0,407679.0,200600.0,210521.0,411121.0,197959.0,207726.0,405685.0,184585.0,194190.0,378775.0,175423.0,184481.0,359904.0,168507.0,177169.0,345676.0,162500.0,171707.0,334207.0,161198.0,169239.0,330437.0,167578.0,175605.0,343183.0,181067.0,191241.0,372308.0,174574.0,182136.0,356710.0,179079.0,187047.0,366126.0,180289.0,188174.0,368463.0,185101.0,194363.0,379464.0,193390.0,202158.0,395548.0,199928.0,210064.0,409992.0,205466.0,214623.0,420089.0,217254.0,226584.0,443838.0,224489.0,236119.0,460608.0,232880.0,244296.0,477176.0,188453.0,199699.0,388152.0,245666.0,258928.0,504594.0,251525.0,264337.0,515862.0,253115.0,265580.0,518695.0,260675.0,271904.0,532579.0,264091.0,276798.0,540889.0,276472.0,288033.0,564505.0,292580.0,304857.0,597437.0,301177.0,314120.0,615297.0,310399.0,321747.0,632146.0,300269.0,312281.0,612550.0,197282.0,208213.0,405495.0,288775.0,297978.0,586753.0,295286.0,302692.0,597978.0,293657.0,302076.0,595733.0,287549.0,293198.0,580747.0,285830.0,291289.0,577119.0,287882.0,291492.0,579374.0,278200.0,281685.0,559885.0,268001.0,271204.0,539205.0,257964.0,259473.0,517437.0,248386.0,249460.0,497846.0,188798.0,199126.0,387924.0,239006.0,237495.0,476501.0,230986.0,229776.0,460762.0,223376.0,219702.0,443078.0,218842.0,215024.0,433866.0,216626.0,211442.0,428068.0,218034.0,210534.0,428568.0,220440.0,211675.0,432115.0,225421.0,214654.0,440075.0,230833.0,216447.0,447280.0,232907.0,216189.0,449096.0,183523.0,193719.0,377242.0,241615.0,220745.0,462360.0,256133.0,229382.0,485515.0,272223.0,240860.0,513083.0,280913.0,245117.0,526030.0,285339.0,244548.0,529887.0,281668.0,238410.0,520078.0,283113.0,235202.0,518315.0,271166.0,219991.0,491157.0,268120.0,212828.0,480948.0,261497.0,203346.0,464843.0,184244.0,194572.0,378816.0,256084.0,193112.0,449196.0,241178.0,180018.0,421196.0,228113.0,165558.0,393671.0,217616.0,155555.0,373171.0,200600.0,139046.0,339646.0,179322.0,120190.0,299512.0,126456.0,81975.0,208431.0,122826.0,76390.0,199216.0,115913.0,70336.0,186249.0,110977.0,64472.0,175449.0,180583.0,190355.0,370938.0,114812.0,63907.0,178719.0,116352.0,61684.0,178036.0,111759.0,56286.0,168045.0,105343.0,51260.0,156603.0,99439.0,46386.0,145825.0,93288.0,41439.0,134727.0,83228.0,35618.0,118846.0,72888.0,29829.0,102717.0,62930.0,25004.0,87934.0,56931.0,21423.0,78354.0,188558.0,199701.0,388259.0,48554.0,17597.0,66151.0,40666.0,14197.0,54863.0,30912.0,10214.0,41126.0,24245.0,7601.0,31846.0,17515.0,5144.0,22659.0,12985.0,3446.0,16431.0,9987.0,2543.0,12530.0,6573.0,1597.0,8170.0,4618.0,1217.0,5835.0,2933.0,792.0,3725.0,159497.0,167954.0,327451.0,3812.0,1035.0,4847.0
2023,18980357.0,17773379.0,36753736.0,NA,NA,NA,162160.0,170830.0,332990.0,188727.0,199872.0,388599.0,187512.0,198492.0,386004.0,198226.0,209671.0,407897.0,200687.0,210578.0,411265.0,198010.0,207787.0,405797.0,184664.0,194224.0,378888.0,175517.0,184484.0,360001.0,168507.0,177169.0,345676.0,162518.0,171600.0,334118.0,161194.0,168518.0,329712.0,171144.0,180236.0,351380.0,167547.0,175164.0,342711.0,174609.0,181868.0,356477.0,179195.0,186875.0,366070.0,180321.0,188016.0,368337.0,185230.0,194148.0,379378.0,193447.0,201996.0,395443.0,200041.0,209843.0,409884.0,205566.0,214398.0,419964.0,217242.0,226183.0,443425.0,224468.0,235711.0,460179.0,181386.0,191520.0,372906.0,232849.0,243719.0,476568.0,245639.0,258342.0,503981.0,251455.0,263802.0,515257.0,253059.0,265062.0,518121.0,260675.0,271241.0,531916.0,264030.0,276110.0,540140.0,276391.0,287364.0,563755.0,292454.0,304086.0,596540.0,301035.0,313192.0,614227.0,310153.0,320797.0,630950.0,188763.0,199927.0,388690.0,299996.0,311330.0,611326.0,288565.0,297067.0,585632.0,295058.0,301710.0,596768.0,293262.0,300987.0,594249.0,287238.0,292162.0,579400.0,285429.0,290105.0,575534.0,287470.0,290148.0,577618.0,277758.0,280213.0,557971.0,267479.0,269724.0,537203.0,257426.0,257914.0,515340.0,197585.0,208587.0,406172.0,247822.0,247825.0,495647.0,238415.0,235807.0,474222.0,230326.0,228027.0,458353.0,222682.0,217826.0,440508.0,218034.0,212924.0,430958.0,215757.0,209254.0,425011.0,217098.0,208198.0,425296.0,219412.0,209170.0,428582.0,224235.0,211769.0,436004.0,229640.0,213313.0,442953.0,189160.0,199480.0,388640.0,231453.0,212772.0,444225.0,239817.0,216917.0,456734.0,254142.0,225234.0,479376.0,269939.0,235889.0,505828.0,278234.0,239821.0,518055.0,282360.0,238626.0,520986.0,278501.0,231759.0,510260.0,279656.0,228342.0,507998.0,267499.0,213261.0,480760.0,264171.0,205970.0,470141.0,183872.0,194105.0,377977.0,257335.0,196232.0,453567.0,251557.0,185862.0,437419.0,236427.0,172895.0,409322.0,223233.0,158533.0,381766.0,212497.0,148567.0,361064.0,195268.0,132207.0,327475.0,173999.0,113917.0,287916.0,122341.0,77390.0,199731.0,118528.0,71622.0,190150.0,111431.0,65681.0,177112.0,184490.0,194752.0,379242.0,106037.0,59856.0,165893.0,109123.0,58849.0,167972.0,109766.0,56284.0,166050.0,104636.0,50965.0,155601.0,97807.0,45832.0,143639.0,91317.0,41114.0,132431.0,84749.0,36127.0,120876.0,74544.0,30634.0,105178.0,64056.0,25218.0,89274.0,54437.0,20809.0,75246.0,180743.0,190499.0,371242.0,48328.0,17400.0,65728.0,40240.0,13991.0,54231.0,32939.0,10940.0,43879.0,24293.0,7741.0,32034.0,18607.0,5639.0,24246.0,13040.0,3697.0,16737.0,9368.0,2453.0,11821.0,7064.0,1767.0,8831.0,4545.0,1121.0,5666.0,3148.0,874.0,4022.0,146038.0,153500.0,299538.0,4514.0,1350.0,5864.0
2024,18914999.0,17705971.0,36620970.0,NA,NA,NA,148521.0,156215.0,304736.0,180767.0,190589.0,371356.0,188740.0,199844.0,388584.0,187476.0,198491.0,385967.0,198189.0,209610.0,407799.0,200629.0,210551.0,411180.0,197940.0,207714.0,405654.0,184576.0,194089.0,378665.0,175403.0,184352.0,359755.0,168504.0,177020.0,345524.0,162404.0,170714.0,333118.0,162381.0,171063.0,333444.0,161114.0,168222.0,329336.0,167510.0,175023.0,342533.0,174538.0,181722.0,356260.0,179169.0,186733.0,365902.0,180325.0,187907.0,368232.0,185163.0,194066.0,379229.0,193463.0,201907.0,395370.0,200058.0,209726.0,409784.0,205498.0,214190.0,419688.0,217165.0,225971.0,443136.0,171325.0,180482.0,351807.0,224374.0,235376.0,459750.0,232786.0,243526.0,476312.0,245511.0,258141.0,503652.0,251442.0,263419.0,514861.0,252929.0,264651.0,517580.0,260529.0,270899.0,531428.0,263876.0,275641.0,539517.0,276229.0,286813.0,563042.0,292268.0,303412.0,595680.0,300803.0,312628.0,613431.0,181574.0,191697.0,373271.0,309872.0,320017.0,629889.0,299683.0,310435.0,610118.0,288247.0,296262.0,584509.0,294652.0,300904.0,595556.0,292913.0,300046.0,592959.0,286841.0,291072.0,577913.0,284983.0,288985.0,573968.0,286957.0,288906.0,575863.0,277249.0,278894.0,556143.0,266949.0,268299.0,535248.0,188957.0,200111.0,389068.0,256794.0,256480.0,513274.0,247207.0,246297.0,493504.0,237744.0,234179.0,471923.0,229660.0,226339.0,455999.0,221940.0,216083.0,438023.0,217218.0,211088.0,428306.0,214882.0,207157.0,422039.0,216149.0,205868.0,422017.0,218411.0,206786.0,425197.0,223123.0,209066.0,432189.0,197888.0,208896.0,406784.0,228294.0,210385.0,438679.0,229887.0,209530.0,439417.0,238051.0,213175.0,451226.0,252085.0,221131.0,473216.0,267517.0,231180.0,498697.0,275653.0,234537.0,510190.0,279291.0,232573.0,511864.0,275317.0,225675.0,500992.0,276215.0,221931.0,498146.0,263837.0,206952.0,470789.0,189467.0,199806.0,389273.0,260356.0,199491.0,459847.0,253084.0,189648.0,442732.0,247056.0,179213.0,426269.0,231603.0,166408.0,398011.0,218235.0,152032.0,370267.0,207331.0,141986.0,349317.0,190051.0,125929.0,315980.0,168896.0,107941.0,276837.0,118374.0,73176.0,191550.0,114169.0,67229.0,181398.0,184016.0,194256.0,378272.0,106956.0,61329.0,168285.0,101233.0,55512.0,156745.0,103610.0,54262.0,157872.0,103370.0,51486.0,154856.0,97944.0,46243.0,144187.0,90649.0,41020.0,131669.0,83845.0,36446.0,120291.0,76728.0,31540.0,108268.0,66827.0,26461.0,93288.0,56333.0,21386.0,77719.0,184514.0,194806.0,379320.0,47003.0,17396.0,64399.0,40976.0,14336.0,55312.0,33378.0,11228.0,44606.0,26660.0,8568.0,35228.0,19178.0,5859.0,25037.0,14363.0,4319.0,18682.0,9798.0,2734.0,12532.0,6875.0,1802.0,8677.0,5123.0,1275.0,6398.0,3289.0,830.0,4119.0,130529.0,136600.0,267129.0,5535.0,1775.0,7310.0
