period,Annual – Number – Total – Females – United Kingdom (Eurostat/demo_pjan/A.NR.TOTAL.F.UK),Annual – Number – Total – Males – United Kingdom (Eurostat/demo_pjan/A.NR.TOTAL.M.UK),Annual – Number – Total – Total – United Kingdom (Eurostat/demo_pjan/A.NR.TOTAL.T.UK),Annual – Number – Unknown – Females – United Kingdom (Eurostat/demo_pjan/A.NR.UNK.F.UK),Annual – Number – Unknown – Males – United Kingdom (Eurostat/demo_pjan/A.NR.UNK.M.UK),Annual – Number – Unknown – Total – United Kingdom (Eurostat/demo_pjan/A.NR.UNK.T.UK),Annual – Number – 1 year – Females – United Kingdom (Eurostat/demo_pjan/A.NR.Y1.F.UK),Annual – Number – 1 year – Males – United Kingdom (Eurostat/demo_pjan/A.NR.Y1.M.UK),Annual – Number – 1 year – Total – United Kingdom (Eurostat/demo_pjan/A.NR.Y1.T.UK),Annual – Number – 10 years – Females – United Kingdom (Eurostat/demo_pjan/A.NR.Y10.F.UK),Annual – Number – 10 years – Males – United Kingdom (Eurostat/demo_pjan/A.NR.Y10.M.UK),Annual – Number – 10 years – Total – United Kingdom (Eurostat/demo_pjan/A.NR.Y10.T.UK),Annual – Number – 11 years – Females – United Kingdom (Eurostat/demo_pjan/A.NR.Y11.F.UK),Annual – Number – 11 years – Males – United Kingdom (Eurostat/demo_pjan/A.NR.Y11.M.UK),Annual – Number – 11 years – Total – United Kingdom (Eurostat/demo_pjan/A.NR.Y11.T.UK),Annual – Number – 12 years – Females – United Kingdom (Eurostat/demo_pjan/A.NR.Y12.F.UK),Annual – Number – 12 years – Males – United Kingdom (Eurostat/demo_pjan/A.NR.Y12.M.UK),Annual – Number – 12 years – Total – United Kingdom (Eurostat/demo_pjan/A.NR.Y12.T.UK),Annual – Number – 13 years – Females – United Kingdom (Eurostat/demo_pjan/A.NR.Y13.F.UK),Annual – Number – 13 years – Males – United Kingdom (Eurostat/demo_pjan/A.NR.Y13.M.UK),Annual – Number – 13 years – Total – United Kingdom (Eurostat/demo_pjan/A.NR.Y13.T.UK),Annual – Number – 14 years – Females – United Kingdom (Eurostat/demo_pjan/A.NR.Y14.F.UK),Annual – Number – 14 years – Males – United Kingdom (Eurostat/demo_pjan/A.NR.Y14.M.UK),Annual – Number – 14 years – Total – United Kingdom (Eurostat/demo_pjan/A.NR.Y14.T.UK),Annual – Number – 15 years – Females – United Kingdom (Eurostat/demo_pjan/A.NR.Y15.F.UK),Annual – Number – 15 years – Males – United Kingdom (Eurostat/demo_pjan/A.NR.Y15.M.UK),Annual – Number – 15 years – Total – United Kingdom (Eurostat/demo_pjan/A.NR.Y15.T.UK),Annual – Number – 16 years – Females – United Kingdom (Eurostat/demo_pjan/A.NR.Y16.F.UK),Annual – Number – 16 years – Males – United Kingdom (Eurostat/demo_pjan/A.NR.Y16.M.UK),Annual – Number – 16 years – Total – United Kingdom (Eurostat/demo_pjan/A.NR.Y16.T.UK),Annual – Number – 17 years – Females – United Kingdom (Eurostat/demo_pjan/A.NR.Y17.F.UK),Annual – Number – 17 years – Males – United Kingdom (Eurostat/demo_pjan/A.NR.Y17.M.UK),Annual – Number – 17 years – Total – United Kingdom (Eurostat/demo_pjan/A.NR.Y17.T.UK),Annual – Number – 18 years – Females – United Kingdom (Eurostat/demo_pjan/A.NR.Y18.F.UK),Annual – Number – 18 years – Males – United Kingdom (Eurostat/demo_pjan/A.NR.Y18.M.UK),Annual – Number – 18 years – Total – United Kingdom (Eurostat/demo_pjan/A.NR.Y18.T.UK),Annual – Number – 19 years – Females – United Kingdom (Eurostat/demo_pjan/A.NR.Y19.F.UK),Annual – Number – 19 years – Males – United Kingdom (Eurostat/demo_pjan/A.NR.Y19.M.UK),Annual – Number – 19 years – Total – United Kingdom (Eurostat/demo_pjan/A.NR.Y19.T.UK),Annual – Number – 2 years – Females – United Kingdom (Eurostat/demo_pjan/A.NR.Y2.F.UK),Annual – Number – 2 years – Males – United Kingdom (Eurostat/demo_pjan/A.NR.Y2.M.UK),Annual – Number – 2 years – Total – United Kingdom (Eurostat/demo_pjan/A.NR.Y2.T.UK),Annual – Number – 20 years – Females – United Kingdom (Eurostat/demo_pjan/A.NR.Y20.F.UK),Annual – Number – 20 years – Males – United Kingdom (Eurostat/demo_pjan/A.NR.Y20.M.UK),Annual – Number – 20 years – Total – United Kingdom (Eurostat/demo_pjan/A.NR.Y20.T.UK),Annual – Number – 21 years – Females – United Kingdom (Eurostat/demo_pjan/A.NR.Y21.F.UK),Annual – Number – 21 years – Males – United Kingdom (Eurostat/demo_pjan/A.NR.Y21.M.UK),Annual – Number – 21 years – Total – United Kingdom (Eurostat/demo_pjan/A.NR.Y21.T.UK),Annual – Number – 22 years – Females – United Kingdom (Eurostat/demo_pjan/A.NR.Y22.F.UK),Annual – Number – 22 years – Males – United Kingdom (Eurostat/demo_pjan/A.NR.Y22.M.UK),Annual – Number – 22 years – Total – United Kingdom (Eurostat/demo_pjan/A.NR.Y22.T.UK),Annual – Number – 23 years – Females – United Kingdom (Eurostat/demo_pjan/A.NR.Y23.F.UK),Annual – Number – 23 years – Males – United Kingdom (Eurostat/demo_pjan/A.NR.Y23.M.UK),Annual – Number – 23 years – Total – United Kingdom (Eurostat/demo_pjan/A.NR.Y23.T.UK),Annual – Number – 24 years – Females – United Kingdom (Eurostat/demo_pjan/A.NR.Y24.F.UK),Annual – Number – 24 years – Males – United Kingdom (Eurostat/demo_pjan/A.NR.Y24.M.UK),Annual – Number – 24 years – Total – United Kingdom (Eurostat/demo_pjan/A.NR.Y24.T.UK),Annual – Number – 25 years – Females – United Kingdom (Eurostat/demo_pjan/A.NR.Y25.F.UK),Annual – Number – 25 years – Males – United Kingdom (Eurostat/demo_pjan/A.NR.Y25.M.UK),Annual – Number – 25 years – Total – United Kingdom (Eurostat/demo_pjan/A.NR.Y25.T.UK),Annual – Number – 26 years – Females – United Kingdom (Eurostat/demo_pjan/A.NR.Y26.F.UK),Annual – Number – 26 years – Males – United Kingdom (Eurostat/demo_pjan/A.NR.Y26.M.UK),Annual – Number – 26 years – Total – United Kingdom (Eurostat/demo_pjan/A.NR.Y26.T.UK),Annual – Number – 27 years – Females – United Kingdom (Eurostat/demo_pjan/A.NR.Y27.F.UK),Annual – Number – 27 years – Males – United Kingdom (Eurostat/demo_pjan/A.NR.Y27.M.UK),Annual – Number – 27 years – Total – United Kingdom (Eurostat/demo_pjan/A.NR.Y27.T.UK),Annual – Number – 28 years – Females – United Kingdom (Eurostat/demo_pjan/A.NR.Y28.F.UK),Annual – Number – 28 years – Males – United Kingdom (Eurostat/demo_pjan/A.NR.Y28.M.UK),Annual – Number – 28 years – Total – United Kingdom (Eurostat/demo_pjan/A.NR.Y28.T.UK),Annual – Number – 29 years – Females – United Kingdom (Eurostat/demo_pjan/A.NR.Y29.F.UK),Annual – Number – 29 years – Males – United Kingdom (Eurostat/demo_pjan/A.NR.Y29.M.UK),Annual – Number – 29 years – Total – United Kingdom (Eurostat/demo_pjan/A.NR.Y29.T.UK),Annual – Number – 3 years – Females – United Kingdom (Eurostat/demo_pjan/A.NR.Y3.F.UK),Annual – Number – 3 years – Males – United Kingdom (Eurostat/demo_pjan/A.NR.Y3.M.UK),Annual – Number – 3 years – Total – United Kingdom (Eurostat/demo_pjan/A.NR.Y3.T.UK),Annual – Number – 30 years – Females – United Kingdom (Eurostat/demo_pjan/A.NR.Y30.F.UK),Annual – Number – 30 years – Males – United Kingdom (Eurostat/demo_pjan/A.NR.Y30.M.UK),Annual – Number – 30 years – Total – United Kingdom (Eurostat/demo_pjan/A.NR.Y30.T.UK),Annual – Number – 31 years – Females – United Kingdom (Eurostat/demo_pjan/A.NR.Y31.F.UK),Annual – Number – 31 years – Males – United Kingdom (Eurostat/demo_pjan/A.NR.Y31.M.UK),Annual – Number – 31 years – Total – United Kingdom (Eurostat/demo_pjan/A.NR.Y31.T.UK),Annual – Number – 32 years – Females – United Kingdom (Eurostat/demo_pjan/A.NR.Y32.F.UK),Annual – Number – 32 years – Males – United Kingdom (Eurostat/demo_pjan/A.NR.Y32.M.UK),Annual – Number – 32 years – Total – United Kingdom (Eurostat/demo_pjan/A.NR.Y32.T.UK),Annual – Number – 33 years – Females – United Kingdom (Eurostat/demo_pjan/A.NR.Y33.F.UK),Annual – Number – 33 years – Males – United Kingdom (Eurostat/demo_pjan/A.NR.Y33.M.UK),Annual – Number – 33 years – Total – United Kingdom (Eurostat/demo_pjan/A.NR.Y33.T.UK),Annual – Number – 34 years – Females – United Kingdom (Eurostat/demo_pjan/A.NR.Y34.F.UK),Annual – Number – 34 years – Males – United Kingdom (Eurostat/demo_pjan/A.NR.Y34.M.UK),Annual – Number – 34 years – Total – United Kingdom (Eurostat/demo_pjan/A.NR.Y34.T.UK),Annual – Number – 35 years – Females – United Kingdom (Eurostat/demo_pjan/A.NR.Y35.F.UK),Annual – Number – 35 years – Males – United Kingdom (Eurostat/demo_pjan/A.NR.Y35.M.UK),Annual – Number – 35 years – Total – United Kingdom (Eurostat/demo_pjan/A.NR.Y35.T.UK),Annual – Number – 36 years – Females – United Kingdom (Eurostat/demo_pjan/A.NR.Y36.F.UK),Annual – Number – 36 years – Males – United Kingdom (Eurostat/demo_pjan/A.NR.Y36.M.UK),Annual – Number – 36 years – Total – United Kingdom (Eurostat/demo_pjan/A.NR.Y36.T.UK),Annual – Number – 37 years – Females – United Kingdom (Eurostat/demo_pjan/A.NR.Y37.F.UK),Annual – Number – 37 years – Males – United Kingdom (Eurostat/demo_pjan/A.NR.Y37.M.UK),Annual – Number – 37 years – Total – United Kingdom (Eurostat/demo_pjan/A.NR.Y37.T.UK),Annual – Number – 38 years – Females – United Kingdom (Eurostat/demo_pjan/A.NR.Y38.F.UK),Annual – Number – 38 years – Males – United Kingdom (Eurostat/demo_pjan/A.NR.Y38.M.UK),Annual – Number – 38 years – Total – United Kingdom (Eurostat/demo_pjan/A.NR.Y38.T.UK),Annual – Number – 39 years – Females – United Kingdom (Eurostat/demo_pjan/A.NR.Y39.F.UK),Annual – Number – 39 years – Males – United Kingdom (Eurostat/demo_pjan/A.NR.Y39.M.UK),Annual – Number – 39 years – Total – United Kingdom (Eurostat/demo_pjan/A.NR.Y39.T.UK),Annual – Number – 4 years – Females – United Kingdom (Eurostat/demo_pjan/A.NR.Y4.F.UK),Annual – Number – 4 years – Males – United Kingdom (Eurostat/demo_pjan/A.NR.Y4.M.UK),Annual – Number – 4 years – Total – United Kingdom (Eurostat/demo_pjan/A.NR.Y4.T.UK),Annual – Number – 40 years – Females – United Kingdom (Eurostat/demo_pjan/A.NR.Y40.F.UK),Annual – Number – 40 years – Males – United Kingdom (Eurostat/demo_pjan/A.NR.Y40.M.UK),Annual – Number – 40 years – Total – United Kingdom (Eurostat/demo_pjan/A.NR.Y40.T.UK),Annual – Number – 41 years – Females – United Kingdom (Eurostat/demo_pjan/A.NR.Y41.F.UK),Annual – Number – 41 years – Males – United Kingdom (Eurostat/demo_pjan/A.NR.Y41.M.UK),Annual – Number – 41 years – Total – United Kingdom (Eurostat/demo_pjan/A.NR.Y41.T.UK),Annual – Number – 42 years – Females – United Kingdom (Eurostat/demo_pjan/A.NR.Y42.F.UK),Annual – Number – 42 years – Males – United Kingdom (Eurostat/demo_pjan/A.NR.Y42.M.UK),Annual – Number – 42 years – Total – United Kingdom (Eurostat/demo_pjan/A.NR.Y42.T.UK),Annual – Number – 43 years – Females – United Kingdom (Eurostat/demo_pjan/A.NR.Y43.F.UK),Annual – Number – 43 years – Males – United Kingdom (Eurostat/demo_pjan/A.NR.Y43.M.UK),Annual – Number – 43 years – Total – United Kingdom (Eurostat/demo_pjan/A.NR.Y43.T.UK),Annual – Number – 44 years – Females – United Kingdom (Eurostat/demo_pjan/A.NR.Y44.F.UK),Annual – Number – 44 years – Males – United Kingdom (Eurostat/demo_pjan/A.NR.Y44.M.UK),Annual – Number – 44 years – Total – United Kingdom (Eurostat/demo_pjan/A.NR.Y44.T.UK),Annual – Number – 45 years – Females – United Kingdom (Eurostat/demo_pjan/A.NR.Y45.F.UK),Annual – Number – 45 years – Males – United Kingdom (Eurostat/demo_pjan/A.NR.Y45.M.UK),Annual – Number – 45 years – Total – United Kingdom (Eurostat/demo_pjan/A.NR.Y45.T.UK),Annual – Number – 46 years – Females – United Kingdom (Eurostat/demo_pjan/A.NR.Y46.F.UK),Annual – Number – 46 years – Males – United Kingdom (Eurostat/demo_pjan/A.NR.Y46.M.UK),Annual – Number – 46 years – Total – United Kingdom (Eurostat/demo_pjan/A.NR.Y46.T.UK),Annual – Number – 47 years – Females – United Kingdom (Eurostat/demo_pjan/A.NR.Y47.F.UK),Annual – Number – 47 years – Males – United Kingdom (Eurostat/demo_pjan/A.NR.Y47.M.UK),Annual – Number – 47 years – Total – United Kingdom (Eurostat/demo_pjan/A.NR.Y47.T.UK),Annual – Number – 48 years – Females – United Kingdom (Eurostat/demo_pjan/A.NR.Y48.F.UK),Annual – Number – 48 years – Males – United Kingdom (Eurostat/demo_pjan/A.NR.Y48.M.UK),Annual – Number – 48 years – Total – United Kingdom (Eurostat/demo_pjan/A.NR.Y48.T.UK),Annual – Number – 49 years – Females – United Kingdom (Eurostat/demo_pjan/A.NR.Y49.F.UK),Annual – Number – 49 years – Males – United Kingdom (Eurostat/demo_pjan/A.NR.Y49.M.UK),Annual – Number – 49 years – Total – United Kingdom (Eurostat/demo_pjan/A.NR.Y49.T.UK),Annual – Number – 5 years – Females – United Kingdom (Eurostat/demo_pjan/A.NR.Y5.F.UK),Annual – Number – 5 years – Males – United Kingdom (Eurostat/demo_pjan/A.NR.Y5.M.UK),Annual – Number – 5 years – Total – United Kingdom (Eurostat/demo_pjan/A.NR.Y5.T.UK),Annual – Number – 50 years – Females – United Kingdom (Eurostat/demo_pjan/A.NR.Y50.F.UK),Annual – Number – 50 years – Males – United Kingdom (Eurostat/demo_pjan/A.NR.Y50.M.UK),Annual – Number – 50 years – Total – United Kingdom (Eurostat/demo_pjan/A.NR.Y50.T.UK),Annual – Number – 51 years – Females – United Kingdom (Eurostat/demo_pjan/A.NR.Y51.F.UK),Annual – Number – 51 years – Males – United Kingdom (Eurostat/demo_pjan/A.NR.Y51.M.UK),Annual – Number – 51 years – Total – United Kingdom (Eurostat/demo_pjan/A.NR.Y51.T.UK),Annual – Number – 52 years – Females – United Kingdom (Eurostat/demo_pjan/A.NR.Y52.F.UK),Annual – Number – 52 years – Males – United Kingdom (Eurostat/demo_pjan/A.NR.Y52.M.UK),Annual – Number – 52 years – Total – United Kingdom (Eurostat/demo_pjan/A.NR.Y52.T.UK),Annual – Number – 53 years – Females – United Kingdom (Eurostat/demo_pjan/A.NR.Y53.F.UK),Annual – Number – 53 years – Males – United Kingdom (Eurostat/demo_pjan/A.NR.Y53.M.UK),Annual – Number – 53 years – Total – United Kingdom (Eurostat/demo_pjan/A.NR.Y53.T.UK),Annual – Number – 54 years – Females – United Kingdom (Eurostat/demo_pjan/A.NR.Y54.F.UK),Annual – Number – 54 years – Males – United Kingdom (Eurostat/demo_pjan/A.NR.Y54.M.UK),Annual – Number – 54 years – Total – United Kingdom (Eurostat/demo_pjan/A.NR.Y54.T.UK),Annual – Number – 55 years – Females – United Kingdom (Eurostat/demo_pjan/A.NR.Y55.F.UK),Annual – Number – 55 years – Males – United Kingdom (Eurostat/demo_pjan/A.NR.Y55.M.UK),Annual – Number – 55 years – Total – United Kingdom (Eurostat/demo_pjan/A.NR.Y55.T.UK),Annual – Number – 56 years – Females – United Kingdom (Eurostat/demo_pjan/A.NR.Y56.F.UK),Annual – Number – 56 years – Males – United Kingdom (Eurostat/demo_pjan/A.NR.Y56.M.UK),Annual – Number – 56 years – Total – United Kingdom (Eurostat/demo_pjan/A.NR.Y56.T.UK),Annual – Number – 57 years – Females – United Kingdom (Eurostat/demo_pjan/A.NR.Y57.F.UK),Annual – Number – 57 years – Males – United Kingdom (Eurostat/demo_pjan/A.NR.Y57.M.UK),Annual – Number – 57 years – Total – United Kingdom (Eurostat/demo_pjan/A.NR.Y57.T.UK),Annual – Number – 58 years – Females – United Kingdom (Eurostat/demo_pjan/A.NR.Y58.F.UK),Annual – Number – 58 years – Males – United Kingdom (Eurostat/demo_pjan/A.NR.Y58.M.UK),Annual – Number – 58 years – Total – United Kingdom (Eurostat/demo_pjan/A.NR.Y58.T.UK),Annual – Number – 59 years – Females – United Kingdom (Eurostat/demo_pjan/A.NR.Y59.F.UK),Annual – Number – 59 years – Males – United Kingdom (Eurostat/demo_pjan/A.NR.Y59.M.UK),Annual – Number – 59 years – Total – United Kingdom (Eurostat/demo_pjan/A.NR.Y59.T.UK),Annual – Number – 6 years – Females – United Kingdom (Eurostat/demo_pjan/A.NR.Y6.F.UK),Annual – Number – 6 years – Males – United Kingdom (Eurostat/demo_pjan/A.NR.Y6.M.UK),Annual – Number – 6 years – Total – United Kingdom (Eurostat/demo_pjan/A.NR.Y6.T.UK),Annual – Number – 60 years – Females – United Kingdom (Eurostat/demo_pjan/A.NR.Y60.F.UK),Annual – Number – 60 years – Males – United Kingdom (Eurostat/demo_pjan/A.NR.Y60.M.UK),Annual – Number – 60 years – Total – United Kingdom (Eurostat/demo_pjan/A.NR.Y60.T.UK),Annual – Number – 61 years – Females – United Kingdom (Eurostat/demo_pjan/A.NR.Y61.F.UK),Annual – Number – 61 years – Males – United Kingdom (Eurostat/demo_pjan/A.NR.Y61.M.UK),Annual – Number – 61 years – Total – United Kingdom (Eurostat/demo_pjan/A.NR.Y61.T.UK),Annual – Number – 62 years – Females – United Kingdom (Eurostat/demo_pjan/A.NR.Y62.F.UK),Annual – Number – 62 years – Males – United Kingdom (Eurostat/demo_pjan/A.NR.Y62.M.UK),Annual – Number – 62 years – Total – United Kingdom (Eurostat/demo_pjan/A.NR.Y62.T.UK),Annual – Number – 63 years – Females – United Kingdom (Eurostat/demo_pjan/A.NR.Y63.F.UK),Annual – Number – 63 years – Males – United Kingdom (Eurostat/demo_pjan/A.NR.Y63.M.UK),Annual – Number – 63 years – Total – United Kingdom (Eurostat/demo_pjan/A.NR.Y63.T.UK),Annual – Number – 64 years – Females – United Kingdom (Eurostat/demo_pjan/A.NR.Y64.F.UK),Annual – Number – 64 years – Males – United Kingdom (Eurostat/demo_pjan/A.NR.Y64.M.UK),Annual – Number – 64 years – Total – United Kingdom (Eurostat/demo_pjan/A.NR.Y64.T.UK),Annual – Number – 65 years – Females – United Kingdom (Eurostat/demo_pjan/A.NR.Y65.F.UK),Annual – Number – 65 years – Males – United Kingdom (Eurostat/demo_pjan/A.NR.Y65.M.UK),Annual – Number – 65 years – Total – United Kingdom (Eurostat/demo_pjan/A.NR.Y65.T.UK),Annual – Number – 66 years – Females – United Kingdom (Eurostat/demo_pjan/A.NR.Y66.F.UK),Annual – Number – 66 years – Males – United Kingdom (Eurostat/demo_pjan/A.NR.Y66.M.UK),Annual – Number – 66 years – Total – United Kingdom (Eurostat/demo_pjan/A.NR.Y66.T.UK),Annual – Number – 67 years – Females – United Kingdom (Eurostat/demo_pjan/A.NR.Y67.F.UK),Annual – Number – 67 years – Males – United Kingdom (Eurostat/demo_pjan/A.NR.Y67.M.UK),Annual – Number – 67 years – Total – United Kingdom (Eurostat/demo_pjan/A.NR.Y67.T.UK),Annual – Number – 68 years – Females – United Kingdom (Eurostat/demo_pjan/A.NR.Y68.F.UK),Annual – Number – 68 years – Males – United Kingdom (Eurostat/demo_pjan/A.NR.Y68.M.UK),Annual – Number – 68 years – Total – United Kingdom (Eurostat/demo_pjan/A.NR.Y68.T.UK),Annual – Number – 69 years – Females – United Kingdom (Eurostat/demo_pjan/A.NR.Y69.F.UK),Annual – Number – 69 years – Males – United Kingdom (Eurostat/demo_pjan/A.NR.Y69.M.UK),Annual – Number – 69 years – Total – United Kingdom (Eurostat/demo_pjan/A.NR.Y69.T.UK),Annual – Number – 7 years – Females – United Kingdom (Eurostat/demo_pjan/A.NR.Y7.F.UK),Annual – Number – 7 years – Males – United Kingdom (Eurostat/demo_pjan/A.NR.Y7.M.UK),Annual – Number – 7 years – Total – United Kingdom (Eurostat/demo_pjan/A.NR.Y7.T.UK),Annual – Number – 70 years – Females – United Kingdom (Eurostat/demo_pjan/A.NR.Y70.F.UK),Annual – Number – 70 years – Males – United Kingdom (Eurostat/demo_pjan/A.NR.Y70.M.UK),Annual – Number – 70 years – Total – United Kingdom (Eurostat/demo_pjan/A.NR.Y70.T.UK),Annual – Number – 71 years – Females – United Kingdom (Eurostat/demo_pjan/A.NR.Y71.F.UK),Annual – Number – 71 years – Males – United Kingdom (Eurostat/demo_pjan/A.NR.Y71.M.UK),Annual – Number – 71 years – Total – United Kingdom (Eurostat/demo_pjan/A.NR.Y71.T.UK),Annual – Number – 72 years – Females – United Kingdom (Eurostat/demo_pjan/A.NR.Y72.F.UK),Annual – Number – 72 years – Males – United Kingdom (Eurostat/demo_pjan/A.NR.Y72.M.UK),Annual – Number – 72 years – Total – United Kingdom (Eurostat/demo_pjan/A.NR.Y72.T.UK),Annual – Number – 73 years – Females – United Kingdom (Eurostat/demo_pjan/A.NR.Y73.F.UK),Annual – Number – 73 years – Males – United Kingdom (Eurostat/demo_pjan/A.NR.Y73.M.UK),Annual – Number – 73 years – Total – United Kingdom (Eurostat/demo_pjan/A.NR.Y73.T.UK),Annual – Number – 74 years – Females – United Kingdom (Eurostat/demo_pjan/A.NR.Y74.F.UK),Annual – Number – 74 years – Males – United Kingdom (Eurostat/demo_pjan/A.NR.Y74.M.UK),Annual – Number – 74 years – Total – United Kingdom (Eurostat/demo_pjan/A.NR.Y74.T.UK),Annual – Number – 75 years – Females – United Kingdom (Eurostat/demo_pjan/A.NR.Y75.F.UK),Annual – Number – 75 years – Males – United Kingdom (Eurostat/demo_pjan/A.NR.Y75.M.UK),Annual – Number – 75 years – Total – United Kingdom (Eurostat/demo_pjan/A.NR.Y75.T.UK),Annual – Number – 76 years – Females – United Kingdom (Eurostat/demo_pjan/A.NR.Y76.F.UK),Annual – Number – 76 years – Males – United Kingdom (Eurostat/demo_pjan/A.NR.Y76.M.UK),Annual – Number – 76 years – Total – United Kingdom (Eurostat/demo_pjan/A.NR.Y76.T.UK),Annual – Number – 77 years – Females – United Kingdom (Eurostat/demo_pjan/A.NR.Y77.F.UK),Annual – Number – 77 years – Males – United Kingdom (Eurostat/demo_pjan/A.NR.Y77.M.UK),Annual – Number – 77 years – Total – United Kingdom (Eurostat/demo_pjan/A.NR.Y77.T.UK),Annual – Number – 78 years – Females – United Kingdom (Eurostat/demo_pjan/A.NR.Y78.F.UK),Annual – Number – 78 years – Males – United Kingdom (Eurostat/demo_pjan/A.NR.Y78.M.UK),Annual – Number – 78 years – Total – United Kingdom (Eurostat/demo_pjan/A.NR.Y78.T.UK),Annual – Number – 79 years – Females – United Kingdom (Eurostat/demo_pjan/A.NR.Y79.F.UK),Annual – Number – 79 years – Males – United Kingdom (Eurostat/demo_pjan/A.NR.Y79.M.UK),Annual – Number – 79 years – Total – United Kingdom (Eurostat/demo_pjan/A.NR.Y79.T.UK),Annual – Number – 8 years – Females – United Kingdom (Eurostat/demo_pjan/A.NR.Y8.F.UK),Annual – Number – 8 years – Males – United Kingdom (Eurostat/demo_pjan/A.NR.Y8.M.UK),Annual – Number – 8 years – Total – United Kingdom (Eurostat/demo_pjan/A.NR.Y8.T.UK),Annual – Number – 80 years – Females – United Kingdom (Eurostat/demo_pjan/A.NR.Y80.F.UK),Annual – Number – 80 years – Males – United Kingdom (Eurostat/demo_pjan/A.NR.Y80.M.UK),Annual – Number – 80 years – Total – United Kingdom (Eurostat/demo_pjan/A.NR.Y80.T.UK),Annual – Number – 81 years – Females – United Kingdom (Eurostat/demo_pjan/A.NR.Y81.F.UK),Annual – Number – 81 years – Males – United Kingdom (Eurostat/demo_pjan/A.NR.Y81.M.UK),Annual – Number – 81 years – Total – United Kingdom (Eurostat/demo_pjan/A.NR.Y81.T.UK),Annual – Number – 82 years – Females – United Kingdom (Eurostat/demo_pjan/A.NR.Y82.F.UK),Annual – Number – 82 years – Males – United Kingdom (Eurostat/demo_pjan/A.NR.Y82.M.UK),Annual – Number – 82 years – Total – United Kingdom (Eurostat/demo_pjan/A.NR.Y82.T.UK),Annual – Number – 83 years – Females – United Kingdom (Eurostat/demo_pjan/A.NR.Y83.F.UK),Annual – Number – 83 years – Males – United Kingdom (Eurostat/demo_pjan/A.NR.Y83.M.UK),Annual – Number – 83 years – Total – United Kingdom (Eurostat/demo_pjan/A.NR.Y83.T.UK),Annual – Number – 84 years – Females – United Kingdom (Eurostat/demo_pjan/A.NR.Y84.F.UK),Annual – Number – 84 years – Males – United Kingdom (Eurostat/demo_pjan/A.NR.Y84.M.UK),Annual – Number – 84 years – Total – United Kingdom (Eurostat/demo_pjan/A.NR.Y84.T.UK),Annual – Number – 85 years – Females – United Kingdom (Eurostat/demo_pjan/A.NR.Y85.F.UK),Annual – Number – 85 years – Males – United Kingdom (Eurostat/demo_pjan/A.NR.Y85.M.UK),Annual – Number – 85 years – Total – United Kingdom (Eurostat/demo_pjan/A.NR.Y85.T.UK),Annual – Number – 86 years – Females – United Kingdom (Eurostat/demo_pjan/A.NR.Y86.F.UK),Annual – Number – 86 years – Males – United Kingdom (Eurostat/demo_pjan/A.NR.Y86.M.UK),Annual – Number – 86 years – Total – United Kingdom (Eurostat/demo_pjan/A.NR.Y86.T.UK),Annual – Number – 87 years – Females – United Kingdom (Eurostat/demo_pjan/A.NR.Y87.F.UK),Annual – Number – 87 years – Males – United Kingdom (Eurostat/demo_pjan/A.NR.Y87.M.UK),Annual – Number – 87 years – Total – United Kingdom (Eurostat/demo_pjan/A.NR.Y87.T.UK),Annual – Number – 88 years – Females – United Kingdom (Eurostat/demo_pjan/A.NR.Y88.F.UK),Annual – Number – 88 years – Males – United Kingdom (Eurostat/demo_pjan/A.NR.Y88.M.UK),Annual – Number – 88 years – Total – United Kingdom (Eurostat/demo_pjan/A.NR.Y88.T.UK),Annual – Number – 89 years – Females – United Kingdom (Eurostat/demo_pjan/A.NR.Y89.F.UK),Annual – Number – 89 years – Males – United Kingdom (Eurostat/demo_pjan/A.NR.Y89.M.UK),Annual – Number – 89 years – Total – United Kingdom (Eurostat/demo_pjan/A.NR.Y89.T.UK),Annual – Number – 9 years – Females – United Kingdom (Eurostat/demo_pjan/A.NR.Y9.F.UK),Annual – Number – 9 years – Males – United Kingdom (Eurostat/demo_pjan/A.NR.Y9.M.UK),Annual – Number – 9 years – Total – United Kingdom (Eurostat/demo_pjan/A.NR.Y9.T.UK),Annual – Number – 90 years – Females – United Kingdom (Eurostat/demo_pjan/A.NR.Y90.F.UK),Annual – Number – 90 years – Males – United Kingdom (Eurostat/demo_pjan/A.NR.Y90.M.UK),Annual – Number – 90 years – Total – United Kingdom (Eurostat/demo_pjan/A.NR.Y90.T.UK),Annual – Number – 91 years – Females – United Kingdom (Eurostat/demo_pjan/A.NR.Y91.F.UK),Annual – Number – 91 years – Males – United Kingdom (Eurostat/demo_pjan/A.NR.Y91.M.UK),Annual – Number – 91 years – Total – United Kingdom (Eurostat/demo_pjan/A.NR.Y91.T.UK),Annual – Number – 92 years – Females – United Kingdom (Eurostat/demo_pjan/A.NR.Y92.F.UK),Annual – Number – 92 years – Males – United Kingdom (Eurostat/demo_pjan/A.NR.Y92.M.UK),Annual – Number – 92 years – Total – United Kingdom (Eurostat/demo_pjan/A.NR.Y92.T.UK),Annual – Number – 93 years – Females – United Kingdom (Eurostat/demo_pjan/A.NR.Y93.F.UK),Annual – Number – 93 years – Males – United Kingdom (Eurostat/demo_pjan/A.NR.Y93.M.UK),Annual – Number – 93 years – Total – United Kingdom (Eurostat/demo_pjan/A.NR.Y93.T.UK),Annual – Number – 94 years – Females – United Kingdom (Eurostat/demo_pjan/A.NR.Y94.F.UK),Annual – Number – 94 years – Males – United Kingdom (Eurostat/demo_pjan/A.NR.Y94.M.UK),Annual – Number – 94 years – Total – United Kingdom (Eurostat/demo_pjan/A.NR.Y94.T.UK),Annual – Number – 95 years – Females – United Kingdom (Eurostat/demo_pjan/A.NR.Y95.F.UK),Annual – Number – 95 years – Males – United Kingdom (Eurostat/demo_pjan/A.NR.Y95.M.UK),Annual – Number – 95 years – Total – United Kingdom (Eurostat/demo_pjan/A.NR.Y95.T.UK),Annual – Number – 96 years – Females – United Kingdom (Eurostat/demo_pjan/A.NR.Y96.F.UK),Annual – Number – 96 years – Males – United Kingdom (Eurostat/demo_pjan/A.NR.Y96.M.UK),Annual – Number – 96 years – Total – United Kingdom (Eurostat/demo_pjan/A.NR.Y96.T.UK),Annual – Number – 97 years – Females – United Kingdom (Eurostat/demo_pjan/A.NR.Y97.F.UK),Annual – Number – 97 years – Males – United Kingdom (Eurostat/demo_pjan/A.NR.Y97.M.UK),Annual – Number – 97 years – Total – United Kingdom (Eurostat/demo_pjan/A.NR.Y97.T.UK),Annual – Number – 98 years – Females – United Kingdom (Eurostat/demo_pjan/A.NR.Y98.F.UK),Annual – Number – 98 years – Males – United Kingdom (Eurostat/demo_pjan/A.NR.Y98.M.UK),Annual – Number – 98 years – Total – United Kingdom (Eurostat/demo_pjan/A.NR.Y98.T.UK),Annual – Number – 99 years – Females – United Kingdom (Eurostat/demo_pjan/A.NR.Y99.F.UK),Annual – Number – 99 years – Males – United Kingdom (Eurostat/demo_pjan/A.NR.Y99.M.UK),Annual – Number – 99 years – Total – United Kingdom (Eurostat/demo_pjan/A.NR.Y99.T.UK),Annual – Number – Less than 1 year – Females – United Kingdom (Eurostat/demo_pjan/A.NR.Y_LT1.F.UK),Annual – Number – Less than 1 year – Males – United Kingdom (Eurostat/demo_pjan/A.NR.Y_LT1.M.UK),Annual – Number – Less than 1 year – Total – United Kingdom (Eurostat/demo_pjan/A.NR.Y_LT1.T.UK),Annual – Number – Open-ended age class – Females – United Kingdom (Eurostat/demo_pjan/A.NR.Y_OPEN.F.UK),Annual – Number – Open-ended age class – Males – United Kingdom (Eurostat/demo_pjan/A.NR.Y_OPEN.M.UK),Annual – Number – Open-ended age class – Total – United Kingdom (Eurostat/demo_pjan/A.NR.Y_OPEN.T.UK)
1960,27000000.0,25200000.0,52200000.0,NA,NA,NA,NA,NA,NA,NA,NA,NA,NA,NA,NA,NA,NA,NA,NA,NA,NA,NA,NA,NA,NA,NA,NA,NA,NA,NA,NA,NA,NA,NA,NA,NA,NA,NA,NA,NA,NA,NA,NA,NA,NA,NA,NA,NA,NA,NA,NA,NA,NA,NA,NA,NA,NA,NA,NA,NA,NA,NA,NA,NA,NA,NA,NA,NA,NA,NA,NA,NA,NA,NA,NA,NA,NA,NA,NA,NA,NA,NA,NA,NA,NA,NA,NA,NA,NA,NA,NA,NA,NA,NA,NA,NA,NA,NA,NA,NA,NA,NA,NA,NA,NA,NA,NA,NA,NA,NA,NA,NA,NA,NA,NA,NA,NA,NA,NA,NA,NA,NA,NA,NA,NA,NA,NA,NA,NA,NA,NA,NA,NA,NA,NA,NA,NA,NA,NA,NA,NA,NA,NA,NA,NA,NA,NA,NA,NA,NA,NA,NA,NA,NA,NA,NA,NA,NA,NA,NA,NA,NA,NA,NA,NA,NA,NA,NA,NA,NA,NA,NA,NA,NA,NA,NA,NA,NA,NA,NA,NA,NA,NA,NA,NA,NA,NA,NA,NA,NA,NA,NA,NA,NA,NA,NA,NA,NA,NA,NA,NA,NA,NA,NA,NA,NA,NA,NA,NA,NA,NA,NA,NA,NA,NA,NA,NA,NA,NA,NA,NA,NA,NA,NA,NA,NA,NA,NA,NA,NA,NA,NA,NA,NA,NA,NA,NA,NA,NA,NA,NA,NA,NA,NA,NA,NA,NA,NA,NA,NA,NA,NA,NA,NA,NA,NA,NA,NA,NA,NA,NA,NA,NA,NA,NA,NA,NA,NA,NA,NA,NA,NA,NA,NA,NA,NA,NA,NA,NA,NA,NA,NA,NA,NA,NA,NA,NA,NA,NA,NA,NA,NA,NA,NA,NA,NA,NA,NA,NA,NA,NA,NA,NA,NA,NA,NA,200000.0,100000.0,300000.0
1961,27200000.0,25400000.0,52600000.0,NA,NA,NA,NA,NA,NA,NA,NA,NA,NA,NA,NA,NA,NA,NA,NA,NA,NA,NA,NA,NA,NA,NA,NA,NA,NA,NA,NA,NA,NA,NA,NA,NA,NA,NA,NA,NA,NA,NA,NA,NA,NA,NA,NA,NA,NA,NA,NA,NA,NA,NA,NA,NA,NA,NA,NA,NA,NA,NA,NA,NA,NA,NA,NA,NA,NA,NA,NA,NA,NA,NA,NA,NA,NA,NA,NA,NA,NA,NA,NA,NA,NA,NA,NA,NA,NA,NA,NA,NA,NA,NA,NA,NA,NA,NA,NA,NA,NA,NA,NA,NA,NA,NA,NA,NA,NA,NA,NA,NA,NA,NA,NA,NA,NA,NA,NA,NA,NA,NA,NA,NA,NA,NA,NA,NA,NA,NA,NA,NA,NA,NA,NA,NA,NA,NA,NA,NA,NA,NA,NA,NA,NA,NA,NA,NA,NA,NA,NA,NA,NA,NA,NA,NA,NA,NA,NA,NA,NA,NA,NA,NA,NA,NA,NA,NA,NA,NA,NA,NA,NA,NA,NA,NA,NA,NA,NA,NA,NA,NA,NA,NA,NA,NA,NA,NA,NA,NA,NA,NA,NA,NA,NA,NA,NA,NA,NA,NA,NA,NA,NA,NA,NA,NA,NA,NA,NA,NA,NA,NA,NA,NA,NA,NA,NA,NA,NA,NA,NA,NA,NA,NA,NA,NA,NA,NA,NA,NA,NA,NA,NA,NA,NA,NA,NA,NA,NA,NA,NA,NA,NA,NA,NA,NA,NA,NA,NA,NA,NA,NA,NA,NA,NA,NA,NA,NA,NA,NA,NA,NA,NA,NA,NA,NA,NA,NA,NA,NA,NA,NA,NA,NA,NA,NA,NA,NA,NA,NA,NA,NA,NA,NA,NA,NA,NA,NA,NA,NA,NA,NA,NA,NA,NA,NA,NA,NA,NA,NA,NA,NA,NA,NA,NA,NA,200000.0,100000.0,300000.0
1962,27400000.0,25700000.0,53000000.0,NA,NA,NA,NA,NA,NA,NA,NA,NA,NA,NA,NA,NA,NA,NA,NA,NA,NA,NA,NA,NA,NA,NA,NA,NA,NA,NA,NA,NA,NA,NA,NA,NA,NA,NA,NA,NA,NA,NA,NA,NA,NA,NA,NA,NA,NA,NA,NA,NA,NA,NA,NA,NA,NA,NA,NA,NA,NA,NA,NA,NA,NA,NA,NA,NA,NA,NA,NA,NA,NA,NA,NA,NA,NA,NA,NA,NA,NA,NA,NA,NA,NA,NA,NA,NA,NA,NA,NA,NA,NA,NA,NA,NA,NA,NA,NA,NA,NA,NA,NA,NA,NA,NA,NA,NA,NA,NA,NA,NA,NA,NA,NA,NA,NA,NA,NA,NA,NA,NA,NA,NA,NA,NA,NA,NA,NA,NA,NA,NA,NA,NA,NA,NA,NA,NA,NA,NA,NA,NA,NA,NA,NA,NA,NA,NA,NA,NA,NA,NA,NA,NA,NA,NA,NA,NA,NA,NA,NA,NA,NA,NA,NA,NA,NA,NA,NA,NA,NA,NA,NA,NA,NA,NA,NA,NA,NA,NA,NA,NA,NA,NA,NA,NA,NA,NA,NA,NA,NA,NA,NA,NA,NA,NA,NA,NA,NA,NA,NA,NA,NA,NA,NA,NA,NA,NA,NA,NA,NA,NA,NA,NA,NA,NA,NA,NA,NA,NA,NA,NA,NA,NA,NA,NA,NA,NA,NA,NA,NA,NA,NA,NA,NA,NA,NA,NA,NA,NA,NA,NA,NA,NA,NA,NA,NA,NA,NA,NA,NA,NA,NA,NA,NA,NA,NA,NA,NA,NA,NA,NA,NA,NA,NA,NA,NA,NA,NA,NA,NA,NA,NA,NA,NA,NA,NA,NA,NA,NA,NA,NA,NA,NA,NA,NA,NA,NA,NA,NA,NA,NA,NA,NA,NA,NA,NA,NA,NA,NA,NA,NA,NA,NA,NA,NA,200000.0,100000.0,400000.0
1963,27500000.0,25900000.0,53500000.0,NA,NA,NA,NA,NA,NA,NA,NA,NA,NA,NA,NA,NA,NA,NA,NA,NA,NA,NA,NA,NA,NA,NA,NA,NA,NA,NA,NA,NA,NA,NA,NA,NA,NA,NA,NA,NA,NA,NA,NA,NA,NA,NA,NA,NA,NA,NA,NA,NA,NA,NA,NA,NA,NA,NA,NA,NA,NA,NA,NA,NA,NA,NA,NA,NA,NA,NA,NA,NA,NA,NA,NA,NA,NA,NA,NA,NA,NA,NA,NA,NA,NA,NA,NA,NA,NA,NA,NA,NA,NA,NA,NA,NA,NA,NA,NA,NA,NA,NA,NA,NA,NA,NA,NA,NA,NA,NA,NA,NA,NA,NA,NA,NA,NA,NA,NA,NA,NA,NA,NA,NA,NA,NA,NA,NA,NA,NA,NA,NA,NA,NA,NA,NA,NA,NA,NA,NA,NA,NA,NA,NA,NA,NA,NA,NA,NA,NA,NA,NA,NA,NA,NA,NA,NA,NA,NA,NA,NA,NA,NA,NA,NA,NA,NA,NA,NA,NA,NA,NA,NA,NA,NA,NA,NA,NA,NA,NA,NA,NA,NA,NA,NA,NA,NA,NA,NA,NA,NA,NA,NA,NA,NA,NA,NA,NA,NA,NA,NA,NA,NA,NA,NA,NA,NA,NA,NA,NA,NA,NA,NA,NA,NA,NA,NA,NA,NA,NA,NA,NA,NA,NA,NA,NA,NA,NA,NA,NA,NA,NA,NA,NA,NA,NA,NA,NA,NA,NA,NA,NA,NA,NA,NA,NA,NA,NA,NA,NA,NA,NA,NA,NA,NA,NA,NA,NA,NA,NA,NA,NA,NA,NA,NA,NA,NA,NA,NA,NA,NA,NA,NA,NA,NA,NA,NA,NA,NA,NA,NA,NA,NA,NA,NA,NA,NA,NA,NA,NA,NA,NA,NA,NA,NA,NA,NA,NA,NA,NA,NA,NA,NA,NA,NA,NA,300000.0,100000.0,400000.0
1964,27700000.0,26100000.0,53800000.0,NA,NA,NA,NA,NA,NA,NA,NA,NA,NA,NA,NA,NA,NA,NA,NA,NA,NA,NA,NA,NA,NA,NA,NA,NA,NA,NA,NA,NA,NA,NA,NA,NA,NA,NA,NA,NA,NA,NA,NA,NA,NA,NA,NA,NA,NA,NA,NA,NA,NA,NA,NA,NA,NA,NA,NA,NA,NA,NA,NA,NA,NA,NA,NA,NA,NA,NA,NA,NA,NA,NA,NA,NA,NA,NA,NA,NA,NA,NA,NA,NA,NA,NA,NA,NA,NA,NA,NA,NA,NA,NA,NA,NA,NA,NA,NA,NA,NA,NA,NA,NA,NA,NA,NA,NA,NA,NA,NA,NA,NA,NA,NA,NA,NA,NA,NA,NA,NA,NA,NA,NA,NA,NA,NA,NA,NA,NA,NA,NA,NA,NA,NA,NA,NA,NA,NA,NA,NA,NA,NA,NA,NA,NA,NA,NA,NA,NA,NA,NA,NA,NA,NA,NA,NA,NA,NA,NA,NA,NA,NA,NA,NA,NA,NA,NA,NA,NA,NA,NA,NA,NA,NA,NA,NA,NA,NA,NA,NA,NA,NA,NA,NA,NA,NA,NA,NA,NA,NA,NA,NA,NA,NA,NA,NA,NA,NA,NA,NA,NA,NA,NA,NA,NA,NA,NA,NA,NA,NA,NA,NA,NA,NA,NA,NA,NA,NA,NA,NA,NA,NA,NA,NA,NA,NA,NA,NA,NA,NA,NA,NA,NA,NA,NA,NA,NA,NA,NA,NA,NA,NA,NA,NA,NA,NA,NA,NA,NA,NA,NA,NA,NA,NA,NA,NA,NA,NA,NA,NA,NA,NA,NA,NA,NA,NA,NA,NA,NA,NA,NA,NA,NA,NA,NA,NA,NA,NA,NA,NA,NA,NA,NA,NA,NA,NA,NA,NA,NA,NA,NA,NA,NA,NA,NA,NA,NA,NA,NA,NA,NA,NA,NA,NA,NA,300000.0,100000.0,400000.0
1965,27900000.0,26300000.0,54200000.0,NA,NA,NA,NA,NA,NA,NA,NA,NA,NA,NA,NA,NA,NA,NA,NA,NA,NA,NA,NA,NA,NA,NA,NA,NA,NA,NA,NA,NA,NA,NA,NA,NA,NA,NA,NA,NA,NA,NA,NA,NA,NA,NA,NA,NA,NA,NA,NA,NA,NA,NA,NA,NA,NA,NA,NA,NA,NA,NA,NA,NA,NA,NA,NA,NA,NA,NA,NA,NA,NA,NA,NA,NA,NA,NA,NA,NA,NA,NA,NA,NA,NA,NA,NA,NA,NA,NA,NA,NA,NA,NA,NA,NA,NA,NA,NA,NA,NA,NA,NA,NA,NA,NA,NA,NA,NA,NA,NA,NA,NA,NA,NA,NA,NA,NA,NA,NA,NA,NA,NA,NA,NA,NA,NA,NA,NA,NA,NA,NA,NA,NA,NA,NA,NA,NA,NA,NA,NA,NA,NA,NA,NA,NA,NA,NA,NA,NA,NA,NA,NA,NA,NA,NA,NA,NA,NA,NA,NA,NA,NA,NA,NA,NA,NA,NA,NA,NA,NA,NA,NA,NA,NA,NA,NA,NA,NA,NA,NA,NA,NA,NA,NA,NA,NA,NA,NA,NA,NA,NA,NA,NA,NA,NA,NA,NA,NA,NA,NA,NA,NA,NA,NA,NA,NA,NA,NA,NA,NA,NA,NA,NA,NA,NA,NA,NA,NA,NA,NA,NA,NA,NA,NA,NA,NA,NA,NA,NA,NA,NA,NA,NA,NA,NA,NA,NA,NA,NA,NA,NA,NA,NA,NA,NA,NA,NA,NA,NA,NA,NA,NA,NA,NA,NA,NA,NA,NA,NA,NA,NA,NA,NA,NA,NA,NA,NA,NA,NA,NA,NA,NA,NA,NA,NA,NA,NA,NA,NA,NA,NA,NA,NA,NA,NA,NA,NA,NA,NA,NA,NA,NA,NA,NA,NA,NA,NA,NA,NA,NA,NA,NA,NA,NA,NA,300000.0,100000.0,400000.0
1966,28056700.0,26439500.0,54496100.0,NA,NA,NA,NA,NA,NA,NA,NA,NA,NA,NA,NA,NA,NA,NA,NA,NA,NA,NA,NA,NA,NA,NA,NA,NA,NA,NA,NA,NA,NA,NA,NA,NA,NA,NA,NA,NA,NA,NA,NA,NA,NA,NA,NA,NA,NA,NA,NA,NA,NA,NA,NA,NA,NA,NA,NA,NA,NA,NA,NA,NA,NA,NA,NA,NA,NA,NA,NA,NA,NA,NA,NA,NA,NA,NA,NA,NA,NA,NA,NA,NA,NA,NA,NA,NA,NA,NA,NA,NA,NA,NA,NA,NA,NA,NA,NA,NA,NA,NA,NA,NA,NA,NA,NA,NA,NA,NA,NA,NA,NA,NA,NA,NA,NA,NA,NA,NA,NA,NA,NA,NA,NA,NA,NA,NA,NA,NA,NA,NA,NA,NA,NA,NA,NA,NA,NA,NA,NA,NA,NA,NA,NA,NA,NA,NA,NA,NA,NA,NA,NA,NA,NA,NA,NA,NA,NA,NA,NA,NA,NA,NA,NA,NA,NA,NA,NA,NA,NA,NA,NA,NA,NA,NA,NA,NA,NA,NA,NA,NA,NA,NA,NA,NA,NA,NA,NA,NA,NA,NA,NA,NA,NA,NA,NA,NA,NA,NA,NA,NA,NA,NA,NA,NA,NA,NA,NA,NA,NA,NA,NA,NA,NA,NA,NA,NA,NA,NA,NA,NA,NA,NA,NA,NA,NA,NA,NA,NA,NA,NA,NA,NA,NA,NA,NA,NA,NA,NA,NA,NA,NA,NA,NA,NA,NA,NA,NA,NA,NA,NA,NA,NA,NA,NA,NA,NA,NA,NA,NA,NA,NA,NA,NA,NA,NA,NA,NA,NA,NA,NA,NA,NA,NA,NA,NA,NA,NA,NA,NA,NA,NA,NA,NA,NA,NA,NA,NA,NA,NA,NA,NA,NA,NA,NA,NA,NA,NA,NA,NA,NA,NA,NA,NA,NA,283900.0,112400.0,396300.0
1967,28208600.0,26592300.0,54800900.0,NA,NA,NA,NA,NA,NA,NA,NA,NA,NA,NA,NA,NA,NA,NA,NA,NA,NA,NA,NA,NA,NA,NA,NA,NA,NA,NA,NA,NA,NA,NA,NA,NA,NA,NA,NA,NA,NA,NA,NA,NA,NA,NA,NA,NA,NA,NA,NA,NA,NA,NA,NA,NA,NA,NA,NA,NA,NA,NA,NA,NA,NA,NA,NA,NA,NA,NA,NA,NA,NA,NA,NA,NA,NA,NA,NA,NA,NA,NA,NA,NA,NA,NA,NA,NA,NA,NA,NA,NA,NA,NA,NA,NA,NA,NA,NA,NA,NA,NA,NA,NA,NA,NA,NA,NA,NA,NA,NA,NA,NA,NA,NA,NA,NA,NA,NA,NA,NA,NA,NA,NA,NA,NA,NA,NA,NA,NA,NA,NA,NA,NA,NA,NA,NA,NA,NA,NA,NA,NA,NA,NA,NA,NA,NA,NA,NA,NA,NA,NA,NA,NA,NA,NA,NA,NA,NA,NA,NA,NA,NA,NA,NA,NA,NA,NA,NA,NA,NA,NA,NA,NA,NA,NA,NA,NA,NA,NA,NA,NA,NA,NA,NA,NA,NA,NA,NA,NA,NA,NA,NA,NA,NA,NA,NA,NA,NA,NA,NA,NA,NA,NA,NA,NA,NA,NA,NA,NA,NA,NA,NA,NA,NA,NA,NA,NA,NA,NA,NA,NA,NA,NA,NA,NA,NA,NA,NA,NA,NA,NA,NA,NA,NA,NA,NA,NA,NA,NA,NA,NA,NA,NA,NA,NA,NA,NA,NA,NA,NA,NA,NA,NA,NA,NA,NA,NA,NA,NA,NA,NA,NA,NA,NA,NA,NA,NA,NA,NA,NA,NA,NA,NA,NA,NA,NA,NA,NA,NA,NA,NA,NA,NA,NA,NA,NA,NA,NA,NA,NA,NA,NA,NA,NA,NA,NA,NA,NA,NA,NA,NA,NA,NA,NA,NA,295000.0,113900.0,408900.0
1968,28357500.0,26728800.0,55086300.0,NA,NA,NA,NA,NA,NA,NA,NA,NA,NA,NA,NA,NA,NA,NA,NA,NA,NA,NA,NA,NA,NA,NA,NA,NA,NA,NA,NA,NA,NA,NA,NA,NA,NA,NA,NA,NA,NA,NA,NA,NA,NA,NA,NA,NA,NA,NA,NA,NA,NA,NA,NA,NA,NA,NA,NA,NA,NA,NA,NA,NA,NA,NA,NA,NA,NA,NA,NA,NA,NA,NA,NA,NA,NA,NA,NA,NA,NA,NA,NA,NA,NA,NA,NA,NA,NA,NA,NA,NA,NA,NA,NA,NA,NA,NA,NA,NA,NA,NA,NA,NA,NA,NA,NA,NA,NA,NA,NA,NA,NA,NA,NA,NA,NA,NA,NA,NA,NA,NA,NA,NA,NA,NA,NA,NA,NA,NA,NA,NA,NA,NA,NA,NA,NA,NA,NA,NA,NA,NA,NA,NA,NA,NA,NA,NA,NA,NA,NA,NA,NA,NA,NA,NA,NA,NA,NA,NA,NA,NA,NA,NA,NA,NA,NA,NA,NA,NA,NA,NA,NA,NA,NA,NA,NA,NA,NA,NA,NA,NA,NA,NA,NA,NA,NA,NA,NA,NA,NA,NA,NA,NA,NA,NA,NA,NA,NA,NA,NA,NA,NA,NA,NA,NA,NA,NA,NA,NA,NA,NA,NA,NA,NA,NA,NA,NA,NA,NA,NA,NA,NA,NA,NA,NA,NA,NA,NA,NA,NA,NA,NA,NA,NA,NA,NA,NA,NA,NA,NA,NA,NA,NA,NA,NA,NA,NA,NA,NA,NA,NA,NA,NA,NA,NA,NA,NA,NA,NA,NA,NA,NA,NA,NA,NA,NA,NA,NA,NA,NA,NA,NA,NA,NA,NA,NA,NA,NA,NA,NA,NA,NA,NA,NA,NA,NA,NA,NA,NA,NA,NA,NA,NA,NA,NA,NA,NA,NA,NA,NA,NA,NA,NA,NA,NA,304500.0,115400.0,419900.0
1969,28491100.0,26846000.0,55337100.0,NA,NA,NA,NA,NA,NA,NA,NA,NA,NA,NA,NA,NA,NA,NA,NA,NA,NA,NA,NA,NA,NA,NA,NA,NA,NA,NA,NA,NA,NA,NA,NA,NA,NA,NA,NA,NA,NA,NA,NA,NA,NA,NA,NA,NA,NA,NA,NA,NA,NA,NA,NA,NA,NA,NA,NA,NA,NA,NA,NA,NA,NA,NA,NA,NA,NA,NA,NA,NA,NA,NA,NA,NA,NA,NA,NA,NA,NA,NA,NA,NA,NA,NA,NA,NA,NA,NA,NA,NA,NA,NA,NA,NA,NA,NA,NA,NA,NA,NA,NA,NA,NA,NA,NA,NA,NA,NA,NA,NA,NA,NA,NA,NA,NA,NA,NA,NA,NA,NA,NA,NA,NA,NA,NA,NA,NA,NA,NA,NA,NA,NA,NA,NA,NA,NA,NA,NA,NA,NA,NA,NA,NA,NA,NA,NA,NA,NA,NA,NA,NA,NA,NA,NA,NA,NA,NA,NA,NA,NA,NA,NA,NA,NA,NA,NA,NA,NA,NA,NA,NA,NA,NA,NA,NA,NA,NA,NA,NA,NA,NA,NA,NA,NA,NA,NA,NA,NA,NA,NA,NA,NA,NA,NA,NA,NA,NA,NA,NA,NA,NA,NA,NA,NA,NA,NA,NA,NA,NA,NA,NA,NA,NA,NA,NA,NA,NA,NA,NA,NA,NA,NA,NA,NA,NA,NA,NA,NA,NA,NA,NA,NA,NA,NA,NA,NA,NA,NA,NA,NA,NA,NA,NA,NA,NA,NA,NA,NA,NA,NA,NA,NA,NA,NA,NA,NA,NA,NA,NA,NA,NA,NA,NA,NA,NA,NA,NA,NA,NA,NA,NA,NA,NA,NA,NA,NA,NA,NA,NA,NA,NA,NA,NA,NA,NA,NA,NA,NA,NA,NA,NA,NA,NA,NA,NA,NA,NA,NA,NA,NA,NA,NA,NA,NA,312000.0,115700.0,427700.0
1970,28596800.0,26949600.0,55546400.0,NA,NA,NA,NA,NA,NA,NA,NA,NA,NA,NA,NA,NA,NA,NA,NA,NA,NA,NA,NA,NA,NA,NA,NA,NA,NA,NA,NA,NA,NA,NA,NA,NA,NA,NA,NA,NA,NA,NA,NA,NA,NA,NA,NA,NA,NA,NA,NA,NA,NA,NA,NA,NA,NA,NA,NA,NA,NA,NA,NA,NA,NA,NA,NA,NA,NA,NA,NA,NA,NA,NA,NA,NA,NA,NA,NA,NA,NA,NA,NA,NA,NA,NA,NA,NA,NA,NA,NA,NA,NA,NA,NA,NA,NA,NA,NA,NA,NA,NA,NA,NA,NA,NA,NA,NA,NA,NA,NA,NA,NA,NA,NA,NA,NA,NA,NA,NA,NA,NA,NA,NA,NA,NA,NA,NA,NA,NA,NA,NA,NA,NA,NA,NA,NA,NA,NA,NA,NA,NA,NA,NA,NA,NA,NA,NA,NA,NA,NA,NA,NA,NA,NA,NA,NA,NA,NA,NA,NA,NA,NA,NA,NA,NA,NA,NA,NA,NA,NA,NA,NA,NA,NA,NA,NA,NA,NA,NA,NA,NA,NA,NA,NA,NA,NA,NA,NA,NA,NA,NA,NA,NA,NA,NA,NA,NA,NA,NA,NA,NA,NA,NA,NA,NA,NA,NA,NA,NA,NA,NA,NA,NA,NA,NA,NA,NA,NA,NA,NA,NA,NA,NA,NA,NA,NA,NA,NA,NA,NA,NA,NA,NA,NA,NA,NA,NA,NA,NA,NA,NA,NA,NA,NA,NA,NA,NA,NA,NA,NA,NA,NA,NA,NA,NA,NA,NA,NA,NA,NA,NA,NA,NA,NA,NA,NA,NA,NA,NA,NA,NA,NA,NA,NA,NA,NA,NA,NA,NA,NA,NA,NA,NA,NA,NA,NA,NA,NA,NA,NA,NA,NA,NA,NA,NA,NA,NA,NA,NA,NA,NA,NA,NA,NA,NA,322000.0,116500.0,438600.0
1971,28700700.0,27079400.0,55780100.0,NA,NA,NA,NA,NA,NA,NA,NA,NA,NA,NA,NA,NA,NA,NA,NA,NA,NA,NA,NA,NA,NA,NA,NA,NA,NA,NA,NA,NA,NA,NA,NA,NA,NA,NA,NA,NA,NA,NA,NA,NA,NA,NA,NA,NA,NA,NA,NA,NA,NA,NA,NA,NA,NA,NA,NA,NA,NA,NA,NA,NA,NA,NA,NA,NA,NA,NA,NA,NA,NA,NA,NA,NA,NA,NA,NA,NA,NA,NA,NA,NA,NA,NA,NA,NA,NA,NA,NA,NA,NA,NA,NA,NA,NA,NA,NA,NA,NA,NA,NA,NA,NA,NA,NA,NA,NA,NA,NA,NA,NA,NA,NA,NA,NA,NA,NA,NA,NA,NA,NA,NA,NA,NA,NA,NA,NA,NA,NA,NA,NA,NA,NA,NA,NA,NA,NA,NA,NA,NA,NA,NA,NA,NA,NA,NA,NA,NA,NA,NA,NA,NA,NA,NA,NA,NA,NA,NA,NA,NA,NA,NA,NA,NA,NA,NA,NA,NA,NA,NA,NA,NA,NA,NA,NA,NA,NA,NA,NA,NA,NA,NA,NA,NA,NA,NA,NA,NA,NA,NA,NA,NA,NA,NA,NA,NA,NA,NA,NA,NA,NA,NA,NA,NA,NA,NA,NA,NA,NA,NA,NA,NA,NA,NA,NA,NA,NA,NA,NA,NA,NA,NA,NA,NA,NA,NA,NA,NA,NA,NA,NA,NA,NA,NA,NA,NA,NA,NA,NA,NA,NA,NA,NA,NA,NA,NA,NA,NA,NA,NA,NA,NA,NA,NA,NA,NA,NA,NA,NA,NA,NA,NA,NA,NA,NA,NA,NA,NA,NA,NA,NA,NA,NA,NA,NA,NA,NA,NA,NA,NA,NA,NA,NA,NA,NA,NA,NA,NA,NA,NA,NA,NA,NA,NA,NA,NA,NA,NA,NA,NA,NA,NA,NA,NA,342900.0,121300.0,464200.0
1972,28798979.0,27213366.0,56012345.0,NA,NA,NA,430478.0,453753.0,884231.0,441813.0,463023.0,904836.0,429003.0,451230.0,880233.0,415671.0,438594.0,854265.0,405130.0,428669.0,833799.0,395054.0,419572.0,814626.0,385938.0,410355.0,796293.0,376515.0,397632.0,774147.0,375962.0,393967.0,769929.0,379643.0,394417.0,774060.0,377047.0,390360.0,767407.0,434876.0,458249.0,893125.0,380771.0,394048.0,774819.0,391468.0,402093.0,793561.0,405554.0,413029.0,818583.0,428314.0,433495.0,861809.0,461843.0,468118.0,929961.0,430555.0,439189.0,869744.0,377141.0,385038.0,762179.0,374724.0,384139.0,758863.0,368097.0,376742.0,744839.0,345210.0,352657.0,697867.0,445827.0,469096.0,914923.0,319465.0,327167.0,646632.0,318436.0,326781.0,645217.0,328381.0,337586.0,665967.0,327509.0,338387.0,665896.0,324782.0,336002.0,660784.0,321378.0,330683.0,652061.0,317240.0,325890.0,643130.0,310802.0,318753.0,629555.0,308793.0,315158.0,623951.0,315838.0,321967.0,637805.0,453199.0,477336.0,930535.0,325751.0,329780.0,655531.0,332194.0,331691.0,663885.0,333008.0,330353.0,663361.0,331145.0,328455.0,659600.0,334086.0,332142.0,666228.0,341399.0,339028.0,680427.0,346010.0,342329.0,688339.0,350403.0,343645.0,694048.0,355788.0,345429.0,701217.0,367960.0,356399.0,724359.0,457428.0,481644.0,939072.0,387978.0,373310.0,761288.0,407448.0,388549.0,795997.0,352584.0,334284.0,686868.0,283980.0,266219.0,550199.0,294019.0,274977.0,568996.0,319703.0,298546.0,618249.0,342815.0,317743.0,660558.0,357346.0,328111.0,685457.0,356539.0,326859.0,683398.0,349022.0,319683.0,668705.0,460382.0,484105.0,944487.0,345158.0,312404.0,657562.0,346407.0,308290.0,654697.0,345836.0,304618.0,650454.0,341787.0,296629.0,638416.0,332920.0,284475.0,617395.0,323523.0,270277.0,593800.0,317821.0,257730.0,575551.0,309512.0,244100.0,553612.0,298033.0,230303.0,528336.0,285950.0,215064.0,501014.0,464248.0,490091.0,954339.0,277126.0,198067.0,475193.0,269131.0,181419.0,450550.0,250541.0,159797.0,410338.0,231327.0,139632.0,370959.0,219567.0,126635.0,346202.0,207546.0,114786.0,322332.0,193460.0,104011.0,297471.0,178090.0,93629.0,271719.0,164719.0,83637.0,248356.0,151687.0,74313.0,226000.0,457509.0,482739.0,940248.0,137268.0,65395.0,202663.0,123677.0,57287.0,180964.0,111903.0,49515.0,161418.0,100413.0,42114.0,142527.0,86440.0,34688.0,121128.0,NA,NA,NA,NA,NA,NA,NA,NA,NA,NA,NA,NA,NA,NA,NA,449224.0,471191.0,920415.0,NA,NA,NA,NA,NA,NA,NA,NA,NA,NA,NA,NA,NA,NA,NA,NA,NA,NA,NA,NA,NA,NA,NA,NA,NA,NA,NA,NA,NA,NA,424839.0,447580.0,872419.0,363872.0,126494.0,490366.0
1973,28864250.0,27295535.0,56159785.0,NA,NA,NA,422325.0,445096.0,867421.0,449755.0,471831.0,921586.0,442511.0,463311.0,905822.0,429748.0,451491.0,881239.0,416097.0,438707.0,854804.0,405808.0,428779.0,834587.0,396185.0,419331.0,815516.0,386549.0,408119.0,794668.0,376967.0,395759.0,772726.0,376622.0,391732.0,768354.0,380583.0,395065.0,775648.0,429086.0,452264.0,881350.0,377712.0,392795.0,770507.0,381292.0,394258.0,775550.0,391666.0,401823.0,793489.0,405742.0,413003.0,818745.0,427542.0,432642.0,860184.0,460691.0,467851.0,928542.0,429314.0,437862.0,867176.0,375680.0,384574.0,760254.0,373693.0,383365.0,757058.0,367083.0,376310.0,743393.0,433521.0,456772.0,890293.0,344035.0,352026.0,696061.0,318662.0,326532.0,645194.0,317873.0,325597.0,643470.0,327824.0,336358.0,664182.0,326953.0,337407.0,664360.0,324197.0,334943.0,659140.0,320793.0,329558.0,650351.0,316562.0,324860.0,641422.0,310112.0,317471.0,627583.0,307942.0,314266.0,622208.0,444357.0,467474.0,911831.0,315287.0,321365.0,636652.0,325116.0,328866.0,653982.0,331478.0,331086.0,662564.0,332191.0,329143.0,661334.0,330121.0,327443.0,657564.0,333047.0,330571.0,663618.0,340338.0,337459.0,677797.0,344822.0,340421.0,685243.0,349011.0,341509.0,690520.0,354073.0,343782.0,697855.0,451692.0,476437.0,928129.0,366010.0,354354.0,720364.0,385989.0,370439.0,756428.0,405092.0,385099.0,790191.0,350526.0,330872.0,681398.0,281906.0,263015.0,544921.0,292139.0,271605.0,563744.0,317247.0,294697.0,611944.0,340278.0,313292.0,653570.0,354678.0,323158.0,677836.0,353358.0,321286.0,674644.0,456747.0,480420.0,937167.0,345647.0,314040.0,659687.0,341436.0,305696.0,647132.0,342045.0,300856.0,642901.0,341234.0,296581.0,637815.0,336579.0,288049.0,624628.0,327304.0,274546.0,601850.0,317669.0,260521.0,578190.0,311727.0,247294.0,559021.0,302683.0,233447.0,536130.0,290729.0,219300.0,510029.0,460326.0,483937.0,944263.0,278305.0,203652.0,481957.0,268824.0,186640.0,455464.0,259826.0,169908.0,429734.0,240964.0,148675.0,389639.0,221429.0,129208.0,350637.0,209222.0,116387.0,325609.0,196761.0,104760.0,301521.0,182457.0,94374.0,276831.0,166913.0,84237.0,251150.0,153082.0,74520.0,227602.0,464375.0,490709.0,955084.0,140069.0,65592.0,205661.0,125665.0,57321.0,182986.0,112212.0,49736.0,161948.0,100299.0,42342.0,142641.0,89148.0,35646.0,124794.0,NA,NA,NA,NA,NA,NA,NA,NA,NA,NA,NA,NA,NA,NA,NA,457756.0,483248.0,941004.0,NA,NA,NA,NA,NA,NA,NA,NA,NA,NA,NA,NA,NA,NA,NA,NA,NA,NA,NA,NA,NA,NA,NA,NA,NA,NA,NA,NA,NA,NA,398365.0,421278.0,819643.0,374571.0,127484.0,502055.0
1974,28889066.0,27340202.0,56229268.0,NA,NA,NA,395816.0,419114.0,814930.0,458072.0,483857.0,941929.0,450169.0,472561.0,922730.0,443170.0,463834.0,907004.0,430289.0,451903.0,882192.0,416667.0,438837.0,855504.0,407322.0,428742.0,836064.0,397141.0,417837.0,814978.0,387277.0,406329.0,793606.0,377678.0,392901.0,770579.0,377715.0,391592.0,769307.0,420649.0,443322.0,863971.0,381045.0,397245.0,778290.0,378081.0,393026.0,771107.0,381418.0,393950.0,775368.0,392132.0,401651.0,793783.0,405387.0,412093.0,817480.0,426055.0,431822.0,857877.0,458975.0,466532.0,925507.0,427344.0,436727.0,864071.0,373808.0,383530.0,757338.0,371951.0,382448.0,754399.0,427812.0,450919.0,878731.0,365474.0,375258.0,740732.0,343046.0,351209.0,694255.0,317649.0,325362.0,643011.0,316569.0,324528.0,641097.0,326587.0,335445.0,662032.0,326022.0,336222.0,662244.0,323245.0,333587.0,656832.0,319853.0,328108.0,647961.0,315611.0,323208.0,638819.0,309136.0,316451.0,625587.0,432456.0,455528.0,887984.0,307205.0,313244.0,620449.0,314540.0,319955.0,634495.0,324211.0,327627.0,651838.0,330700.0,329739.0,660439.0,331235.0,327960.0,659195.0,328991.0,325967.0,654958.0,331898.0,328664.0,660562.0,339022.0,335449.0,674471.0,343392.0,338433.0,681825.0,347163.0,339662.0,686825.0,442791.0,465706.0,908497.0,352241.0,341802.0,694043.0,364022.0,351815.0,715837.0,383768.0,367181.0,750949.0,402742.0,381203.0,783945.0,348193.0,327361.0,675554.0,279659.0,259817.0,539476.0,289713.0,267947.0,557660.0,314579.0,290548.0,605127.0,337454.0,308264.0,645718.0,351449.0,317676.0,669125.0,450414.0,474916.0,925330.0,349946.0,315476.0,665422.0,342126.0,307422.0,649548.0,337368.0,298434.0,635802.0,337407.0,293011.0,630418.0,336105.0,288035.0,624140.0,330920.0,278168.0,609088.0,321235.0,264856.0,586091.0,311523.0,250357.0,561880.0,304985.0,236618.0,541603.0,295354.0,222399.0,517753.0,455864.0,479479.0,935343.0,282884.0,207989.0,490873.0,270130.0,192106.0,462236.0,259821.0,175055.0,434876.0,250078.0,157995.0,408073.0,230721.0,137471.0,368192.0,211178.0,118787.0,329965.0,198458.0,106258.0,304716.0,185754.0,94927.0,280681.0,171186.0,84875.0,256061.0,155291.0,75192.0,230483.0,460122.0,484178.0,944300.0,141389.0,65910.0,207299.0,128239.0,57355.0,185594.0,114159.0,49702.0,163861.0,100565.0,42520.0,143085.0,88877.0,35743.0,124620.0,NA,NA,NA,NA,NA,NA,NA,NA,NA,NA,NA,NA,NA,NA,NA,464277.0,490909.0,955186.0,NA,NA,NA,NA,NA,NA,NA,NA,NA,NA,NA,NA,NA,NA,NA,NA,NA,NA,NA,NA,NA,NA,NA,NA,NA,NA,NA,NA,NA,NA,370728.0,393399.0,764127.0,385373.0,128962.0,514335.0
1975,28875801.0,27354879.0,56230680.0,NA,NA,NA,368681.0,390684.0,759365.0,464076.0,491595.0,955671.0,458277.0,484409.0,942686.0,450511.0,473208.0,923719.0,443581.0,463983.0,907564.0,430570.0,452117.0,882687.0,417597.0,438922.0,856519.0,408053.0,427167.0,835220.0,398008.0,416034.0,814042.0,388110.0,404901.0,793011.0,378738.0,393452.0,772190.0,393901.0,417132.0,811033.0,378211.0,393994.0,772205.0,381220.0,397078.0,778298.0,378632.0,392334.0,770966.0,381503.0,393322.0,774825.0,391797.0,400521.0,792318.0,403137.0,411022.0,814159.0,423471.0,430933.0,854404.0,456358.0,465855.0,922213.0,424683.0,435843.0,860526.0,371666.0,382210.0,753876.0,418711.0,441555.0,860266.0,369786.0,380984.0,750770.0,363917.0,374020.0,737937.0,341465.0,349897.0,691362.0,316200.0,324015.0,640215.0,314793.0,323138.0,637931.0,324812.0,333948.0,658760.0,324832.0,334691.0,659523.0,322080.0,331908.0,653988.0,318807.0,326505.0,645312.0,314419.0,321929.0,636348.0,426290.0,450074.0,876364.0,307965.0,315067.0,623032.0,305956.0,312137.0,618093.0,313590.0,318309.0,631899.0,323007.0,326322.0,649329.0,329706.0,328253.0,657959.0,329965.0,326307.0,656272.0,327597.0,324433.0,652030.0,330406.0,326832.0,657238.0,337465.0,333580.0,671045.0,341597.0,336472.0,678069.0,431130.0,453777.0,884907.0,345096.0,336920.0,682016.0,350066.0,338899.0,688965.0,361811.0,348711.0,710522.0,381262.0,363507.0,744769.0,399970.0,377405.0,777375.0,345589.0,323357.0,668946.0,277527.0,256364.0,533891.0,287193.0,263965.0,551158.0,311877.0,285734.0,597611.0,334243.0,302806.0,637049.0,441226.0,464244.0,905470.0,347904.0,311865.0,659769.0,346280.0,308776.0,655056.0,338284.0,300253.0,638537.0,332941.0,290863.0,623804.0,332413.0,284723.0,617136.0,330551.0,278289.0,608840.0,324855.0,268169.0,593024.0,314932.0,254775.0,569707.0,304649.0,239789.0,544438.0,297752.0,225410.0,523162.0,448914.0,473473.0,922387.0,287554.0,211171.0,498725.0,274669.0,196425.0,471094.0,261382.0,180271.0,441653.0,250297.0,163114.0,413411.0,239814.0,146171.0,385985.0,220283.0,126393.0,346676.0,200340.0,108373.0,308713.0,187270.0,96547.0,283817.0,174309.0,85348.0,259657.0,159535.0,75809.0,235344.0,454593.0,478565.0,933158.0,143522.0,66672.0,210194.0,129450.0,57728.0,187178.0,116533.0,49667.0,166200.0,102501.0,42431.0,144932.0,89191.0,35824.0,125015.0,NA,NA,NA,NA,NA,NA,NA,NA,NA,NA,NA,NA,NA,NA,NA,459180.0,484009.0,943189.0,NA,NA,NA,NA,NA,NA,NA,NA,NA,NA,NA,NA,NA,NA,NA,NA,NA,NA,NA,NA,NA,NA,NA,NA,NA,NA,NA,NA,NA,NA,350417.0,370586.0,721003.0,394349.0,130609.0,524958.0
1976,28860209.0,27360711.0,56220920.0,NA,NA,NA,348664.0,368163.0,716827.0,458930.0,484591.0,943521.0,464443.0,491946.0,956389.0,458549.0,484918.0,943467.0,450833.0,473488.0,924321.0,443794.0,464413.0,908207.0,431271.0,452311.0,883582.0,418276.0,437225.0,855501.0,408968.0,425382.0,834350.0,399301.0,416177.0,815478.0,389613.0,406310.0,795923.0,367207.0,388999.0,756206.0,379873.0,396528.0,776401.0,378808.0,394810.0,773618.0,382041.0,397024.0,779065.0,379046.0,392495.0,771541.0,381287.0,392046.0,773333.0,390062.0,399289.0,789351.0,401386.0,410325.0,811711.0,421788.0,430511.0,852299.0,454688.0,465186.0,919874.0,423548.0,434937.0,858485.0,392098.0,415439.0,807537.0,370458.0,380916.0,751374.0,368843.0,379729.0,748572.0,363036.0,372760.0,735796.0,340784.0,348584.0,689368.0,315177.0,322401.0,637578.0,313403.0,321346.0,634749.0,323909.0,332248.0,656157.0,324040.0,332849.0,656889.0,321369.0,330186.0,651555.0,317938.0,325252.0,643190.0,416959.0,440578.0,857537.0,313412.0,320628.0,634040.0,307050.0,314158.0,621208.0,305338.0,310767.0,616105.0,312627.0,317219.0,629846.0,322184.0,324924.0,647108.0,328625.0,326829.0,655454.0,328585.0,324948.0,653533.0,326274.0,322878.0,649152.0,328992.0,325007.0,653999.0,335814.0,331642.0,667456.0,425069.0,448877.0,873946.0,339541.0,333677.0,673218.0,343075.0,334028.0,677103.0,347920.0,335786.0,683706.0,359410.0,345100.0,704510.0,378669.0,359751.0,738420.0,397282.0,373131.0,770413.0,343344.0,319505.0,662849.0,275230.0,252660.0,527890.0,284684.0,259464.0,544148.0,308887.0,280719.0,589606.0,430069.0,453073.0,883142.0,330918.0,297304.0,628222.0,344395.0,305179.0,649574.0,342471.0,301622.0,644093.0,334058.0,292689.0,626747.0,328042.0,282553.0,610595.0,326803.0,275203.0,602006.0,324384.0,268361.0,592745.0,318436.0,257925.0,576361.0,307923.0,244128.0,552051.0,297411.0,228601.0,526012.0,440008.0,463070.0,903078.0,289940.0,214212.0,504152.0,279327.0,199529.0,478856.0,265893.0,184507.0,450400.0,252002.0,168546.0,420548.0,240170.0,151099.0,391269.0,228900.0,134561.0,363461.0,209143.0,115463.0,324606.0,189093.0,98479.0,287572.0,175649.0,86772.0,262421.0,162522.0,76140.0,238662.0,447417.0,472179.0,919596.0,147423.0,66947.0,214370.0,131274.0,58382.0,189656.0,117465.0,49907.0,167372.0,104477.0,42278.0,146755.0,90766.0,35573.0,126339.0,NA,NA,NA,NA,NA,NA,NA,NA,NA,NA,NA,NA,NA,NA,NA,453205.0,478058.0,931263.0,NA,NA,NA,NA,NA,NA,NA,NA,NA,NA,NA,NA,NA,NA,NA,NA,NA,NA,NA,NA,NA,NA,NA,NA,NA,NA,NA,NA,NA,NA,336634.0,355463.0,692097.0,401589.0,131848.0,533437.0
1977,28850323.0,27352693.0,56203016.0,NA,NA,NA,334851.0,353377.0,688228.0,452819.0,477888.0,930707.0,459464.0,485055.0,944519.0,464747.0,492523.0,957270.0,458911.0,485499.0,944410.0,451288.0,474282.0,925570.0,444679.0,464642.0,909321.0,432261.0,450953.0,883214.0,419296.0,435596.0,854892.0,410277.0,425453.0,835730.0,400854.0,417169.0,818023.0,347113.0,366594.0,713707.0,390949.0,409170.0,800119.0,380781.0,398011.0,778792.0,379446.0,395835.0,775281.0,382767.0,397062.0,779829.0,379406.0,391498.0,770904.0,380622.0,390228.0,770850.0,389425.0,398256.0,787681.0,400790.0,409397.0,810187.0,421280.0,429162.0,850442.0,454163.0,463958.0,918121.0,365501.0,387455.0,752956.0,423157.0,433527.0,856684.0,370250.0,379712.0,749962.0,368635.0,378708.0,747343.0,362738.0,371490.0,734228.0,340312.0,347192.0,687504.0,314824.0,320843.0,635667.0,312851.0,319766.0,632617.0,323258.0,330494.0,653752.0,323296.0,331170.0,654466.0,320725.0,328763.0,649488.0,390586.0,413982.0,804568.0,317340.0,324227.0,641567.0,312898.0,319866.0,632764.0,306536.0,313140.0,619676.0,304703.0,309922.0,614625.0,311881.0,315958.0,627839.0,321427.0,323531.0,644958.0,327554.0,325220.0,652774.0,327533.0,323309.0,650842.0,325105.0,320985.0,646090.0,327626.0,322925.0,650551.0,415558.0,439245.0,854803.0,334170.0,329128.0,663298.0,337825.0,330942.0,668767.0,341140.0,330882.0,672022.0,345847.0,332242.0,678089.0,357169.0,341314.0,698483.0,376344.0,355633.0,731977.0,394700.0,368409.0,763109.0,340731.0,314897.0,655628.0,273029.0,248440.0,521469.0,282108.0,254889.0,536997.0,424275.0,448230.0,872505.0,305931.0,275628.0,581559.0,327544.0,291220.0,618764.0,340448.0,298229.0,638677.0,338132.0,293952.0,632084.0,329262.0,284492.0,613754.0,322663.0,273225.0,595888.0,320903.0,265715.0,586618.0,318080.0,258171.0,576251.0,311670.0,247197.0,558867.0,300741.0,233095.0,533836.0,429394.0,452448.0,881842.0,289819.0,217306.0,507125.0,281867.0,202607.0,484474.0,270524.0,187666.0,458190.0,256620.0,172599.0,429219.0,242033.0,156328.0,398361.0,229653.0,139392.0,369045.0,217720.0,123134.0,340854.0,197747.0,104862.0,302609.0,177509.0,88678.0,266187.0,163958.0,77598.0,241556.0,439130.0,462161.0,901291.0,150226.0,67289.0,217515.0,135292.0,58748.0,194040.0,119257.0,50676.0,169933.0,105377.0,42684.0,148061.0,92640.0,35459.0,128099.0,NA,NA,NA,NA,NA,NA,NA,NA,NA,NA,NA,NA,NA,NA,NA,446472.0,471247.0,917719.0,NA,NA,NA,NA,NA,NA,NA,NA,NA,NA,NA,NA,NA,NA,NA,NA,NA,NA,NA,NA,NA,NA,NA,NA,NA,NA,NA,NA,NA,NA,321846.0,339784.0,661630.0,410044.0,133059.0,543103.0
1978,28846705.0,27337263.0,56183968.0,NA,NA,NA,320463.0,338223.0,658686.0,446034.0,470737.0,916771.0,452787.0,478045.0,930832.0,460351.0,486030.0,946381.0,465580.0,493470.0,959050.0,459672.0,486344.0,946016.0,452204.0,474730.0,926934.0,445776.0,463959.0,909735.0,433658.0,449464.0,883122.0,420645.0,435210.0,855855.0,412034.0,425850.0,837884.0,333674.0,352108.0,685782.0,402526.0,419108.0,821634.0,392205.0,409943.0,802148.0,381236.0,397884.0,779120.0,380071.0,394308.0,774379.0,383339.0,395522.0,778861.0,379293.0,389126.0,768419.0,380169.0,388522.0,768691.0,388815.0,396772.0,785587.0,400310.0,407847.0,808157.0,420737.0,427559.0,848296.0,345820.0,365375.0,711195.0,453423.0,462326.0,915749.0,422635.0,432129.0,854764.0,369609.0,378520.0,748129.0,368260.0,377386.0,745646.0,362186.0,370322.0,732508.0,339915.0,346001.0,685916.0,314269.0,319602.0,633871.0,312184.0,318387.0,630571.0,322490.0,329076.0,651566.0,322660.0,329698.0,652358.0,364430.0,386402.0,750832.0,320296.0,327704.0,648000.0,316842.0,323477.0,640319.0,312431.0,318888.0,631319.0,305929.0,312464.0,618393.0,304134.0,309191.0,613325.0,311250.0,314733.0,625983.0,320751.0,322071.0,642822.0,326716.0,323681.0,650397.0,326648.0,321462.0,648110.0,324055.0,318767.0,642822.0,389480.0,412505.0,801985.0,326321.0,320548.0,646869.0,332497.0,326502.0,658999.0,335939.0,327949.0,663888.0,339063.0,327654.0,666717.0,343647.0,328808.0,672455.0,354760.0,337347.0,692107.0,373620.0,350903.0,724523.0,391740.0,363113.0,754853.0,337893.0,309669.0,647562.0,270543.0,244029.0,514572.0,414637.0,438304.0,852941.0,279325.0,250255.0,529580.0,302667.0,269953.0,572620.0,323746.0,284692.0,608438.0,336184.0,290768.0,626952.0,333495.0,285912.0,619407.0,324245.0,275304.0,599549.0,317352.0,264077.0,581429.0,314796.0,255966.0,570762.0,311469.0,247755.0,559224.0,304622.0,236333.0,540955.0,424030.0,447804.0,871834.0,293255.0,221746.0,515001.0,281956.0,205768.0,487724.0,273311.0,190808.0,464119.0,261457.0,175604.0,437061.0,246887.0,160420.0,407307.0,231997.0,144310.0,376307.0,218808.0,127629.0,346437.0,206134.0,111827.0,317961.0,186088.0,94539.0,280627.0,166111.0,79379.0,245490.0,429278.0,452042.0,881320.0,151789.0,68753.0,220542.0,138266.0,59043.0,197309.0,123323.0,51247.0,174570.0,107406.0,43517.0,150923.0,93791.0,36092.0,129883.0,NA,NA,NA,NA,NA,NA,NA,NA,NA,NA,NA,NA,NA,NA,NA,438780.0,461519.0,900299.0,NA,NA,NA,NA,NA,NA,NA,NA,NA,NA,NA,NA,NA,NA,NA,NA,NA,NA,NA,NA,NA,NA,NA,NA,NA,NA,NA,NA,NA,NA,316915.0,333960.0,650875.0,420570.0,134487.0,555057.0
1979,28857624.0,27351415.0,56209039.0,NA,NA,NA,316063.0,332581.0,648644.0,438332.0,461273.0,899605.0,445601.0,470629.0,916230.0,453378.0,478501.0,931879.0,461387.0,487323.0,948710.0,466619.0,494558.0,961177.0,460900.0,487426.0,948326.0,453584.0,474696.0,928280.0,447232.0,463414.0,910646.0,435106.0,449377.0,884483.0,422615.0,436065.0,858680.0,320002.0,337544.0,657546.0,413674.0,427669.0,841343.0,403887.0,419772.0,823659.0,392711.0,409732.0,802443.0,381350.0,396312.0,777662.0,380247.0,392851.0,773098.0,382898.0,393361.0,776259.0,378501.0,387515.0,766016.0,379226.0,387060.0,766286.0,388004.0,395691.0,783695.0,399543.0,406469.0,806012.0,333171.0,351545.0,684716.0,419749.0,426509.0,846258.0,452523.0,461301.0,913824.0,421731.0,431178.0,852909.0,369077.0,377623.0,746700.0,367799.0,376419.0,744218.0,361642.0,369414.0,731056.0,339463.0,345303.0,684766.0,313780.0,318854.0,632634.0,311782.0,317539.0,629321.0,322001.0,328180.0,650181.0,345285.0,364910.0,710195.0,322432.0,328989.0,651421.0,320088.0,326931.0,647019.0,316469.0,322479.0,638948.0,312006.0,318096.0,630102.0,305686.0,311705.0,617391.0,303660.0,308033.0,611693.0,310650.0,313447.0,624097.0,320030.0,320659.0,640689.0,325827.0,322020.0,647847.0,325676.0,319535.0,645211.0,363698.0,385497.0,749195.0,322961.0,316654.0,639615.0,324857.0,318280.0,643137.0,330697.0,323822.0,654519.0,333891.0,324936.0,658827.0,336852.0,324346.0,661198.0,341127.0,325159.0,666286.0,352123.0,333036.0,685159.0,370820.0,345970.0,716790.0,388444.0,357264.0,745708.0,334846.0,304430.0,639276.0,388659.0,411775.0,800434.0,267934.0,239805.0,507739.0,276345.0,244999.0,521344.0,299171.0,263863.0,563034.0,319786.0,277649.0,597435.0,331504.0,282787.0,614291.0,328289.0,276954.0,605243.0,318964.0,266276.0,585240.0,311458.0,254520.0,565978.0,308189.0,245891.0,554080.0,304566.0,237049.0,541615.0,414135.0,437856.0,851991.0,296984.0,225192.0,522176.0,285240.0,210145.0,495385.0,273465.0,194022.0,467487.0,264177.0,178743.0,442920.0,251598.0,163286.0,414884.0,236588.0,148188.0,384776.0,221234.0,132245.0,353479.0,207274.0,115935.0,323209.0,194189.0,100813.0,295002.0,174130.0,84488.0,258618.0,423881.0,447705.0,871586.0,153986.0,70219.0,224205.0,139477.0,60243.0,199720.0,126000.0,51398.0,177398.0,111361.0,43969.0,155330.0,95535.0,36923.0,132458.0,NA,NA,NA,NA,NA,NA,NA,NA,NA,NA,NA,NA,NA,NA,NA,429062.0,451942.0,881004.0,NA,NA,NA,NA,NA,NA,NA,NA,NA,NA,NA,NA,NA,NA,NA,NA,NA,NA,NA,NA,NA,NA,NA,NA,NA,NA,NA,NA,NA,NA,332377.0,350374.0,682751.0,430363.0,136279.0,566642.0
1980,28892661.0,27392202.0,56284863.0,NA,NA,NA,331273.0,348575.0,679848.0,428963.0,452073.0,881036.0,438131.0,461135.0,899266.0,445702.0,470405.0,916107.0,453899.0,479077.0,932976.0,462503.0,488638.0,951141.0,468003.0,495794.0,963797.0,462287.0,487231.0,949518.0,455015.0,474984.0,929999.0,448837.0,463638.0,912475.0,437101.0,450969.0,888070.0,315371.0,332115.0,647486.0,424345.0,438596.0,862941.0,415209.0,428447.0,843656.0,404904.0,420398.0,825302.0,393144.0,407877.0,801021.0,381256.0,394778.0,776034.0,379598.0,390465.0,770063.0,382264.0,391070.0,773334.0,377698.0,386273.0,763971.0,378354.0,385473.0,763827.0,387196.0,394345.0,781541.0,319211.0,336937.0,656148.0,398545.0,405097.0,803642.0,419137.0,425544.0,844681.0,452031.0,460337.0,912368.0,421390.0,430295.0,851685.0,368789.0,376746.0,745535.0,367418.0,375461.0,742879.0,361320.0,368664.0,729984.0,339006.0,345122.0,684128.0,313465.0,318419.0,631884.0,311505.0,317181.0,628686.0,332688.0,350948.0,683636.0,321727.0,327389.0,649116.0,322341.0,328209.0,650550.0,319797.0,326172.0,645969.0,316069.0,321683.0,637752.0,311763.0,316958.0,628721.0,305307.0,310637.0,615944.0,303139.0,306644.0,609783.0,310020.0,311926.0,621946.0,319323.0,319004.0,638327.0,324907.0,320256.0,645163.0,344604.0,364238.0,708842.0,324683.0,317546.0,642229.0,321714.0,314620.0,636334.0,323230.0,316031.0,639261.0,328839.0,321031.0,649870.0,331864.0,321676.0,653540.0,334612.0,320963.0,655575.0,338740.0,320926.0,659666.0,349518.0,328373.0,677891.0,368001.0,340789.0,708790.0,385176.0,351496.0,736672.0,363311.0,384585.0,747896.0,331851.0,299386.0,631237.0,265081.0,235016.0,500097.0,273229.0,239445.0,512674.0,295273.0,257426.0,552699.0,315344.0,270280.0,585624.0,326423.0,274219.0,600642.0,322937.0,268119.0,591056.0,313315.0,256905.0,570220.0,305379.0,244768.0,550147.0,301559.0,235740.0,537299.0,388183.0,411170.0,799353.0,297133.0,226322.0,523455.0,289210.0,213890.0,503100.0,276766.0,198482.0,475248.0,264337.0,182119.0,446456.0,254439.0,166575.0,421014.0,241306.0,151223.0,392529.0,225764.0,136280.0,362044.0,209939.0,120532.0,330471.0,195562.0,104919.0,300481.0,181825.0,90169.0,271994.0,413612.0,437315.0,850927.0,161557.0,74895.0,236452.0,141827.0,61663.0,203490.0,127172.0,52423.0,179595.0,113860.0,44054.0,157914.0,99472.0,37362.0,136834.0,NA,NA,NA,NA,NA,NA,NA,NA,NA,NA,NA,NA,NA,NA,NA,423825.0,447695.0,871520.0,NA,NA,NA,NA,NA,NA,NA,NA,NA,NA,NA,NA,NA,NA,NA,NA,NA,NA,NA,NA,NA,NA,NA,NA,NA,NA,NA,NA,NA,NA,351313.0,370587.0,721900.0,440925.0,138964.0,579889.0
1981,28932214.0,27411355.0,56343569.0,NA,NA,NA,350199.0,368642.0,718841.0,423811.0,446870.0,870681.0,428936.0,451845.0,880781.0,438121.0,460999.0,899120.0,445541.0,470406.0,915947.0,454258.0,480196.0,934454.0,463291.0,489337.0,952628.0,468808.0,495614.0,964422.0,463204.0,487405.0,950609.0,456622.0,474835.0,931457.0,451011.0,465103.0,916114.0,330410.0,348194.0,678604.0,439099.0,453603.0,892702.0,426150.0,439462.0,865612.0,416392.0,429287.0,845679.0,405567.0,417562.0,823129.0,393308.0,404350.0,797658.0,381373.0,391487.0,772860.0,379739.0,387038.0,766777.0,380824.0,388586.0,769410.0,376901.0,383552.0,760453.0,377298.0,383251.0,760549.0,314248.0,331485.0,645733.0,385414.0,391918.0,777332.0,398080.0,403138.0,801218.0,418620.0,424111.0,842731.0,451719.0,458156.0,909875.0,421167.0,428384.0,849551.0,368410.0,374390.0,742800.0,367046.0,373827.0,740873.0,360745.0,367407.0,728152.0,338614.0,343857.0,682471.0,313270.0,317306.0,630576.0,318420.0,336343.0,654763.0,311113.0,315440.0,626553.0,321527.0,325975.0,647502.0,322121.0,326821.0,648942.0,319410.0,324675.0,644085.0,315604.0,319906.0,635510.0,311347.0,315375.0,626722.0,304901.0,308669.0,613570.0,302573.0,304491.0,607064.0,309522.0,309788.0,619310.0,318375.0,317120.0,635495.0,332017.0,350325.0,682342.0,323683.0,318104.0,641787.0,323399.0,315463.0,638862.0,320147.0,312525.0,632672.0,321421.0,313704.0,635125.0,326916.0,318174.0,645090.0,329756.0,318559.0,648315.0,332098.0,317072.0,649170.0,335855.0,316738.0,652593.0,346952.0,323559.0,670511.0,364931.0,335157.0,700088.0,344334.0,363247.0,707581.0,381421.0,345535.0,726956.0,328667.0,293505.0,622172.0,261952.0,229044.0,490996.0,269187.0,233132.0,502319.0,290980.0,250503.0,541483.0,310552.0,262631.0,573183.0,320677.0,265801.0,586478.0,316892.0,258781.0,575673.0,307207.0,247310.0,554517.0,298979.0,234991.0,533970.0,362957.0,383850.0,746807.0,294337.0,225011.0,519348.0,289634.0,215480.0,505114.0,281113.0,202193.0,483306.0,268174.0,186686.0,454860.0,254772.0,169932.0,424704.0,244109.0,153931.0,398040.0,230298.0,139812.0,370110.0,214538.0,124407.0,338945.0,198345.0,109427.0,307772.0,183498.0,94329.0,277827.0,387659.0,410310.0,797969.0,169174.0,80629.0,249803.0,150076.0,66346.0,216422.0,129755.0,53947.0,183702.0,115251.0,44894.0,160145.0,102264.0,37443.0,139707.0,NA,NA,NA,NA,NA,NA,NA,NA,NA,NA,NA,NA,NA,NA,NA,413362.0,436691.0,850053.0,NA,NA,NA,NA,NA,NA,NA,NA,NA,NA,NA,NA,NA,NA,NA,NA,NA,NA,NA,NA,NA,NA,NA,NA,NA,NA,NA,NA,NA,NA,356889.0,375102.0,731991.0,454877.0,140869.0,595746.0
1982,28936510.0,27387578.0,56324088.0,NA,NA,NA,355099.0,372840.0,727939.0,412754.0,435125.0,847879.0,423329.0,445822.0,869151.0,428383.0,451069.0,879452.0,437648.0,460281.0,897929.0,445269.0,470147.0,915416.0,454442.0,479855.0,934297.0,463723.0,489804.0,953527.0,470291.0,497972.0,968263.0,464664.0,487245.0,951909.0,460230.0,476014.0,936244.0,349402.0,368073.0,717475.0,452911.0,465278.0,918189.0,439710.0,452092.0,891802.0,425670.0,436875.0,862545.0,415184.0,423998.0,839182.0,403998.0,411195.0,815193.0,391976.0,398373.0,790349.0,380005.0,386611.0,766616.0,376831.0,383044.0,759875.0,378801.0,385061.0,763862.0,374416.0,380102.0,754518.0,329450.0,347459.0,676909.0,374591.0,380080.0,754671.0,384024.0,389055.0,773079.0,396864.0,401047.0,797911.0,417909.0,421327.0,839236.0,451356.0,455290.0,906646.0,420838.0,424987.0,845825.0,367942.0,372395.0,740337.0,366500.0,371495.0,737995.0,360065.0,365274.0,725339.0,337937.0,341926.0,679863.0,313241.0,330888.0,644129.0,312466.0,315903.0,628369.0,310395.0,314166.0,624561.0,320799.0,324271.0,645070.0,321430.0,325137.0,646567.0,318602.0,322787.0,641389.0,314822.0,317943.0,632765.0,310588.0,313342.0,623930.0,304097.0,306468.0,610565.0,301749.0,302434.0,604183.0,308382.0,308017.0,616399.0,317738.0,335693.0,653431.0,316947.0,315197.0,632144.0,322395.0,316087.0,638482.0,321889.0,313313.0,635202.0,318450.0,310016.0,628466.0,319477.0,310963.0,630440.0,324826.0,314947.0,639773.0,327278.0,314970.0,642248.0,329347.0,313018.0,642365.0,333211.0,312063.0,645274.0,344020.0,318195.0,662215.0,331406.0,349637.0,681043.0,361146.0,329302.0,690448.0,377688.0,338815.0,716503.0,324509.0,286470.0,610979.0,258120.0,223152.0,481272.0,265141.0,227007.0,492148.0,286346.0,243674.0,530020.0,305022.0,254645.0,559667.0,314507.0,256547.0,571054.0,310301.0,248967.0,559268.0,300390.0,237147.0,537537.0,343766.0,362508.0,706274.0,291655.0,224198.0,515853.0,286494.0,214129.0,500623.0,281220.0,203518.0,484738.0,272155.0,189990.0,462145.0,258276.0,174027.0,432303.0,244369.0,157012.0,401381.0,232999.0,142149.0,375148.0,218757.0,127703.0,346460.0,202597.0,112876.0,315473.0,186145.0,98556.0,284701.0,362321.0,383126.0,745447.0,171986.0,84319.0,256305.0,157126.0,71574.0,228700.0,137484.0,57983.0,195467.0,117948.0,46302.0,164250.0,103655.0,38286.0,141941.0,NA,NA,NA,NA,NA,NA,NA,NA,NA,NA,NA,NA,NA,NA,NA,387174.0,409356.0,796530.0,NA,NA,NA,NA,NA,NA,NA,NA,NA,NA,NA,NA,NA,NA,NA,NA,NA,NA,NA,NA,NA,NA,NA,NA,NA,NA,NA,NA,NA,NA,352035.0,369457.0,721492.0,469411.0,142117.0,611528.0
1983,28935694.0,27367500.0,56303194.0,NA,NA,NA,350116.0,367483.0,717599.0,386614.0,408663.0,795277.0,412047.0,433775.0,845822.0,422510.0,444132.0,866642.0,427834.0,449541.0,877375.0,437476.0,458898.0,896374.0,445432.0,469315.0,914747.0,454952.0,480823.0,935775.0,466851.0,493743.0,960594.0,472106.0,496399.0,968505.0,470073.0,488095.0,958168.0,354411.0,372092.0,726503.0,462969.0,474255.0,937224.0,453290.0,462416.0,915706.0,438527.0,447834.0,886361.0,423465.0,431422.0,854887.0,412674.0,418247.0,830921.0,401542.0,405082.0,806624.0,389427.0,393941.0,783368.0,377250.0,383997.0,761247.0,374063.0,380669.0,754732.0,375903.0,382502.0,758405.0,348730.0,367240.0,715970.0,372253.0,377566.0,749819.0,373001.0,377826.0,750827.0,382841.0,387036.0,769877.0,396072.0,399382.0,795454.0,417663.0,419128.0,836791.0,451495.0,453046.0,904541.0,420573.0,423614.0,844187.0,367382.0,370267.0,737649.0,365553.0,369641.0,735194.0,359110.0,363351.0,722461.0,328813.0,346788.0,675601.0,336894.0,341497.0,678391.0,311424.0,315175.0,626599.0,309345.0,312960.0,622305.0,319806.0,322984.0,642790.0,320562.0,323741.0,644303.0,317655.0,321176.0,638831.0,313856.0,316327.0,630183.0,309690.0,311679.0,621369.0,303102.0,304789.0,607891.0,300704.0,300920.0,601624.0,312757.0,330259.0,643016.0,307110.0,306433.0,613543.0,315611.0,313281.0,628892.0,320954.0,313990.0,634944.0,320303.0,310477.0,630780.0,316553.0,307061.0,623614.0,317597.0,307730.0,625327.0,322579.0,311372.0,633951.0,324992.0,310929.0,635921.0,326729.0,308455.0,635184.0,330524.0,307079.0,637603.0,317175.0,335184.0,652359.0,340782.0,312600.0,653382.0,357276.0,323136.0,680412.0,373066.0,331652.0,704718.0,320221.0,279787.0,600008.0,254450.0,217609.0,472059.0,260988.0,220647.0,481635.0,281777.0,236337.0,518114.0,299452.0,246107.0,545559.0,308115.0,246847.0,554962.0,303296.0,238710.0,542006.0,331038.0,349063.0,680101.0,293064.0,226446.0,519510.0,283904.0,213161.0,497065.0,277869.0,202354.0,480223.0,271826.0,190990.0,462816.0,262311.0,177392.0,439703.0,248013.0,161432.0,409445.0,233599.0,144742.0,378341.0,221604.0,130108.0,351712.0,206876.0,115742.0,322618.0,190469.0,101553.0,292022.0,343387.0,361965.0,705352.0,175291.0,87886.0,263177.0,159098.0,74466.0,233564.0,144092.0,62436.0,206528.0,125028.0,49963.0,174991.0,106345.0,39524.0,145869.0,NA,NA,NA,NA,NA,NA,NA,NA,NA,NA,NA,NA,NA,NA,NA,361936.0,382465.0,744401.0,NA,NA,NA,NA,NA,NA,NA,NA,NA,NA,NA,NA,NA,NA,NA,NA,NA,NA,NA,NA,NA,NA,NA,NA,NA,NA,NA,NA,NA,NA,348051.0,365817.0,713868.0,483530.0,144856.0,628386.0
1984,28966475.0,27396027.0,56362502.0,NA,NA,NA,347430.0,364972.0,712402.0,361852.0,382322.0,744174.0,386555.0,408321.0,794876.0,411587.0,432754.0,844341.0,422044.0,442724.0,864768.0,427597.0,448365.0,875962.0,437730.0,458510.0,896240.0,446119.0,470236.0,916355.0,457469.0,481083.0,938552.0,468079.0,488301.0,956380.0,475130.0,494140.0,969270.0,349866.0,367182.0,717048.0,472052.0,485620.0,957672.0,463769.0,473403.0,937172.0,453286.0,461203.0,914489.0,437806.0,446865.0,884671.0,422742.0,430216.0,852958.0,412139.0,416859.0,828998.0,400958.0,404344.0,805302.0,388539.0,394053.0,782592.0,376051.0,384010.0,760061.0,372852.0,380498.0,753350.0,354350.0,371857.0,726207.0,375120.0,382120.0,757240.0,371786.0,376909.0,748695.0,372736.0,377041.0,749777.0,382773.0,386691.0,769464.0,396421.0,398343.0,794764.0,418246.0,418603.0,836849.0,451590.0,452666.0,904256.0,420296.0,422637.0,842933.0,366660.0,369438.0,736098.0,364995.0,369119.0,734114.0,348707.0,367061.0,715768.0,358441.0,363770.0,722211.0,336119.0,340822.0,676941.0,310677.0,314138.0,624815.0,308541.0,311775.0,620316.0,319039.0,321773.0,640812.0,319896.0,322515.0,642411.0,316874.0,319770.0,636644.0,313089.0,314861.0,627950.0,308757.0,310041.0,618798.0,302166.0,303392.0,605558.0,328797.0,346701.0,675498.0,299606.0,299398.0,599004.0,305834.0,304528.0,610362.0,314251.0,311277.0,625528.0,319568.0,311430.0,630998.0,318595.0,307810.0,626405.0,314773.0,304193.0,618966.0,315569.0,304360.0,619929.0,320404.0,307654.0,628058.0,322674.0,306779.0,629453.0,324228.0,303845.0,628073.0,312731.0,330170.0,642901.0,327586.0,302026.0,629612.0,337478.0,307129.0,644607.0,353249.0,316611.0,669860.0,368375.0,323943.0,692318.0,315739.0,272778.0,588517.0,250689.0,211728.0,462417.0,256994.0,214227.0,471221.0,276851.0,228736.0,505587.0,293837.0,237195.0,531032.0,301673.0,237001.0,538674.0,317304.0,335140.0,652444.0,296126.0,228243.0,524369.0,285600.0,215636.0,501236.0,275825.0,201958.0,477783.0,269098.0,190398.0,459496.0,262342.0,178704.0,441046.0,252112.0,164868.0,416980.0,237495.0,149094.0,386589.0,222654.0,132659.0,355313.0,210015.0,118140.0,328155.0,194953.0,104343.0,299296.0,331181.0,349014.0,680195.0,179339.0,91104.0,270443.0,162570.0,77793.0,240363.0,146266.0,65226.0,211492.0,131198.0,53982.0,185180.0,112837.0,42646.0,155483.0,NA,NA,NA,NA,NA,NA,NA,NA,NA,NA,NA,NA,NA,NA,NA,343492.0,361971.0,705463.0,NA,NA,NA,NA,NA,NA,NA,NA,NA,NA,NA,NA,NA,NA,NA,NA,NA,NA,NA,NA,NA,NA,NA,NA,NA,NA,NA,NA,NA,NA,348115.0,365575.0,713690.0,499521.0,148691.0,648212.0
1985,29026946.0,27454695.0,56481641.0,NA,NA,NA,347827.0,364995.0,712822.0,344043.0,362340.0,706383.0,362535.0,382721.0,745256.0,386820.0,408395.0,795215.0,411782.0,432277.0,844059.0,421981.0,441806.0,863787.0,428032.0,448176.0,876208.0,438560.0,459372.0,897932.0,447905.0,468376.0,916281.0,458312.0,476392.0,934704.0,469126.0,485485.0,954611.0,347425.0,364922.0,712347.0,476299.0,491420.0,967719.0,472823.0,485064.0,957887.0,464509.0,472550.0,937059.0,453694.0,461149.0,914843.0,438178.0,447365.0,885543.0,423231.0,430460.0,853691.0,412920.0,417109.0,830029.0,401555.0,405015.0,806570.0,388797.0,394402.0,783199.0,376067.0,384190.0,760257.0,350484.0,367648.0,718132.0,373120.0,380833.0,753953.0,375537.0,382041.0,757578.0,372391.0,376738.0,749129.0,373410.0,377058.0,750468.0,383708.0,386457.0,770165.0,397416.0,398282.0,795698.0,418781.0,418548.0,837329.0,451849.0,452428.0,904277.0,419959.0,422321.0,842280.0,366385.0,369575.0,735960.0,354955.0,372375.0,727330.0,364812.0,369493.0,734305.0,358120.0,363229.0,721349.0,335683.0,340029.0,675712.0,310188.0,313308.0,623496.0,307959.0,310739.0,618698.0,318449.0,320657.0,639106.0,319364.0,321304.0,640668.0,316303.0,318455.0,634758.0,312280.0,313388.0,625668.0,307890.0,308621.0,616511.0,349361.0,367658.0,717019.0,301161.0,301866.0,603027.0,298601.0,297752.0,596353.0,304579.0,302718.0,607297.0,312939.0,309067.0,622006.0,318085.0,309022.0,627107.0,316909.0,305090.0,621999.0,312919.0,300978.0,613897.0,313518.0,300771.0,614289.0,318188.0,303723.0,621911.0,320230.0,302608.0,622838.0,329319.0,347207.0,676526.0,321370.0,299011.0,620381.0,324623.0,296795.0,621418.0,333964.0,301198.0,635162.0,349008.0,309599.0,658607.0,363408.0,315804.0,679212.0,311208.0,265354.0,576562.0,246844.0,205653.0,452497.0,252652.0,207482.0,460134.0,271901.0,220744.0,492645.0,287900.0,227905.0,515805.0,313319.0,330637.0,643956.0,294671.0,226838.0,521509.0,288609.0,217504.0,506113.0,277661.0,204513.0,482174.0,267324.0,190447.0,457771.0,259835.0,178366.0,438201.0,252282.0,166419.0,418701.0,241444.0,152376.0,393820.0,226514.0,136827.0,363341.0,211339.0,120782.0,332121.0,198122.0,106695.0,304817.0,317930.0,335656.0,653586.0,183284.0,93804.0,277088.0,166548.0,80801.0,247349.0,149763.0,68306.0,218069.0,133454.0,56575.0,190029.0,118446.0,46220.0,164666.0,NA,NA,NA,NA,NA,NA,NA,NA,NA,NA,NA,NA,NA,NA,NA,331766.0,349517.0,681283.0,NA,NA,NA,NA,NA,NA,NA,NA,NA,NA,NA,NA,NA,NA,NA,NA,NA,NA,NA,NA,NA,NA,NA,NA,NA,NA,NA,NA,NA,NA,354852.0,372176.0,727028.0,519632.0,154723.0,674355.0
1986,29103551.0,27515344.0,56618895.0,NA,NA,NA,354766.0,371863.0,726629.0,332504.0,350121.0,682625.0,345272.0,363344.0,708616.0,363168.0,383147.0,746315.0,387543.0,408902.0,796445.0,412303.0,432179.0,844482.0,422574.0,441410.0,863984.0,428859.0,449108.0,877967.0,440398.0,458035.0,898433.0,449167.0,466478.0,915645.0,460089.0,475777.0,935866.0,347817.0,364987.0,712804.0,471241.0,483296.0,954537.0,477503.0,489848.0,967351.0,473845.0,482855.0,956700.0,465102.0,470568.0,935670.0,454334.0,459944.0,914278.0,438702.0,446255.0,884957.0,424044.0,429346.0,853390.0,413896.0,416584.0,830480.0,402479.0,404411.0,806890.0,389270.0,393669.0,782939.0,348456.0,365934.0,714390.0,376907.0,383949.0,760856.0,374007.0,380383.0,754390.0,376653.0,381657.0,758310.0,373535.0,376500.0,750035.0,374792.0,376695.0,751487.0,384678.0,386033.0,770711.0,398230.0,397725.0,795955.0,419153.0,417969.0,837122.0,451667.0,451907.0,903574.0,419756.0,421939.0,841695.0,351890.0,368979.0,720869.0,366349.0,369316.0,735665.0,364684.0,368820.0,733504.0,357847.0,362466.0,720313.0,335330.0,339217.0,674547.0,309756.0,312402.0,622158.0,307295.0,309551.0,616846.0,317888.0,319353.0,637241.0,318875.0,320004.0,638879.0,315531.0,317048.0,632579.0,311372.0,311898.0,623270.0,356142.0,373470.0,729612.0,306832.0,307092.0,613924.0,300156.0,300323.0,600479.0,297484.0,296063.0,593547.0,303192.0,300644.0,603836.0,311455.0,306687.0,618142.0,316597.0,306289.0,622886.0,315055.0,301942.0,616997.0,310942.0,297432.0,608374.0,311322.0,296902.0,608224.0,315791.0,299529.0,615320.0,350270.0,368594.0,718864.0,317511.0,297865.0,615376.0,318435.0,293777.0,612212.0,321289.0,291011.0,612300.0,330096.0,294789.0,624885.0,344483.0,302047.0,646530.0,358136.0,307028.0,665164.0,306183.0,257484.0,563667.0,242580.0,199141.0,441721.0,248045.0,200301.0,448346.0,266520.0,212187.0,478707.0,330129.0,347926.0,678055.0,281437.0,218280.0,499717.0,287271.0,216166.0,503437.0,280594.0,206236.0,486830.0,268999.0,192933.0,461932.0,258194.0,178600.0,436794.0,249870.0,166123.0,415993.0,241429.0,153742.0,395171.0,230217.0,139764.0,369981.0,215097.0,124598.0,339695.0,199448.0,108950.0,308398.0,314153.0,331451.0,645604.0,185653.0,95891.0,281544.0,170187.0,83185.0,253372.0,153338.0,70934.0,224272.0,136660.0,59244.0,195904.0,120478.0,48448.0,168926.0,NA,NA,NA,NA,NA,NA,NA,NA,NA,NA,NA,NA,NA,NA,NA,318784.0,336454.0,655238.0,NA,NA,NA,NA,NA,NA,NA,NA,NA,NA,NA,NA,NA,NA,NA,NA,NA,NA,NA,NA,NA,NA,NA,NA,NA,NA,NA,NA,NA,NA,363113.0,381638.0,744751.0,540457.0,162312.0,702769.0
1987,29173506.0,27570391.0,56743897.0,NA,NA,NA,362966.0,381112.0,744078.0,319229.0,336781.0,656010.0,333611.0,351006.0,684617.0,345791.0,363610.0,709401.0,363832.0,383628.0,747460.0,388180.0,409257.0,797437.0,412747.0,431965.0,844712.0,423088.0,442022.0,865110.0,430378.0,447744.0,878122.0,441515.0,456166.0,897681.0,450780.0,466226.0,917006.0,354906.0,371941.0,726847.0,462092.0,473777.0,935869.0,472402.0,481846.0,954248.0,478320.0,487184.0,965504.0,474112.0,480465.0,954577.0,465323.0,468580.0,933903.0,454528.0,458213.0,912741.0,438993.0,445043.0,884036.0,424525.0,428224.0,852749.0,414496.0,415448.0,829944.0,402925.0,403297.0,806222.0,349047.0,366171.0,715218.0,390280.0,393045.0,783325.0,377595.0,383198.0,760793.0,374911.0,379723.0,754634.0,377543.0,381172.0,758715.0,374639.0,375746.0,750385.0,375363.0,375986.0,751349.0,385508.0,385239.0,770747.0,398442.0,397030.0,795472.0,418728.0,417375.0,836103.0,451358.0,451544.0,902902.0,349663.0,366998.0,716661.0,419424.0,421652.0,841076.0,365978.0,368454.0,734432.0,364353.0,367961.0,732314.0,357423.0,361515.0,718938.0,334813.0,338149.0,672962.0,309055.0,311255.0,620310.0,306617.0,308132.0,614749.0,317196.0,317875.0,635071.0,318044.0,318527.0,636571.0,314571.0,315452.0,630023.0,352773.0,369769.0,722542.0,310154.0,310278.0,620432.0,305641.0,305320.0,610961.0,298896.0,298545.0,597441.0,296054.0,293876.0,589930.0,301603.0,298176.0,599779.0,309887.0,303834.0,613721.0,314840.0,303090.0,617930.0,313058.0,298296.0,611354.0,308714.0,293393.0,602107.0,308801.0,292400.0,601201.0,356910.0,374193.0,731103.0,313083.0,294717.0,607800.0,314544.0,292597.0,607141.0,315127.0,287910.0,603037.0,317498.0,284566.0,602064.0,325865.0,287478.0,613343.0,339237.0,293515.0,632752.0,353047.0,298933.0,651980.0,301709.0,250561.0,552270.0,237846.0,191801.0,429647.0,242709.0,191953.0,434662.0,351035.0,369172.0,720207.0,260214.0,202797.0,463011.0,274241.0,207732.0,481973.0,279369.0,204990.0,484359.0,272000.0,194801.0,466801.0,259738.0,181297.0,441035.0,248343.0,166483.0,414826.0,239160.0,153745.0,392905.0,230250.0,141418.0,371668.0,218524.0,127686.0,346210.0,203025.0,112910.0,315935.0,330780.0,348527.0,679307.0,186859.0,98327.0,285186.0,172732.0,85164.0,257896.0,156833.0,73239.0,230072.0,140105.0,61728.0,201833.0,123634.0,50938.0,174572.0,NA,NA,NA,NA,NA,NA,NA,NA,NA,NA,NA,NA,NA,NA,NA,314904.0,332112.0,647016.0,NA,NA,NA,NA,NA,NA,NA,NA,NA,NA,NA,NA,NA,NA,NA,NA,NA,NA,NA,NA,NA,NA,NA,NA,NA,NA,NA,NA,NA,NA,367134.0,385360.0,752494.0,561340.0,171030.0,732370.0
1988,29234961.0,27625242.0,56860203.0,NA,NA,NA,366140.0,383909.0,750049.0,315115.0,332136.0,647251.0,319960.0,337253.0,657213.0,333968.0,351101.0,685069.0,346362.0,363877.0,710239.0,364237.0,383736.0,747973.0,388526.0,409462.0,797988.0,413033.0,432714.0,845747.0,424257.0,440508.0,864765.0,430862.0,445909.0,876771.0,442592.0,456090.0,898682.0,363042.0,381011.0,744053.0,452079.0,464330.0,916409.0,462542.0,472622.0,935164.0,472644.0,479348.0,951992.0,477810.0,484312.0,962122.0,473441.0,477781.0,951222.0,464692.0,465847.0,930539.0,453850.0,456365.0,910215.0,438445.0,443552.0,881997.0,423968.0,426515.0,850483.0,414169.0,413702.0,827871.0,355970.0,372881.0,728851.0,403544.0,402300.0,805844.0,390429.0,391974.0,782403.0,377924.0,382258.0,760182.0,375296.0,379008.0,754304.0,378199.0,380255.0,758454.0,375048.0,374716.0,749764.0,376014.0,374992.0,751006.0,385553.0,384443.0,769996.0,397950.0,396405.0,794355.0,418383.0,416955.0,835338.0,349414.0,366329.0,715743.0,450631.0,451128.0,901759.0,418957.0,420756.0,839713.0,365491.0,367463.0,732954.0,363995.0,366901.0,730896.0,356938.0,360259.0,717197.0,334024.0,336860.0,670884.0,308413.0,309891.0,618304.0,305835.0,306575.0,612410.0,316301.0,316334.0,632635.0,317184.0,316943.0,634127.0,349920.0,367115.0,717035.0,313316.0,313724.0,627040.0,308961.0,308450.0,617411.0,304323.0,303521.0,607844.0,297460.0,296390.0,593850.0,294615.0,291606.0,586221.0,299956.0,295429.0,595385.0,308100.0,300763.0,608863.0,312792.0,299622.0,612414.0,310823.0,294311.0,605134.0,306164.0,289059.0,595223.0,353087.0,370034.0,723121.0,306159.0,287769.0,593928.0,310099.0,289690.0,599789.0,311275.0,287107.0,598382.0,311411.0,281695.0,593106.0,313444.0,277631.0,591075.0,321024.0,279663.0,600687.0,334637.0,286191.0,620828.0,347815.0,290806.0,638621.0,295754.0,241492.0,537246.0,232557.0,183885.0,416442.0,357433.0,374500.0,731933.0,236953.0,183520.0,420473.0,253684.0,193330.0,447014.0,267049.0,197360.0,464409.0,271114.0,193852.0,464966.0,262867.0,183424.0,446291.0,250100.0,169461.0,419561.0,238136.0,154654.0,392790.0,228426.0,141958.0,370384.0,218844.0,129705.0,348549.0,206513.0,116335.0,322848.0,351390.0,369360.0,720750.0,190714.0,101888.0,292602.0,174384.0,87523.0,261907.0,159693.0,75251.0,234944.0,143652.0,63984.0,207636.0,127142.0,53309.0,180451.0,NA,NA,NA,NA,NA,NA,NA,NA,NA,NA,NA,NA,NA,NA,NA,331193.0,348833.0,680026.0,NA,NA,NA,NA,NA,NA,NA,NA,NA,NA,NA,NA,NA,NA,NA,NA,NA,NA,NA,NA,NA,NA,NA,NA,NA,NA,NA,NA,NA,NA,374944.0,392557.0,767501.0,583811.0,180779.0,764590.0
1989,29306220.0,27690230.0,56996450.0,NA,NA,NA,374045.0,391379.0,765424.0,331443.0,348896.0,680339.0,315884.0,332653.0,648537.0,320381.0,337459.0,657840.0,334487.0,351345.0,685832.0,346734.0,363933.0,710667.0,364764.0,384115.0,748879.0,389109.0,410895.0,800004.0,414412.0,431457.0,845869.0,424353.0,438305.0,862658.0,431649.0,445380.0,877029.0,366327.0,383890.0,750217.0,443629.0,454098.0,897727.0,452513.0,463331.0,915844.0,462850.0,470415.0,933265.0,472422.0,475916.0,948338.0,477309.0,480659.0,957968.0,472959.0,474414.0,947373.0,464079.0,463301.0,927380.0,453444.0,454736.0,908180.0,437795.0,441784.0,879579.0,423417.0,424937.0,848354.0,364225.0,382032.0,746257.0,414600.0,412918.0,827518.0,403758.0,401335.0,805093.0,390860.0,391215.0,782075.0,378252.0,381826.0,760078.0,375782.0,378268.0,754050.0,378637.0,379398.0,758035.0,375447.0,373783.0,749230.0,375956.0,373942.0,749898.0,384953.0,383724.0,768677.0,397417.0,395630.0,793047.0,356329.0,373086.0,729415.0,417503.0,416246.0,833749.0,450267.0,450522.0,900789.0,418714.0,420044.0,838758.0,365169.0,366527.0,731696.0,363786.0,365729.0,729515.0,356266.0,359213.0,715479.0,333558.0,335510.0,669068.0,307834.0,308584.0,616418.0,304986.0,305139.0,610125.0,315491.0,314745.0,630236.0,349611.0,366424.0,716035.0,316073.0,315388.0,631461.0,312279.0,311988.0,624267.0,307803.0,306728.0,614531.0,303009.0,301530.0,604539.0,296078.0,294356.0,590434.0,293214.0,289278.0,582492.0,298150.0,292649.0,590799.0,306129.0,297589.0,603718.0,310743.0,296172.0,606915.0,308485.0,290471.0,598956.0,350433.0,367564.0,717997.0,303622.0,284886.0,588508.0,303370.0,283231.0,586601.0,306929.0,284675.0,591604.0,307824.0,281651.0,589475.0,307638.0,275558.0,583196.0,309246.0,270787.0,580033.0,316358.0,272183.0,588541.0,329021.0,277446.0,606467.0,341425.0,281058.0,622483.0,289761.0,232582.0,522343.0,353491.0,370244.0,723735.0,227506.0,176565.0,404071.0,231349.0,175650.0,406999.0,247326.0,184322.0,431648.0,259543.0,187001.0,446544.0,262536.0,182755.0,445291.0,253544.0,171989.0,425533.0,240219.0,157858.0,398077.0,227793.0,143090.0,370883.0,217611.0,130281.0,347892.0,207206.0,118240.0,325446.0,358017.0,374862.0,732879.0,194245.0,104820.0,299065.0,178327.0,90952.0,269279.0,161677.0,77528.0,239205.0,146733.0,65867.0,212600.0,130681.0,55328.0,186009.0,NA,NA,NA,NA,NA,NA,NA,NA,NA,NA,NA,NA,NA,NA,NA,351661.0,369523.0,721184.0,NA,NA,NA,NA,NA,NA,NA,NA,NA,NA,NA,NA,NA,NA,NA,NA,NA,NA,NA,NA,NA,NA,NA,NA,NA,NA,NA,NA,NA,NA,378080.0,395675.0,773755.0,607679.0,190772.0,798451.0
1990,29383284.0,27773688.0,57156972.0,NA,NA,NA,377461.0,394735.0,772196.0,352295.0,369957.0,722252.0,332328.0,349560.0,681888.0,316383.0,332980.0,649363.0,321041.0,337900.0,658941.0,335180.0,351752.0,686932.0,347587.0,364723.0,712310.0,365614.0,386281.0,751895.0,390858.0,410934.0,801792.0,414557.0,430261.0,844818.0,425107.0,438237.0,863344.0,374157.0,391377.0,765534.0,432725.0,444253.0,876978.0,444382.0,453834.0,898216.0,453094.0,461948.0,915042.0,463133.0,467905.0,931038.0,472471.0,474100.0,946571.0,477396.0,479164.0,956560.0,472938.0,472867.0,945805.0,464059.0,462087.0,926146.0,453018.0,453634.0,906652.0,437199.0,441201.0,878400.0,367649.0,385036.0,752685.0,423698.0,424270.0,847968.0,415174.0,411810.0,826984.0,404795.0,400807.0,805602.0,391731.0,390942.0,782673.0,379146.0,381243.0,760389.0,376749.0,377561.0,754310.0,379304.0,378593.0,757897.0,375706.0,373049.0,748755.0,375631.0,373562.0,749193.0,384819.0,383490.0,768309.0,364772.0,382375.0,747147.0,396995.0,395578.0,792573.0,417444.0,416304.0,833748.0,450376.0,449832.0,900208.0,418345.0,418962.0,837307.0,364973.0,365487.0,730460.0,363250.0,364779.0,728029.0,355955.0,357805.0,713760.0,333079.0,334123.0,667202.0,307116.0,307293.0,614409.0,304199.0,303730.0,607929.0,356669.0,373325.0,729994.0,314442.0,313383.0,627825.0,315167.0,313856.0,629023.0,311183.0,310374.0,621557.0,306560.0,304885.0,611445.0,301606.0,299591.0,601197.0,294654.0,292168.0,586822.0,291465.0,286716.0,578181.0,296197.0,289670.0,585867.0,304005.0,294350.0,598355.0,308540.0,292590.0,601130.0,350445.0,367171.0,717616.0,305946.0,286439.0,592385.0,300873.0,280538.0,581411.0,300303.0,278410.0,578713.0,303551.0,279461.0,583012.0,304061.0,275898.0,579959.0,303476.0,268934.0,572410.0,304765.0,263686.0,568451.0,311228.0,264160.0,575388.0,323042.0,268463.0,591505.0,334538.0,270874.0,605412.0,350841.0,367800.0,718641.0,283275.0,223287.0,506562.0,222145.0,168951.0,391096.0,225454.0,167625.0,393079.0,240510.0,175008.0,415518.0,251553.0,176419.0,427972.0,253436.0,171496.0,424932.0,243590.0,160348.0,403938.0,229749.0,146240.0,375989.0,216964.0,131455.0,348419.0,206016.0,118768.0,324784.0,354290.0,370856.0,725146.0,194737.0,106652.0,301389.0,181350.0,93602.0,274952.0,165336.0,80555.0,245891.0,148620.0,67657.0,216277.0,133592.0,56914.0,190506.0,NA,NA,NA,NA,NA,NA,NA,NA,NA,NA,NA,NA,NA,NA,NA,358323.0,375002.0,733325.0,NA,NA,NA,NA,NA,NA,NA,NA,NA,NA,NA,NA,NA,NA,NA,NA,NA,NA,NA,NA,NA,NA,NA,NA,NA,NA,NA,NA,NA,NA,377221.0,394135.0,771356.0,629677.0,199655.0,829332.0
1991,29474366.0,27863833.0,57338199.0,NA,NA,NA,376453.0,392967.0,769420.0,359096.0,375553.0,734649.0,353193.0,370639.0,723832.0,332920.0,349996.0,682916.0,317214.0,333611.0,650825.0,321928.0,338571.0,660499.0,336127.0,352740.0,688867.0,348656.0,367537.0,716193.0,367602.0,386748.0,754350.0,391462.0,410726.0,802188.0,415898.0,431331.0,847229.0,377588.0,394691.0,772279.0,426597.0,437084.0,863681.0,433556.0,443790.0,877346.0,445356.0,452387.0,897743.0,453831.0,460222.0,914053.0,463817.0,467092.0,930909.0,473345.0,472827.0,946172.0,477929.0,477100.0,955029.0,473156.0,471133.0,944289.0,463958.0,460750.0,924708.0,452665.0,452314.0,904979.0,375500.0,392583.0,768083.0,437756.0,440280.0,878036.0,424482.0,422908.0,847390.0,416583.0,411069.0,827652.0,406299.0,400243.0,806542.0,393313.0,390451.0,783764.0,380351.0,380345.0,760696.0,377728.0,376787.0,754515.0,379884.0,378187.0,758071.0,375804.0,372590.0,748394.0,375960.0,373572.0,749532.0,368432.0,385543.0,753975.0,384739.0,383684.0,768423.0,397244.0,395417.0,792661.0,417573.0,415370.0,832943.0,450170.0,448758.0,898928.0,418036.0,418202.0,836238.0,364434.0,364303.0,728737.0,363025.0,363434.0,726459.0,355607.0,356333.0,711940.0,332487.0,332786.0,665273.0,306447.0,306120.0,612567.0,365281.0,382674.0,747955.0,303231.0,302380.0,605611.0,313484.0,311885.0,625369.0,314167.0,312273.0,626440.0,310043.0,308568.0,618611.0,305175.0,302979.0,608154.0,300103.0,297268.0,597371.0,292928.0,289623.0,582551.0,289590.0,283869.0,573459.0,294039.0,286506.0,580545.0,301745.0,290834.0,592579.0,357500.0,374080.0,731580.0,306062.0,288724.0,594786.0,303162.0,282082.0,585244.0,297857.0,275829.0,573686.0,297024.0,273191.0,570215.0,299842.0,273820.0,573662.0,299873.0,269488.0,569361.0,299065.0,261861.0,560926.0,299954.0,256061.0,556015.0,305674.0,255791.0,561465.0,316611.0,258943.0,575554.0,350986.0,367605.0,718591.0,327114.0,260064.0,587178.0,276629.0,213603.0,490232.0,216404.0,160989.0,377393.0,219119.0,159209.0,378328.0,233223.0,165342.0,398565.0,243028.0,165677.0,408705.0,243758.0,160096.0,403854.0,233076.0,148690.0,381766.0,218769.0,134603.0,353372.0,205431.0,119890.0,325321.0,351508.0,368364.0,719872.0,193665.0,107179.0,300844.0,181854.0,95348.0,277202.0,168085.0,82926.0,251011.0,152017.0,70415.0,222432.0,135358.0,58457.0,193815.0,NA,NA,NA,NA,NA,NA,NA,NA,NA,NA,NA,NA,NA,NA,NA,354866.0,371304.0,726170.0,NA,NA,NA,NA,NA,NA,NA,NA,NA,NA,NA,NA,NA,NA,NA,NA,NA,NA,NA,NA,NA,NA,NA,NA,NA,NA,NA,NA,NA,NA,382746.0,398823.0,781569.0,650119.0,207746.0,857865.0
1992,29568669.0,27942925.0,57511594.0,NA,NA,NA,381846.0,397780.0,779626.0,355002.0,371174.0,726176.0,359937.0,375986.0,735923.0,353577.0,370688.0,724265.0,333578.0,350274.0,683852.0,317803.0,333740.0,651543.0,322697.0,338953.0,661650.0,336927.0,353829.0,690756.0,349904.0,366335.0,716239.0,368150.0,384817.0,752967.0,394085.0,409612.0,803697.0,376622.0,393010.0,769632.0,417884.0,429819.0,847703.0,427727.0,436254.0,863981.0,435054.0,442303.0,877357.0,446576.0,450534.0,897110.0,454787.0,458319.0,913106.0,464972.0,464985.0,929957.0,473951.0,470543.0,944494.0,477832.0,474785.0,952617.0,472756.0,468635.0,941391.0,463608.0,458503.0,922111.0,378454.0,395515.0,773969.0,452441.0,450847.0,903288.0,437865.0,438428.0,876293.0,425079.0,421594.0,846673.0,417305.0,410705.0,828010.0,407210.0,400193.0,807403.0,393622.0,389922.0,783544.0,381030.0,379700.0,760730.0,378321.0,376264.0,754585.0,379915.0,377335.0,757250.0,375902.0,372218.0,748120.0,375816.0,392704.0,768520.0,375880.0,373277.0,749157.0,384821.0,382962.0,767783.0,397172.0,394475.0,791647.0,417399.0,414579.0,831978.0,450095.0,448119.0,898214.0,416538.0,416093.0,832631.0,364412.0,363668.0,728080.0,362877.0,362467.0,725344.0,354770.0,354775.0,709545.0,331929.0,331613.0,663542.0,368636.0,385690.0,754326.0,305580.0,304508.0,610088.0,302710.0,301214.0,603924.0,312706.0,310300.0,623006.0,313180.0,310481.0,623661.0,308951.0,306796.0,615747.0,303995.0,300819.0,604814.0,298694.0,294766.0,593460.0,291252.0,286915.0,578167.0,287810.0,280910.0,568720.0,292000.0,283369.0,575369.0,365796.0,382947.0,748743.0,299593.0,287007.0,586600.0,303477.0,284348.0,587825.0,300158.0,277343.0,577501.0,294781.0,270771.0,565552.0,293502.0,267541.0,561043.0,295895.0,267633.0,563528.0,295654.0,262378.0,558032.0,294358.0,254247.0,548605.0,294857.0,248047.0,542904.0,299804.0,246852.0,546656.0,357949.0,374542.0,732491.0,309891.0,248915.0,558806.0,319664.0,249056.0,568720.0,269090.0,203566.0,472656.0,210780.0,153404.0,364184.0,212302.0,150632.0,362934.0,225283.0,155458.0,380741.0,233818.0,154985.0,388803.0,233459.0,148627.0,382086.0,222157.0,137011.0,359168.0,207498.0,123128.0,330626.0,351494.0,368072.0,719566.0,193597.0,108550.0,302147.0,181340.0,96262.0,277602.0,168980.0,84806.0,253786.0,154969.0,72945.0,227914.0,138839.0,61129.0,199968.0,NA,NA,NA,NA,NA,NA,NA,NA,NA,NA,NA,NA,NA,NA,NA,351999.0,368464.0,720463.0,NA,NA,NA,NA,NA,NA,NA,NA,NA,NA,NA,NA,NA,NA,NA,NA,NA,NA,NA,NA,NA,NA,NA,NA,NA,NA,NA,NA,NA,NA,384982.0,402437.0,787419.0,673061.0,217723.0,890784.0
1993,29641149.0,28008061.0,57649210.0,NA,NA,NA,383900.0,401117.0,785017.0,351721.0,367741.0,719462.0,355625.0,371263.0,726888.0,360149.0,375681.0,735830.0,353984.0,370548.0,724532.0,333916.0,350019.0,683935.0,318459.0,333629.0,652088.0,323092.0,338296.0,661388.0,337151.0,351979.0,689130.0,349916.0,362889.0,712805.0,371900.0,381028.0,752928.0,381694.0,397755.0,779449.0,395215.0,410242.0,805457.0,419490.0,429144.0,848634.0,429060.0,435371.0,864431.0,436301.0,440553.0,876854.0,447194.0,448565.0,895759.0,455518.0,456895.0,912413.0,465450.0,463785.0,929235.0,473661.0,468922.0,942583.0,476765.0,472112.0,948877.0,471824.0,466496.0,938320.0,376869.0,393275.0,770144.0,462344.0,456410.0,918754.0,451787.0,448658.0,900445.0,437405.0,436266.0,873671.0,424846.0,420830.0,845676.0,417122.0,410320.0,827442.0,406800.0,399986.0,806786.0,393826.0,389479.0,783305.0,381381.0,378975.0,760356.0,378487.0,375547.0,754034.0,380024.0,376952.0,756976.0,378154.0,395148.0,773302.0,375658.0,371536.0,747194.0,375845.0,372748.0,748593.0,384525.0,381897.0,766422.0,396817.0,393647.0,790464.0,417135.0,413765.0,830900.0,448482.0,446122.0,894604.0,415735.0,414690.0,830425.0,364438.0,363086.0,727524.0,362216.0,361183.0,723399.0,353978.0,353388.0,707366.0,375577.0,392764.0,768341.0,331099.0,329970.0,661069.0,305194.0,303291.0,608485.0,302306.0,299857.0,602163.0,311738.0,308546.0,620284.0,312290.0,308821.0,621111.0,307921.0,304929.0,612850.0,302961.0,298478.0,601439.0,297120.0,292182.0,589302.0,289563.0,284088.0,573651.0,286005.0,277980.0,563985.0,368877.0,385584.0,754461.0,290171.0,279675.0,569846.0,297307.0,282731.0,580038.0,300533.0,279542.0,580075.0,297112.0,272240.0,569352.0,291425.0,265206.0,556631.0,289675.0,261443.0,551118.0,291700.0,260686.0,552386.0,290992.0,254613.0,545605.0,289414.0,246283.0,535697.0,289260.0,239455.0,528715.0,365811.0,382963.0,748774.0,293603.0,237502.0,531105.0,303006.0,238669.0,541675.0,311258.0,237738.0,548996.0,261585.0,193875.0,455460.0,204655.0,145536.0,350191.0,204820.0,141647.0,346467.0,216569.0,145517.0,362086.0,223601.0,143653.0,367254.0,222598.0,136962.0,359560.0,210956.0,125602.0,336558.0,358262.0,375001.0,733263.0,195861.0,111876.0,307737.0,181444.0,97816.0,279260.0,168774.0,85787.0,254561.0,156000.0,74849.0,230849.0,141887.0,63618.0,205505.0,NA,NA,NA,NA,NA,NA,NA,NA,NA,NA,NA,NA,NA,NA,NA,351807.0,367936.0,719743.0,NA,NA,NA,NA,NA,NA,NA,NA,NA,NA,NA,NA,NA,NA,NA,NA,NA,NA,NA,NA,NA,NA,NA,NA,NA,NA,NA,NA,NA,NA,376045.0,395009.0,771054.0,698508.0,230203.0,928711.0
1994,29714215.0,28073802.0,57788017.0,NA,NA,NA,374924.0,393500.0,768424.0,351946.0,367940.0,719886.0,352200.0,367889.0,720089.0,355918.0,371078.0,726996.0,360557.0,375681.0,736238.0,354285.0,370542.0,724827.0,334573.0,349979.0,684552.0,318955.0,333111.0,652066.0,323460.0,337466.0,660926.0,337236.0,348204.0,685440.0,354845.0,358362.0,713207.0,383661.0,400887.0,784548.0,371963.0,384302.0,756265.0,397390.0,409276.0,806666.0,421429.0,428341.0,849770.0,430734.0,433594.0,864328.0,437466.0,438451.0,875917.0,448323.0,447026.0,895349.0,456888.0,455886.0,912774.0,466603.0,463005.0,929608.0,473765.0,467482.0,941247.0,476552.0,470626.0,947178.0,381879.0,398080.0,779959.0,471397.0,464661.0,936058.0,462309.0,455002.0,917311.0,451769.0,446807.0,898576.0,437558.0,434932.0,872490.0,424956.0,419832.0,844788.0,416993.0,409998.0,826991.0,407296.0,399886.0,807182.0,394180.0,389014.0,783194.0,381923.0,378404.0,760327.0,379064.0,375296.0,754360.0,376908.0,393374.0,770282.0,379930.0,376184.0,756114.0,375690.0,371212.0,746902.0,375771.0,372105.0,747876.0,384231.0,381087.0,765318.0,396492.0,392903.0,789395.0,416474.0,412757.0,829231.0,447498.0,444431.0,891929.0,414741.0,413384.0,828125.0,364461.0,362416.0,726877.0,361665.0,359994.0,721659.0,377968.0,395481.0,773449.0,353001.0,351692.0,704693.0,330441.0,328424.0,658865.0,304609.0,301857.0,606466.0,301550.0,298367.0,599917.0,310893.0,306849.0,617742.0,311167.0,306943.0,618110.0,306850.0,302657.0,609507.0,301430.0,296004.0,597434.0,295403.0,289421.0,584824.0,287748.0,281012.0,568760.0,375812.0,392839.0,768651.0,284311.0,274596.0,558907.0,288292.0,276003.0,564295.0,294622.0,278122.0,572744.0,297501.0,274449.0,571950.0,293773.0,266879.0,560652.0,287725.0,259310.0,547035.0,285547.0,254954.0,540501.0,287198.0,253208.0,540406.0,286264.0,246734.0,532998.0,284141.0,237985.0,522126.0,368961.0,385668.0,754629.0,283325.0,230467.0,513792.0,286908.0,227953.0,514861.0,295579.0,228035.0,523614.0,302323.0,226227.0,528550.0,253574.0,183643.0,437217.0,198122.0,137249.0,335371.0,196953.0,132553.0,329506.0,207114.0,134954.0,342068.0,213382.0,132662.0,346044.0,211332.0,125641.0,336973.0,366051.0,383352.0,749403.0,199068.0,114051.0,313119.0,183523.0,100626.0,284149.0,168796.0,87139.0,255935.0,155868.0,75798.0,231666.0,142659.0,65219.0,207878.0,NA,NA,NA,NA,NA,NA,NA,NA,NA,NA,NA,NA,NA,NA,NA,358772.0,375463.0,734235.0,NA,NA,NA,NA,NA,NA,NA,NA,NA,NA,NA,NA,NA,NA,NA,NA,NA,NA,NA,NA,NA,NA,NA,NA,NA,NA,NA,NA,NA,NA,368541.0,387563.0,756104.0,720260.0,241366.0,961626.0
1995,29787456.0,28156016.0,57943472.0,NA,NA,NA,367703.0,386324.0,754027.0,359180.0,376376.0,735556.0,352511.0,368480.0,720991.0,352407.0,367810.0,720217.0,356414.0,371161.0,727575.0,360877.0,375876.0,736753.0,355058.0,370602.0,725660.0,335185.0,349544.0,684729.0,319467.0,332376.0,651843.0,323257.0,333026.0,656283.0,343458.0,343342.0,686800.0,374901.0,393347.0,768248.0,354538.0,363830.0,718368.0,374499.0,383633.0,758132.0,400297.0,408910.0,809207.0,424059.0,427272.0,851331.0,432440.0,432198.0,864638.0,439199.0,438005.0,877204.0,450131.0,447222.0,897353.0,458835.0,456291.0,915126.0,467694.0,463321.0,931015.0,474335.0,467580.0,941915.0,383638.0,401038.0,784676.0,476530.0,469890.0,946420.0,471528.0,463980.0,935508.0,462507.0,454211.0,916718.0,451852.0,446143.0,897995.0,437621.0,433809.0,871430.0,424530.0,419171.0,843701.0,417279.0,409954.0,827233.0,407393.0,399899.0,807292.0,394361.0,388876.0,783237.0,382352.0,378384.0,760736.0,382115.0,398618.0,780733.0,379229.0,375164.0,754393.0,379805.0,375880.0,755685.0,375540.0,370937.0,746477.0,375579.0,371670.0,747249.0,383940.0,380548.0,764488.0,395748.0,391882.0,787630.0,415934.0,412016.0,827950.0,445942.0,442982.0,888924.0,413813.0,411975.0,825788.0,364280.0,361665.0,725945.0,376770.0,393811.0,770581.0,360766.0,358641.0,719407.0,352099.0,350179.0,702278.0,329409.0,326882.0,656291.0,303805.0,300355.0,604160.0,301162.0,296987.0,598149.0,309744.0,304909.0,614653.0,309899.0,304726.0,614625.0,305280.0,300211.0,605491.0,299768.0,293412.0,593180.0,293645.0,286485.0,580130.0,378314.0,395826.0,774140.0,286059.0,277730.0,563789.0,282614.0,271299.0,553913.0,285941.0,271800.0,557741.0,291844.0,273357.0,565201.0,294290.0,269228.0,563518.0,290234.0,261207.0,551441.0,283729.0,253116.0,536845.0,281230.0,248087.0,529317.0,282668.0,245648.0,528316.0,281147.0,238636.0,519783.0,376006.0,393199.0,769205.0,278371.0,229406.0,507777.0,276797.0,221457.0,498254.0,279863.0,217967.0,497830.0,287662.0,217282.0,504944.0,292765.0,214184.0,506949.0,245265.0,173287.0,418552.0,191276.0,128984.0,320260.0,188731.0,123331.0,312062.0,197844.0,124915.0,322759.0,202477.0,121814.0,324291.0,369208.0,386046.0,755254.0,199497.0,114172.0,313669.0,186628.0,102692.0,289320.0,170863.0,89814.0,260677.0,156059.0,77009.0,233068.0,142538.0,66083.0,208621.0,NA,NA,NA,NA,NA,NA,NA,NA,NA,NA,NA,NA,NA,NA,NA,366391.0,383704.0,750095.0,NA,NA,NA,NA,NA,NA,NA,NA,NA,NA,NA,NA,NA,NA,NA,NA,NA,NA,NA,NA,NA,NA,NA,NA,NA,NA,NA,NA,NA,NA,362211.0,381257.0,743468.0,738626.0,251663.0,990289.0
1996,29849164.0,28245423.0,58094587.0,NA,NA,NA,361451.0,380344.0,741795.0,366607.0,384413.0,751020.0,359902.0,377428.0,737330.0,352849.0,368928.0,721777.0,352971.0,367844.0,720815.0,356695.0,371427.0,728122.0,361645.0,376095.0,737740.0,355543.0,370318.0,725861.0,335581.0,349061.0,684642.0,318501.0,327067.0,645568.0,330225.0,327606.0,657831.0,367477.0,386038.0,753515.0,342981.0,351012.0,693993.0,356979.0,363760.0,720739.0,377456.0,383844.0,761300.0,403324.0,408608.0,811932.0,425982.0,426545.0,852527.0,434209.0,432901.0,867110.0,440912.0,438943.0,879855.0,451770.0,448022.0,899792.0,460166.0,457450.0,917616.0,468644.0,464053.0,932697.0,374825.0,393464.0,768289.0,474568.0,468063.0,942631.0,476414.0,469696.0,946110.0,471519.0,463785.0,935304.0,462361.0,454312.0,916673.0,451540.0,445455.0,896995.0,436774.0,432621.0,869395.0,424342.0,418781.0,843123.0,416873.0,409895.0,826768.0,407248.0,400166.0,807414.0,394414.0,388965.0,783379.0,383708.0,401396.0,785104.0,382366.0,378332.0,760698.0,379155.0,375043.0,754198.0,379484.0,375651.0,755135.0,375263.0,370690.0,745953.0,375298.0,371418.0,746716.0,383194.0,379442.0,762636.0,395099.0,390938.0,786037.0,415099.0,411046.0,826145.0,444620.0,441369.0,885989.0,412820.0,410356.0,823176.0,382006.0,399274.0,781280.0,363899.0,360979.0,724878.0,359888.0,357397.0,717285.0,350906.0,348583.0,699489.0,328399.0,325173.0,653572.0,303142.0,298788.0,601930.0,300266.0,295256.0,595522.0,308609.0,302761.0,611370.0,308381.0,302275.0,610656.0,303635.0,297804.0,601439.0,298048.0,290737.0,588785.0,377347.0,394627.0,771974.0,291885.0,283253.0,575138.0,284295.0,274377.0,558672.0,280416.0,267333.0,547749.0,283520.0,267424.0,550944.0,289062.0,268305.0,557367.0,290780.0,263653.0,554433.0,286376.0,255256.0,541632.0,279558.0,246576.0,526134.0,276663.0,241027.0,517690.0,277573.0,237854.0,515427.0,378389.0,396253.0,774642.0,275473.0,230165.0,505638.0,272048.0,220524.0,492572.0,270077.0,211998.0,482075.0,272296.0,207754.0,480050.0,279153.0,206178.0,485331.0,282833.0,202165.0,484998.0,236433.0,162925.0,399358.0,183923.0,120670.0,304593.0,180165.0,114193.0,294358.0,187843.0,114777.0,302620.0,376174.0,393674.0,769848.0,191144.0,110914.0,302058.0,187082.0,103124.0,290206.0,173937.0,91818.0,265755.0,157987.0,79434.0,237421.0,142840.0,67339.0,210179.0,NA,NA,NA,NA,NA,NA,NA,NA,NA,NA,NA,NA,NA,NA,NA,369471.0,386332.0,755803.0,NA,NA,NA,NA,NA,NA,NA,NA,NA,NA,NA,NA,NA,NA,NA,NA,NA,NA,NA,NA,NA,NA,NA,NA,NA,NA,NA,NA,NA,NA,353143.0,372111.0,725254.0,755245.0,261772.0,1017017.0
1997,29910222.0,28329090.0,58239312.0,NA,NA,NA,352678.0,371709.0,724387.0,369494.0,386658.0,756152.0,367118.0,385219.0,752337.0,360296.0,378195.0,738491.0,353389.0,369294.0,722683.0,353044.0,367958.0,721002.0,357337.0,371870.0,729207.0,362034.0,376105.0,738139.0,355909.0,370245.0,726154.0,333811.0,342603.0,676414.0,325168.0,320530.0,645698.0,360881.0,379749.0,740630.0,330506.0,337633.0,668139.0,345312.0,351275.0,696587.0,359710.0,363943.0,723653.0,380139.0,383527.0,763666.0,405494.0,407918.0,813412.0,427976.0,426845.0,854821.0,435972.0,433089.0,869061.0,442635.0,439011.0,881646.0,453209.0,448324.0,901533.0,461640.0,457706.0,919346.0,367195.0,385897.0,753092.0,469732.0,464488.0,934220.0,475036.0,467941.0,942977.0,476717.0,469426.0,946143.0,471623.0,463508.0,935131.0,462320.0,453648.0,915968.0,450904.0,444060.0,894964.0,436814.0,431582.0,868396.0,423996.0,418198.0,842194.0,416788.0,409787.0,826575.0,407444.0,400285.0,807729.0,374798.0,393426.0,768224.0,394348.0,388830.0,783178.0,382419.0,378118.0,760537.0,379066.0,374906.0,753972.0,379219.0,375139.0,754358.0,375131.0,370481.0,745612.0,374818.0,370508.0,745326.0,382706.0,378252.0,760958.0,394305.0,389789.0,784094.0,414415.0,409929.0,824344.0,443425.0,439480.0,882905.0,383445.0,401842.0,785287.0,411775.0,408540.0,820315.0,363442.0,360052.0,723494.0,358905.0,355863.0,714768.0,349776.0,346708.0,696484.0,327224.0,323241.0,650465.0,302243.0,296986.0,599229.0,299622.0,293238.0,592860.0,307206.0,300376.0,607582.0,306701.0,299828.0,606529.0,301921.0,295248.0,597169.0,382334.0,399987.0,782321.0,296317.0,287628.0,583945.0,289977.0,279949.0,569926.0,282055.0,270518.0,552573.0,278181.0,263215.0,541396.0,281062.0,262711.0,543773.0,285732.0,262832.0,548564.0,287021.0,257777.0,544798.0,282252.0,248924.0,531176.0,275106.0,239787.0,514893.0,271675.0,233664.0,505339.0,377399.0,395072.0,772471.0,272016.0,229581.0,501597.0,269307.0,221376.0,490683.0,265511.0,211307.0,476818.0,262721.0,202217.0,464938.0,264170.0,197333.0,461503.0,270161.0,194891.0,465052.0,272329.0,189852.0,462181.0,226978.0,152362.0,379340.0,176120.0,112378.0,288498.0,171057.0,105048.0,276105.0,378397.0,396514.0,774911.0,177181.0,104629.0,281810.0,179145.0,100119.0,279264.0,174292.0,92328.0,266620.0,160528.0,81277.0,241805.0,144550.0,69608.0,214158.0,NA,NA,NA,NA,NA,NA,NA,NA,NA,NA,NA,NA,NA,NA,NA,376408.0,393931.0,770339.0,NA,NA,NA,NA,NA,NA,NA,NA,NA,NA,NA,NA,NA,NA,NA,NA,NA,NA,NA,NA,NA,NA,NA,NA,NA,NA,NA,NA,NA,NA,353504.0,372524.0,726028.0,767505.0,270745.0,1038250.0
1998,29979899.0,28414697.0,58394596.0,NA,NA,NA,353152.0,371988.0,725140.0,376342.0,394195.0,770537.0,369885.0,387206.0,757091.0,367277.0,385665.0,752942.0,360889.0,379137.0,740026.0,353522.0,369538.0,723060.0,353478.0,368512.0,721990.0,357735.0,371973.0,729708.0,362385.0,376120.0,738505.0,353244.0,362767.0,716011.0,339414.0,335051.0,674465.0,352701.0,371764.0,724465.0,327148.0,333024.0,660172.0,333798.0,338580.0,672378.0,348481.0,351870.0,700351.0,362247.0,363852.0,726099.0,382458.0,382913.0,765371.0,408116.0,408092.0,816208.0,430445.0,426707.0,857152.0,438054.0,433156.0,871210.0,444286.0,438728.0,883014.0,454808.0,448437.0,903245.0,360474.0,379437.0,739911.0,463085.0,457555.0,920640.0,470650.0,464450.0,935100.0,475486.0,467595.0,943081.0,476832.0,468882.0,945714.0,471553.0,462297.0,933850.0,461819.0,452463.0,914282.0,450951.0,442861.0,893812.0,436419.0,430487.0,866906.0,423824.0,417579.0,841403.0,416887.0,409794.0,826681.0,366880.0,385420.0,752300.0,407247.0,400315.0,807562.0,394250.0,388562.0,782812.0,382369.0,377826.0,760195.0,379020.0,374556.0,753576.0,379060.0,374620.0,753680.0,374576.0,369707.0,744283.0,374423.0,369591.0,744014.0,381901.0,377113.0,759014.0,393565.0,388536.0,782101.0,413648.0,408679.0,822327.0,374506.0,393635.0,768141.0,442025.0,437349.0,879374.0,410647.0,406603.0,817250.0,362936.0,358922.0,721858.0,357833.0,354095.0,711928.0,348303.0,344577.0,692880.0,326045.0,321201.0,647246.0,301358.0,294848.0,596206.0,298312.0,291058.0,589370.0,305575.0,297843.0,603418.0,304984.0,297175.0,602159.0,383555.0,402014.0,785569.0,300144.0,292199.0,592343.0,294491.0,284464.0,578955.0,287712.0,276205.0,563917.0,279821.0,266491.0,546312.0,275942.0,258839.0,534781.0,278077.0,257864.0,535941.0,282281.0,257231.0,539512.0,283028.0,251630.0,534658.0,278045.0,242392.0,520437.0,270329.0,232796.0,503125.0,382316.0,400312.0,782628.0,266358.0,225981.0,492339.0,266162.0,221302.0,487464.0,262932.0,212411.0,475343.0,258469.0,201946.0,460415.0,255049.0,192428.0,447477.0,255776.0,186713.0,442489.0,260752.0,183619.0,444371.0,261366.0,177557.0,438923.0,217271.0,142084.0,359355.0,168132.0,104358.0,272490.0,377526.0,395473.0,772999.0,161620.0,96246.0,257866.0,166401.0,94740.0,261141.0,167011.0,90034.0,257045.0,161152.0,82069.0,243221.0,147323.0,71506.0,218829.0,NA,NA,NA,NA,NA,NA,NA,NA,NA,NA,NA,NA,NA,NA,NA,378547.0,396637.0,775184.0,NA,NA,NA,NA,NA,NA,NA,NA,NA,NA,NA,NA,NA,NA,NA,NA,NA,NA,NA,NA,NA,NA,NA,NA,NA,NA,NA,NA,NA,NA,352460.0,370445.0,722905.0,782543.0,281805.0,1064348.0
1999,30061268.0,28518417.0,58579685.0,NA,NA,NA,352299.0,370010.0,722309.0,378680.0,397058.0,775738.0,377003.0,395007.0,772010.0,370230.0,387662.0,757892.0,368110.0,386508.0,754618.0,361408.0,379898.0,741306.0,353869.0,370125.0,723994.0,353771.0,368690.0,722461.0,358080.0,372294.0,730374.0,359384.0,368550.0,727934.0,358095.0,354766.0,712861.0,353646.0,372296.0,725942.0,340775.0,347310.0,688085.0,330569.0,333896.0,664465.0,338189.0,340077.0,678266.0,352158.0,353111.0,705269.0,365892.0,364730.0,730622.0,386519.0,384969.0,771488.0,412112.0,409564.0,821676.0,433856.0,428324.0,862180.0,440622.0,434267.0,874889.0,446537.0,439939.0,886476.0,353175.0,372198.0,725373.0,456878.0,449080.0,905958.0,464610.0,458439.0,923049.0,471724.0,464889.0,936613.0,476073.0,467855.0,943928.0,476943.0,468160.0,945103.0,471426.0,461640.0,933066.0,462205.0,451930.0,914135.0,450703.0,442266.0,892969.0,436442.0,429942.0,866384.0,424003.0,417735.0,841738.0,360362.0,379117.0,739479.0,416669.0,409859.0,826528.0,407306.0,400596.0,807902.0,394308.0,388592.0,782900.0,382504.0,377774.0,760278.0,379284.0,374305.0,753589.0,378635.0,373903.0,752538.0,374361.0,369122.0,743483.0,373961.0,368898.0,742859.0,381305.0,375977.0,757282.0,392880.0,387477.0,780357.0,366565.0,385673.0,752238.0,412800.0,407336.0,820136.0,440636.0,435297.0,875933.0,409401.0,404819.0,814220.0,362219.0,357659.0,719878.0,356668.0,352356.0,709024.0,347025.0,342539.0,689564.0,324768.0,318990.0,643758.0,300072.0,292697.0,592769.0,297035.0,288915.0,585950.0,303931.0,295195.0,599126.0,375026.0,393855.0,768881.0,303153.0,294170.0,597323.0,298458.0,289264.0,587722.0,292335.0,280860.0,573195.0,285499.0,272299.0,557798.0,277628.0,262285.0,539913.0,273209.0,254527.0,527736.0,275066.0,252736.0,527802.0,278584.0,251217.0,529801.0,278912.0,245257.0,524169.0,273464.0,235594.0,509058.0,383603.0,402121.0,785724.0,265283.0,225454.0,490737.0,260791.0,218092.0,478883.0,259967.0,212576.0,472543.0,256028.0,203256.0,459284.0,251008.0,192368.0,443376.0,247013.0,182235.0,429248.0,246785.0,176121.0,422906.0,250929.0,172205.0,423134.0,249909.0,165350.0,415259.0,207039.0,131759.0,338798.0,382699.0,401110.0,783809.0,159968.0,96442.0,256410.0,152003.0,87526.0,239529.0,155186.0,85346.0,240532.0,154554.0,80103.0,234657.0,147941.0,72213.0,220154.0,NA,NA,NA,NA,NA,NA,NA,NA,NA,NA,NA,NA,NA,NA,NA,378118.0,395956.0,774074.0,NA,NA,NA,NA,NA,NA,NA,NA,NA,NA,NA,NA,NA,NA,NA,NA,NA,NA,NA,NA,NA,NA,NA,NA,NA,NA,NA,NA,NA,NA,345439.0,363079.0,708518.0,796990.0,292760.0,1089750.0
2000,30150784.0,28634462.0,58785246.0,NA,NA,NA,345114.0,362240.0,707354.0,378080.0,396566.0,774646.0,378981.0,397684.0,776665.0,377119.0,395431.0,772550.0,370796.0,388229.0,759025.0,368240.0,387122.0,755362.0,361144.0,380028.0,741172.0,353843.0,370443.0,724286.0,353475.0,368702.0,722177.0,353459.0,364166.0,717625.0,362644.0,361179.0,723823.0,352459.0,369593.0,722052.0,359231.0,366049.0,725280.0,343541.0,346977.0,690518.0,335315.0,335642.0,670957.0,343523.0,342640.0,686163.0,356799.0,355707.0,712506.0,372066.0,369329.0,741395.0,392250.0,388875.0,781125.0,417409.0,413395.0,830804.0,438408.0,431575.0,869983.0,444072.0,437367.0,881439.0,354210.0,372518.0,726728.0,449939.0,442418.0,892357.0,459273.0,451489.0,910762.0,466780.0,460057.0,926837.0,473354.0,466478.0,939832.0,477135.0,468782.0,945917.0,477398.0,468135.0,945533.0,472336.0,461498.0,933834.0,462345.0,452014.0,914359.0,451011.0,442081.0,893092.0,436972.0,430004.0,866976.0,353798.0,372591.0,726389.0,424136.0,417371.0,841507.0,417083.0,410307.0,827390.0,407726.0,401041.0,808767.0,394638.0,389025.0,783663.0,383161.0,377827.0,760988.0,379516.0,373792.0,753308.0,378652.0,373154.0,751806.0,374284.0,368511.0,742795.0,373766.0,368072.0,741838.0,380884.0,374883.0,755767.0,359596.0,379111.0,738707.0,392289.0,386187.0,778476.0,412127.0,406141.0,818268.0,439314.0,433533.0,872847.0,408366.0,402860.0,811226.0,362191.0,356748.0,718939.0,355602.0,350568.0,706170.0,345550.0,340186.0,685736.0,323418.0,316639.0,640057.0,298795.0,290425.0,589220.0,295581.0,286637.0,582218.0,366611.0,385410.0,752021.0,302427.0,292287.0,594714.0,301512.0,291179.0,592691.0,296488.0,285808.0,582296.0,290307.0,277140.0,567447.0,283331.0,268182.0,551513.0,275150.0,257971.0,533121.0,270534.0,249604.0,520138.0,271777.0,247222.0,518999.0,274945.0,244981.0,519926.0,274620.0,238506.0,513126.0,374848.0,393692.0,768540.0,268594.0,228394.0,496988.0,259905.0,217792.0,477697.0,254816.0,209781.0,464597.0,253330.0,203538.0,456868.0,248706.0,193673.0,442379.0,243088.0,182329.0,425417.0,238296.0,171976.0,410272.0,237299.0,165194.0,402493.0,240535.0,160484.0,401019.0,237592.0,152957.0,390549.0,383596.0,402358.0,785954.0,196386.0,121398.0,317784.0,151235.0,88557.0,239792.0,141742.0,78923.0,220665.0,143531.0,75894.0,219425.0,141636.0,70370.0,212006.0,NA,NA,NA,NA,NA,NA,NA,NA,NA,NA,NA,NA,NA,NA,NA,383111.0,401651.0,784762.0,NA,NA,NA,NA,NA,NA,NA,NA,NA,NA,NA,NA,NA,NA,NA,NA,NA,NA,NA,NA,NA,NA,NA,NA,NA,NA,NA,NA,NA,NA,337945.0,355493.0,693438.0,807697.0,301696.0,1109393.0
2001,30238346.0,28761435.0,58999781.0,NA,NA,NA,336590.0,353994.0,690584.0,382679.0,402204.0,784883.0,378116.0,397145.0,775261.0,378684.0,397990.0,776674.0,377328.0,395951.0,773279.0,370562.0,388664.0,759226.0,368165.0,387913.0,756078.0,361994.0,381822.0,743816.0,354488.0,372048.0,726536.0,349368.0,363062.0,712430.0,356824.0,359628.0,716452.0,344208.0,361176.0,705384.0,368232.0,372731.0,740963.0,362612.0,365936.0,728548.0,348430.0,349018.0,697448.0,341695.0,339551.0,681246.0,349252.0,347296.0,696548.0,362722.0,361540.0,724262.0,377481.0,374624.0,752105.0,397289.0,394119.0,791408.0,422216.0,417764.0,839980.0,442078.0,435405.0,877483.0,352015.0,369282.0,721297.0,447391.0,440563.0,887954.0,452312.0,445606.0,897918.0,461521.0,453605.0,915126.0,468669.0,462301.0,930970.0,474877.0,468316.0,943193.0,477711.0,469151.0,946862.0,478064.0,468083.0,946147.0,472211.0,461584.0,933795.0,462559.0,452038.0,914597.0,451375.0,442049.0,893424.0,354169.0,372649.0,726818.0,436739.0,428735.0,865474.0,424136.0,417326.0,841462.0,417122.0,410444.0,827566.0,407730.0,401523.0,809253.0,394777.0,388999.0,783776.0,383027.0,377240.0,760267.0,379245.0,373222.0,752467.0,378232.0,372390.0,750622.0,373820.0,367743.0,741563.0,373242.0,367126.0,740368.0,353715.0,372709.0,726424.0,380191.0,373231.0,753422.0,391549.0,384681.0,776230.0,411253.0,404689.0,815942.0,437927.0,431148.0,869075.0,406744.0,400638.0,807382.0,361351.0,355311.0,716662.0,354266.0,348243.0,702509.0,344026.0,337722.0,681748.0,321819.0,313997.0,635816.0,297255.0,288033.0,585288.0,359317.0,378414.0,737731.0,294304.0,283830.0,578134.0,300632.0,289155.0,589787.0,299286.0,287623.0,586909.0,294264.0,282055.0,576319.0,288036.0,273127.0,561163.0,280816.0,264096.0,544912.0,272388.0,253331.0,525719.0,267423.0,244701.0,512124.0,268672.0,241515.0,510187.0,270957.0,238717.0,509674.0,366181.0,384554.0,750735.0,269892.0,231577.0,501469.0,263334.0,221164.0,484498.0,254268.0,209999.0,464267.0,248635.0,201336.0,449971.0,246412.0,194449.0,440861.0,241167.0,184079.0,425246.0,234903.0,172563.0,407466.0,229361.0,161844.0,391205.0,227727.0,154312.0,382039.0,229758.0,149245.0,379003.0,374822.0,393322.0,768144.0,225206.0,140828.0,366034.0,185361.0,111494.0,296855.0,142479.0,81003.0,223482.0,131467.0,70548.0,202015.0,131827.0,67034.0,198861.0,NA,NA,NA,NA,NA,NA,NA,NA,NA,NA,NA,NA,NA,NA,NA,383755.0,402322.0,786077.0,NA,NA,NA,NA,NA,NA,NA,NA,NA,NA,NA,NA,NA,NA,NA,NA,NA,NA,NA,NA,NA,NA,NA,NA,NA,NA,NA,NA,NA,NA,328414.0,344096.0,672510.0,815229.0,309144.0,1124373.0
2002,30336950.0,28902614.0,59239564.0,NA,NA,NA,328285.0,343846.0,672131.0,384497.0,403052.0,787549.0,383744.0,403158.0,786902.0,378184.0,397440.0,775624.0,378952.0,397788.0,776740.0,377492.0,395234.0,772726.0,371010.0,388810.0,759820.0,369138.0,389780.0,758918.0,363166.0,383962.0,747128.0,354390.0,372274.0,726664.0,354106.0,365087.0,719193.0,336738.0,353968.0,690706.0,364380.0,366560.0,730940.0,374016.0,374946.0,748962.0,369652.0,369724.0,739376.0,355840.0,354346.0,710186.0,348426.0,345449.0,693875.0,353703.0,353861.0,707564.0,366956.0,367415.0,734371.0,381293.0,380200.0,761493.0,400684.0,399006.0,799690.0,425144.0,421932.0,847076.0,344964.0,361718.0,706682.0,444388.0,437080.0,881468.0,449502.0,442386.0,891888.0,454174.0,446896.0,901070.0,463150.0,454678.0,917828.0,470104.0,462889.0,932993.0,475622.0,468728.0,944350.0,478358.0,469460.0,947818.0,478373.0,468180.0,946553.0,472762.0,461786.0,934548.0,462852.0,452546.0,915398.0,352718.0,369730.0,722448.0,451264.0,442561.0,893825.0,436580.0,429636.0,866216.0,424022.0,418156.0,842178.0,417096.0,411329.0,828425.0,407504.0,402138.0,809642.0,393824.0,387545.0,781369.0,382233.0,375836.0,758069.0,378238.0,371503.0,749741.0,377156.0,370814.0,747970.0,373006.0,366438.0,739444.0,355388.0,373855.0,729243.0,372260.0,365440.0,737700.0,379356.0,371739.0,751095.0,390432.0,382990.0,773422.0,409974.0,402818.0,812792.0,435258.0,428081.0,863339.0,406106.0,399036.0,805142.0,359881.0,352705.0,712586.0,352406.0,345365.0,697771.0,342678.0,335268.0,677946.0,320047.0,311063.0,631110.0,354402.0,373640.0,728042.0,295733.0,285196.0,580929.0,292164.0,280538.0,572702.0,298188.0,285483.0,583671.0,296824.0,283790.0,580614.0,291792.0,278065.0,569857.0,285194.0,268776.0,553970.0,277794.0,259318.0,537112.0,269142.0,248280.0,517422.0,264184.0,239266.0,503450.0,264643.0,235562.0,500205.0,359912.0,378502.0,738414.0,266498.0,232140.0,498638.0,264774.0,224398.0,489172.0,257814.0,213618.0,471432.0,248134.0,201892.0,450026.0,242038.0,192769.0,434807.0,239066.0,185214.0,424280.0,233176.0,174570.0,407746.0,226328.0,162662.0,388990.0,220098.0,151696.0,371794.0,217888.0,143750.0,361638.0,367304.0,385434.0,752738.0,218479.0,137902.0,356381.0,212414.0,128952.0,341366.0,174854.0,101876.0,276730.0,132830.0,73087.0,205917.0,121170.0,62812.0,183982.0,120277.0,58650.0,178927.0,116316.0,53060.0,169376.0,107908.0,46184.0,154092.0,94540.0,38079.0,132619.0,80068.0,30357.0,110425.0,375662.0,393616.0,769278.0,NA,NA,NA,NA,NA,NA,NA,NA,NA,NA,NA,NA,NA,NA,NA,NA,NA,NA,NA,NA,NA,NA,NA,NA,NA,NA,NA,NA,NA,NA,323700.0,338529.0,662229.0,294170.0,86720.0,380890.0
2003,30452240.0,29049154.0,59501394.0,NA,NA,NA,324536.0,339185.0,663721.0,377266.0,394902.0,772168.0,386112.0,404090.0,790202.0,384514.0,403630.0,788144.0,378560.0,397183.0,775743.0,379525.0,396468.0,775993.0,378362.0,394204.0,772566.0,372181.0,388386.0,760567.0,370440.0,390411.0,760851.0,365682.0,386478.0,752160.0,360156.0,378058.0,738214.0,329906.0,345273.0,675179.0,360660.0,367202.0,727862.0,371954.0,370328.0,742282.0,382294.0,379558.0,761852.0,377251.0,375080.0,752331.0,362774.0,359886.0,722660.0,353172.0,351748.0,704920.0,358383.0,359486.0,717869.0,371104.0,372596.0,743700.0,385059.0,385162.0,770221.0,403884.0,403522.0,807406.0,338594.0,355508.0,694102.0,427460.0,422554.0,850014.0,446359.0,437741.0,884100.0,451662.0,443192.0,894854.0,455778.0,447016.0,902794.0,464566.0,454546.0,919112.0,470442.0,463889.0,934331.0,475820.0,469595.0,945415.0,478779.0,470094.0,948873.0,478888.0,468934.0,947822.0,473021.0,462926.0,935947.0,347030.0,363561.0,710591.0,463196.0,453716.0,916912.0,451388.0,443526.0,894914.0,436522.0,430422.0,866944.0,424056.0,418816.0,842872.0,417024.0,411744.0,828768.0,406657.0,400674.0,807331.0,393133.0,386151.0,779284.0,381442.0,374262.0,755704.0,377232.0,369908.0,747140.0,376310.0,369366.0,745676.0,354594.0,371841.0,726435.0,371849.0,365378.0,737227.0,370963.0,364112.0,735075.0,377992.0,370290.0,748282.0,388950.0,381202.0,770152.0,408132.0,400596.0,808728.0,433488.0,425386.0,858874.0,404127.0,396243.0,800370.0,357368.0,349406.0,706774.0,350388.0,342397.0,692785.0,340623.0,332324.0,672947.0,357182.0,375984.0,733166.0,318278.0,307925.0,626203.0,293824.0,281849.0,575673.0,289874.0,276818.0,566692.0,295814.0,281548.0,577362.0,294329.0,279622.0,573951.0,288990.0,272956.0,561946.0,282078.0,263346.0,545424.0,274543.0,253843.0,528386.0,265758.0,242663.0,508421.0,260219.0,233086.0,493305.0,356204.0,375668.0,731872.0,260321.0,229044.0,489365.0,261640.0,225007.0,486647.0,259246.0,216636.0,475882.0,251768.0,205454.0,457222.0,241612.0,193312.0,434924.0,234872.0,183761.0,418633.0,230962.0,175652.0,406614.0,224580.0,164497.0,389077.0,217064.0,152516.0,369580.0,210213.0,141294.0,351507.0,361834.0,380390.0,742224.0,206848.0,132782.0,339630.0,206635.0,126476.0,333111.0,199060.0,116838.0,315898.0,162796.0,91735.0,254531.0,123014.0,65512.0,188526.0,110714.0,55082.0,165796.0,108469.0,50843.0,159312.0,103615.0,45230.0,148845.0,94916.0,38961.0,133877.0,81798.0,31414.0,113212.0,369025.0,386915.0,755940.0,NA,NA,NA,NA,NA,NA,NA,NA,NA,NA,NA,NA,NA,NA,NA,NA,NA,NA,NA,NA,NA,NA,NA,NA,NA,NA,NA,NA,NA,NA,326920.0,343928.0,670848.0,299617.0,90415.0,390032.0
2004,30582491.0,29211268.0,59793759.0,NA,NA,NA,326784.0,344241.0,671025.0,370078.0,388694.0,758772.0,378224.0,395888.0,774112.0,386861.0,404494.0,791355.0,384790.0,403810.0,788600.0,378394.0,396556.0,774950.0,380999.0,396424.0,777423.0,380636.0,393591.0,774227.0,374684.0,388208.0,762892.0,374428.0,392776.0,767204.0,373568.0,391593.0,765161.0,325186.0,340568.0,665754.0,366305.0,380710.0,747015.0,369159.0,372662.0,741821.0,381210.0,377485.0,758695.0,390650.0,387339.0,777989.0,385664.0,383616.0,769280.0,369266.0,365484.0,734750.0,358888.0,356750.0,715638.0,363742.0,364216.0,727958.0,376106.0,376946.0,753052.0,389530.0,389223.0,778753.0,331144.0,347174.0,678318.0,405928.0,404468.0,810396.0,428975.0,423583.0,852558.0,447951.0,438888.0,886839.0,452985.0,443802.0,896787.0,456758.0,447248.0,904006.0,465150.0,455684.0,920834.0,470740.0,464516.0,935256.0,476046.0,470016.0,946062.0,479186.0,470595.0,949781.0,479315.0,469497.0,948812.0,340194.0,357672.0,697866.0,473288.0,462100.0,935388.0,463262.0,453006.0,916268.0,451317.0,443044.0,894361.0,436302.0,429664.0,865966.0,423894.0,418113.0,842007.0,416271.0,411458.0,827729.0,405840.0,400211.0,806051.0,392456.0,385685.0,778141.0,380590.0,373676.0,754266.0,376263.0,369040.0,745303.0,349130.0,365592.0,714722.0,374864.0,367965.0,742829.0,370274.0,363796.0,734070.0,369132.0,362257.0,731389.0,376179.0,368330.0,744509.0,387006.0,378920.0,765926.0,405645.0,397606.0,803251.0,431140.0,422544.0,853684.0,401838.0,393506.0,795344.0,354550.0,346088.0,700638.0,347860.0,339448.0,687308.0,356596.0,373736.0,730332.0,338796.0,329208.0,668004.0,316332.0,304502.0,620834.0,291639.0,278156.0,569795.0,287336.0,272702.0,560038.0,293194.0,277248.0,570442.0,291464.0,274367.0,565831.0,285884.0,267453.0,553337.0,278748.0,257773.0,536521.0,270948.0,248078.0,519026.0,261920.0,236433.0,498353.0,359390.0,378156.0,737546.0,255998.0,226694.0,482692.0,255628.0,222194.0,477822.0,256267.0,217387.0,473654.0,253306.0,208615.0,461921.0,245366.0,196947.0,442313.0,234590.0,184584.0,419174.0,227183.0,174582.0,401765.0,222485.0,165850.0,388335.0,215414.0,154491.0,369905.0,207186.0,142258.0,349444.0,358253.0,377676.0,735929.0,199715.0,130786.0,330501.0,195376.0,121828.0,317204.0,193696.0,114936.0,308632.0,184881.0,104876.0,289757.0,150326.0,81786.0,232112.0,112748.0,57958.0,170706.0,99708.0,47718.0,147426.0,96625.0,43284.0,139909.0,90953.0,38050.0,129003.0,82190.0,32256.0,114446.0,363820.0,382160.0,745980.0,NA,NA,NA,NA,NA,NA,NA,NA,NA,NA,NA,NA,NA,NA,NA,NA,NA,NA,NA,NA,NA,NA,NA,NA,NA,NA,NA,NA,NA,NA,336760.0,355422.0,692182.0,305145.0,94652.0,399797.0
2005,30762960.0,29419090.0,60182050.0,NA,NA,NA,336776.0,355306.0,692082.0,364788.0,384114.0,748902.0,371064.0,390397.0,761461.0,378812.0,396420.0,775232.0,387250.0,404636.0,791886.0,384394.0,403632.0,788026.0,379664.0,397112.0,776776.0,383267.0,396818.0,780085.0,383505.0,392970.0,776475.0,380096.0,389428.0,769524.0,384854.0,397610.0,782464.0,327363.0,344862.0,672225.0,381016.0,395734.0,776750.0,377110.0,387648.0,764758.0,382632.0,382472.0,765104.0,393218.0,388603.0,781821.0,402392.0,398961.0,801353.0,395315.0,391206.0,786521.0,377774.0,372377.0,750151.0,366258.0,363038.0,729296.0,370698.0,370214.0,740912.0,382478.0,382263.0,764741.0,326284.0,341914.0,668198.0,393349.0,391352.0,784701.0,409084.0,406532.0,815616.0,431605.0,425632.0,857237.0,450125.0,440594.0,890719.0,455050.0,445194.0,900244.0,458186.0,449332.0,907518.0,466358.0,457149.0,923507.0,471654.0,465616.0,937270.0,476716.0,470830.0,947546.0,479892.0,471234.0,951126.0,332814.0,349064.0,681878.0,479816.0,469367.0,949183.0,473592.0,461940.0,935532.0,463388.0,453159.0,916547.0,451292.0,442995.0,894287.0,436104.0,429507.0,865611.0,423234.0,417916.0,841150.0,415548.0,410954.0,826502.0,405036.0,399506.0,804542.0,391722.0,385072.0,776794.0,379713.0,372853.0,752566.0,341782.0,359194.0,700976.0,374834.0,367768.0,742602.0,373586.0,366866.0,740452.0,368790.0,362446.0,731236.0,367466.0,360720.0,728186.0,374452.0,366584.0,741036.0,385100.0,376885.0,761985.0,403192.0,394945.0,798137.0,429020.0,420094.0,849114.0,399741.0,391074.0,790815.0,351766.0,343004.0,694770.0,350656.0,367058.0,717714.0,345436.0,336146.0,681582.0,336366.0,325886.0,662252.0,313797.0,300838.0,614635.0,288840.0,274190.0,563030.0,284192.0,268314.0,552506.0,290184.0,272316.0,562500.0,288322.0,269282.0,557604.0,282519.0,262128.0,544647.0,274921.0,252062.0,526983.0,267030.0,242100.0,509130.0,358267.0,375328.0,733595.0,257853.0,230392.0,488245.0,251450.0,220121.0,471571.0,250470.0,215068.0,465538.0,250594.0,209798.0,460392.0,246998.0,200484.0,447482.0,238389.0,188602.0,426991.0,227144.0,175770.0,402914.0,219152.0,165316.0,384468.0,213582.0,156062.0,369644.0,205768.0,144358.0,350126.0,361013.0,379820.0,740833.0,197040.0,132070.0,329110.0,188740.0,120360.0,309100.0,183500.0,111178.0,294678.0,180386.0,103708.0,284094.0,170516.0,93182.0,263698.0,137631.0,72333.0,209964.0,102325.0,50688.0,153013.0,89031.0,40784.0,129815.0,84951.0,36348.0,121299.0,78770.0,31487.0,110257.0,359778.0,379283.0,739061.0,NA,NA,NA,NA,NA,NA,NA,NA,NA,NA,NA,NA,NA,NA,NA,NA,NA,NA,NA,NA,NA,NA,NA,NA,NA,NA,NA,NA,NA,NA,346183.0,364211.0,710394.0,310151.0,98906.0,409057.0
2006,30968983.0,29651378.0,60620361.0,NA,NA,NA,346526.0,363900.0,710426.0,361322.0,381150.0,742472.0,366506.0,385918.0,752424.0,372548.0,391616.0,764164.0,379907.0,396768.0,776675.0,388169.0,404534.0,792703.0,385817.0,405513.0,791330.0,381338.0,398898.0,780236.0,385551.0,398247.0,783798.0,388226.0,395339.0,783565.0,388924.0,395666.0,784590.0,337412.0,355178.0,692590.0,393829.0,401606.0,795435.0,392893.0,401986.0,794879.0,392068.0,395661.0,787729.0,397070.0,392638.0,789708.0,407229.0,399589.0,806818.0,411375.0,407226.0,818601.0,404020.0,399455.0,803475.0,385220.0,380152.0,765372.0,372834.0,370362.0,743196.0,376709.0,376751.0,753460.0,328208.0,345247.0,673455.0,388240.0,385142.0,773382.0,398126.0,393778.0,791904.0,413369.0,408999.0,822368.0,434812.0,427720.0,862532.0,453162.0,442686.0,895848.0,456724.0,448098.0,904822.0,459366.0,451435.0,910801.0,467401.0,458900.0,926301.0,472353.0,466734.0,939087.0,477130.0,471690.0,948820.0,327653.0,342976.0,670629.0,479926.0,471049.0,950975.0,479898.0,469148.0,949046.0,473446.0,461956.0,935402.0,463169.0,453296.0,916465.0,450948.0,443179.0,894127.0,435479.0,429370.0,864849.0,422719.0,417632.0,840351.0,414860.0,410450.0,825310.0,404286.0,398792.0,803078.0,390982.0,384405.0,775387.0,333774.0,350114.0,683888.0,378542.0,371919.0,750461.0,373650.0,366676.0,740326.0,372430.0,365833.0,738263.0,367489.0,361239.0,728728.0,365932.0,359212.0,725144.0,372819.0,364786.0,737605.0,383246.0,374558.0,757804.0,400980.0,392187.0,793167.0,427094.0,417574.0,844668.0,397710.0,388514.0,786224.0,342954.0,360356.0,703310.0,348698.0,339134.0,687832.0,342644.0,332559.0,675203.0,333718.0,322342.0,656060.0,310874.0,296858.0,607732.0,285741.0,269963.0,555704.0,280522.0,263407.0,543929.0,286603.0,267346.0,553949.0,284432.0,264145.0,548577.0,278384.0,256602.0,534986.0,270616.0,246185.0,516801.0,351886.0,368356.0,720242.0,262712.0,236224.0,498936.0,253280.0,224114.0,477394.0,246434.0,213330.0,459764.0,244882.0,207880.0,452762.0,244378.0,202085.0,446463.0,240180.0,192387.0,432567.0,230994.0,180028.0,411022.0,219306.0,166944.0,386250.0,210647.0,155910.0,366557.0,204254.0,146318.0,350572.0,359478.0,376486.0,735964.0,195954.0,134485.0,330439.0,186490.0,122016.0,308506.0,177660.0,110228.0,287888.0,171507.0,100817.0,272324.0,166946.0,92906.0,259852.0,156076.0,82138.0,238214.0,125120.0,63416.0,188536.0,92302.0,44030.0,136332.0,78615.0,34436.0,113051.0,73818.0,30172.0,103990.0,362296.0,381322.0,743618.0,NA,NA,NA,NA,NA,NA,NA,NA,NA,NA,NA,NA,NA,NA,NA,NA,NA,NA,NA,NA,NA,NA,NA,NA,NA,NA,NA,NA,NA,NA,354074.0,371112.0,725186.0,313092.0,101894.0,414986.0
2007,31178445.0,29894834.0,61073279.0,NA,NA,NA,355008.0,371858.0,726866.0,364515.0,383248.0,747763.0,363399.0,382907.0,746306.0,368592.0,387392.0,755984.0,374432.0,392862.0,767294.0,381581.0,396924.0,778505.0,390204.0,407004.0,797208.0,387734.0,408278.0,796012.0,383486.0,402170.0,785656.0,389802.0,402660.0,792462.0,396322.0,402548.0,798870.0,346874.0,364194.0,711068.0,397340.0,399610.0,796950.0,403618.0,408266.0,811884.0,404762.0,409983.0,814745.0,404353.0,405554.0,809907.0,410074.0,403896.0,813970.0,414978.0,408116.0,823094.0,418852.0,415538.0,834390.0,411183.0,407984.0,819167.0,391447.0,388166.0,779613.0,377901.0,377352.0,755253.0,337928.0,355578.0,693506.0,380458.0,379258.0,759716.0,391464.0,387088.0,778552.0,401014.0,395666.0,796680.0,415538.0,410648.0,826186.0,436568.0,429374.0,865942.0,454852.0,445634.0,900486.0,458240.0,450318.0,908558.0,460470.0,453166.0,913636.0,468462.0,460080.0,928542.0,473007.0,467412.0,940419.0,328912.0,345992.0,674904.0,477412.0,470616.0,948028.0,480300.0,469900.0,950200.0,480312.0,468290.0,948602.0,473627.0,461253.0,934880.0,463160.0,452946.0,916106.0,450518.0,442276.0,892794.0,434928.0,428246.0,863174.0,422177.0,416610.0,838787.0,414168.0,409158.0,823326.0,403488.0,397351.0,800839.0,328620.0,343976.0,672596.0,389864.0,383259.0,773123.0,377388.0,370616.0,748004.0,372277.0,365158.0,737435.0,371127.0,364439.0,735566.0,366052.0,359578.0,725630.0,364666.0,356950.0,721616.0,371488.0,362222.0,733710.0,381712.0,371860.0,753572.0,399019.0,388982.0,788001.0,425413.0,414540.0,839953.0,335258.0,351582.0,686840.0,395222.0,384175.0,779397.0,345556.0,334382.0,679938.0,339884.0,328217.0,668101.0,330967.0,317866.0,648833.0,307926.0,292216.0,600142.0,282048.0,265233.0,547281.0,276850.0,258478.0,535328.0,282424.0,262361.0,544785.0,280278.0,258856.0,539134.0,274016.0,250854.0,524870.0,344671.0,361982.0,706653.0,266136.0,240412.0,506548.0,258065.0,230098.0,488163.0,248419.0,217658.0,466077.0,240988.0,206590.0,447578.0,238899.0,200602.0,439501.0,237866.0,194295.0,432161.0,232972.0,184111.0,417083.0,223288.0,171341.0,394629.0,211126.0,157935.0,369061.0,201866.0,146744.0,348610.0,353643.0,370040.0,723683.0,194734.0,136624.0,331358.0,185780.0,124619.0,310399.0,175738.0,112058.0,287796.0,166493.0,100298.0,266791.0,159061.0,90916.0,249977.0,153490.0,82560.0,236050.0,141728.0,71638.0,213366.0,112711.0,54958.0,167669.0,82532.0,37933.0,120465.0,68686.0,28766.0,97452.0,361166.0,378094.0,739260.0,NA,NA,NA,NA,NA,NA,NA,NA,NA,NA,NA,NA,NA,NA,NA,NA,NA,NA,NA,NA,NA,NA,NA,NA,NA,NA,NA,NA,NA,NA,363855.0,381878.0,745733.0,313017.0,103514.0,416531.0
2008,31407298.0,30164349.0,61571647.0,NA,NA,NA,365137.0,383008.0,748145.0,363170.0,379909.0,743079.0,366458.0,385202.0,751660.0,365200.0,384665.0,749865.0,370520.0,389094.0,759614.0,376191.0,394080.0,770271.0,384335.0,399269.0,783604.0,393396.0,409546.0,802942.0,391390.0,411342.0,802732.0,389522.0,406197.0,795719.0,401128.0,408896.0,810024.0,356160.0,373109.0,729269.0,404170.0,406004.0,810174.0,405792.0,404387.0,810179.0,414131.0,415808.0,829939.0,414630.0,418562.0,833192.0,415055.0,414448.0,829503.0,417195.0,412508.0,829703.0,421727.0,416794.0,838521.0,425182.0,424157.0,849339.0,417322.0,416838.0,834160.0,396529.0,396124.0,792653.0,347309.0,364738.0,712047.0,381314.0,381390.0,762704.0,383508.0,382645.0,766153.0,394426.0,390042.0,784468.0,403361.0,398315.0,801676.0,417599.0,413258.0,830857.0,438171.0,431904.0,870075.0,456290.0,447910.0,904200.0,459614.0,452254.0,911868.0,461578.0,454426.0,916004.0,469250.0,460958.0,930208.0,338376.0,356096.0,694472.0,472936.0,466916.0,939852.0,477142.0,469786.0,946928.0,480190.0,469110.0,949300.0,480234.0,467556.0,947790.0,473364.0,460847.0,934211.0,463076.0,451814.0,914890.0,450310.0,441120.0,891430.0,434490.0,427052.0,861542.0,421806.0,415382.0,837188.0,413662.0,407718.0,821380.0,329638.0,346560.0,676198.0,402504.0,396689.0,799193.0,388916.0,382742.0,771658.0,376342.0,369889.0,746231.0,371024.0,364250.0,735274.0,369997.0,363576.0,733573.0,364506.0,357276.0,721782.0,362886.0,354319.0,717205.0,369606.0,359553.0,729159.0,379727.0,368836.0,748563.0,396594.0,385366.0,781960.0,329876.0,345209.0,675085.0,423231.0,410446.0,833677.0,392840.0,380258.0,773098.0,342620.0,329856.0,672476.0,337292.0,323994.0,661286.0,328328.0,313675.0,642003.0,305192.0,288231.0,593423.0,279140.0,261026.0,540166.0,273456.0,253876.0,527332.0,278943.0,257512.0,536455.0,276506.0,253646.0,530152.0,337140.0,353324.0,690464.0,269956.0,245390.0,515346.0,261780.0,234478.0,496258.0,253532.0,223948.0,477480.0,243562.0,211309.0,454871.0,235528.0,199808.0,435336.0,232900.0,193206.0,426106.0,231144.0,186329.0,417473.0,225702.0,175583.0,401285.0,215384.0,162535.0,377919.0,202786.0,148936.0,351722.0,346718.0,363882.0,710600.0,192772.0,137314.0,330086.0,184788.0,126924.0,311712.0,175145.0,114688.0,289833.0,164686.0,102210.0,266896.0,154710.0,90717.0,245427.0,146502.0,81148.0,227650.0,139882.0,72450.0,212332.0,127344.0,61752.0,189096.0,100414.0,46990.0,147404.0,72887.0,32351.0,105238.0,355594.0,371852.0,727446.0,NA,NA,NA,NA,NA,NA,NA,NA,NA,NA,NA,NA,NA,NA,NA,NA,NA,NA,NA,NA,NA,NA,NA,NA,NA,NA,NA,NA,NA,NA,376936.0,395892.0,772828.0,307996.0,103364.0,411360.0
2009,31625820.0,30416523.0,62042343.0,NA,NA,NA,377446.0,395858.0,773304.0,356992.0,373762.0,730754.0,364651.0,381826.0,746477.0,367899.0,387269.0,755168.0,366656.0,386685.0,753341.0,371962.0,390846.0,762808.0,379314.0,397256.0,776570.0,387916.0,402116.0,790032.0,398462.0,412834.0,811296.0,399015.0,416404.0,815419.0,401110.0,412268.0,813378.0,366476.0,383887.0,750363.0,406552.0,410460.0,817012.0,410922.0,407201.0,818123.0,414569.0,407890.0,822459.0,421362.0,420290.0,841652.0,421852.0,422708.0,844560.0,419064.0,417984.0,837048.0,422120.0,416947.0,839067.0,426202.0,421770.0,847972.0,429581.0,429450.0,859031.0,421606.0,422246.0,843852.0,357184.0,373852.0,731036.0,400252.0,401664.0,801916.0,384184.0,385776.0,769960.0,386440.0,386727.0,773167.0,396992.0,393567.0,790559.0,405697.0,401635.0,807332.0,419672.0,414049.0,833721.0,439656.0,432728.0,872384.0,457785.0,448752.0,906537.0,461129.0,452743.0,913872.0,462516.0,454435.0,916951.0,347527.0,364761.0,712288.0,469026.0,461192.0,930218.0,472377.0,466538.0,938915.0,476422.0,469228.0,945650.0,479617.0,468421.0,948038.0,479806.0,467078.0,946884.0,473175.0,460546.0,933721.0,462774.0,451692.0,914466.0,449896.0,441046.0,890942.0,433954.0,426746.0,860700.0,421280.0,414992.0,836272.0,338822.0,356346.0,695168.0,412820.0,407338.0,820158.0,401604.0,396228.0,797832.0,388077.0,382223.0,770300.0,375372.0,369301.0,744673.0,369927.0,363338.0,733265.0,368626.0,361759.0,730385.0,362951.0,355156.0,718107.0,361078.0,352003.0,713081.0,367760.0,357002.0,724762.0,377616.0,365926.0,743542.0,330306.0,347154.0,677460.0,394341.0,382156.0,776497.0,421102.0,407434.0,828536.0,390662.0,377122.0,767784.0,339834.0,326196.0,666030.0,334788.0,320421.0,655209.0,326011.0,310238.0,636249.0,302520.0,284306.0,586826.0,276334.0,256810.0,533144.0,270196.0,249204.0,519400.0,275456.0,252544.0,528000.0,331178.0,346514.0,677692.0,272732.0,248314.0,521046.0,265786.0,239694.0,505480.0,257332.0,228325.0,485657.0,248783.0,217548.0,466331.0,238471.0,204668.0,443139.0,229868.0,192694.0,422562.0,226574.0,185490.0,412064.0,224214.0,178074.0,402288.0,217978.0,166928.0,384906.0,207154.0,153481.0,360635.0,338901.0,355140.0,694041.0,193936.0,139690.0,333626.0,183188.0,127730.0,310918.0,174368.0,117018.0,291386.0,164208.0,104913.0,269121.0,153147.0,92493.0,245640.0,142698.0,81078.0,223776.0,133752.0,71628.0,205380.0,126167.0,62930.0,189097.0,112845.0,52142.0,164987.0,88144.0,39706.0,127850.0,348629.0,365721.0,714350.0,NA,NA,NA,NA,NA,NA,NA,NA,NA,NA,NA,NA,NA,NA,NA,NA,NA,NA,NA,NA,NA,NA,NA,NA,NA,NA,NA,NA,NA,NA,383450.0,402030.0,785480.0,307024.0,106244.0,413268.0
2010,31841228.0,30668969.0,62510197.0,NA,NA,NA,383312.0,401488.0,784800.0,350258.0,367918.0,718176.0,358728.0,376000.0,734728.0,366306.0,384009.0,750315.0,369616.0,389722.0,759338.0,368222.0,388908.0,757130.0,374811.0,394556.0,769367.0,382639.0,401268.0,783907.0,392306.0,406184.0,798490.0,405517.0,418964.0,824481.0,408700.0,424400.0,833100.0,377928.0,396372.0,774300.0,405834.0,416943.0,822777.0,413085.0,415964.0,829049.0,419158.0,413538.0,832696.0,421046.0,414532.0,835578.0,427194.0,427282.0,854476.0,425343.0,423830.0,849173.0,423558.0,419398.0,842956.0,427228.0,419595.0,846823.0,431158.0,425190.0,856348.0,434128.0,432876.0,867004.0,367624.0,385026.0,752650.0,424856.0,425512.0,850368.0,402823.0,404235.0,807058.0,386206.0,388011.0,774217.0,388400.0,388674.0,777074.0,398976.0,395288.0,794264.0,407394.0,402058.0,809452.0,420968.0,414634.0,835602.0,440606.0,433208.0,873814.0,458714.0,449328.0,908042.0,462002.0,452884.0,914886.0,357950.0,374788.0,732738.0,463112.0,453924.0,917036.0,469472.0,460301.0,929773.0,472472.0,465262.0,937734.0,476262.0,467828.0,944090.0,479588.0,467022.0,946610.0,479351.0,466886.0,946237.0,472564.0,460499.0,933063.0,462124.0,451941.0,914065.0,449149.0,441217.0,890366.0,433048.0,426630.0,859678.0,348178.0,364995.0,713173.0,420288.0,414134.0,834422.0,411778.0,406201.0,817979.0,400382.0,394745.0,795127.0,386946.0,380943.0,767889.0,374089.0,367774.0,741863.0,369021.0,361668.0,730689.0,367762.0,360000.0,727762.0,361827.0,353312.0,715139.0,359654.0,349753.0,709407.0,366266.0,354620.0,720886.0,339468.0,356584.0,696052.0,375549.0,363340.0,738889.0,391833.0,378991.0,770824.0,418776.0,404349.0,823125.0,388242.0,374006.0,762248.0,336809.0,322398.0,659207.0,332143.0,317074.0,649217.0,323322.0,306610.0,629932.0,299565.0,280304.0,579869.0,273211.0,252496.0,525707.0,266652.0,244370.0,511022.0,331225.0,347790.0,679015.0,271580.0,247380.0,518960.0,268632.0,242875.0,511507.0,261300.0,233722.0,495022.0,252476.0,221940.0,474416.0,243684.0,210853.0,454537.0,233068.0,197824.0,430892.0,223796.0,185310.0,409106.0,219966.0,177468.0,397434.0,216922.0,169768.0,386690.0,209910.0,158054.0,367964.0,332576.0,347841.0,680417.0,198366.0,144402.0,342768.0,184675.0,130270.0,314945.0,173442.0,118192.0,291634.0,163781.0,107491.0,271272.0,153012.0,95218.0,248230.0,141513.0,83002.0,224515.0,130648.0,71874.0,202522.0,120978.0,62638.0,183616.0,112732.0,53938.0,166670.0,98846.0,43436.0,142282.0,340790.0,356877.0,697667.0,NA,NA,NA,NA,NA,NA,NA,NA,NA,NA,NA,NA,NA,NA,NA,NA,NA,NA,NA,NA,NA,NA,NA,NA,NA,NA,NA,NA,NA,NA,384385.0,402876.0,787261.0,321428.0,115170.0,436598.0
2011,32071042.0,30951490.0,63022532.0,NA,NA,NA,383460.0,401564.0,785024.0,342297.0,358787.0,701084.0,351987.0,369982.0,721969.0,360390.0,378020.0,738410.0,368054.0,386158.0,754212.0,371358.0,392028.0,763386.0,370867.0,392651.0,763518.0,378046.0,398764.0,776810.0,386428.0,405779.0,792207.0,398806.0,412402.0,811208.0,415434.0,428206.0,843640.0,383649.0,401788.0,785437.0,416274.0,433736.0,850010.0,414929.0,427998.0,842927.0,423852.0,427926.0,851778.0,427876.0,424693.0,852569.0,428648.0,425142.0,853790.0,431038.0,431747.0,862785.0,429150.0,427790.0,856940.0,428164.0,423593.0,851757.0,432606.0,425025.0,857631.0,436082.0,430822.0,866904.0,378688.0,397356.0,776044.0,437572.0,434262.0,871834.0,428332.0,427206.0,855538.0,405616.0,405722.0,811338.0,388284.0,389102.0,777386.0,390664.0,389750.0,780414.0,399620.0,396120.0,795740.0,407830.0,402942.0,810772.0,421235.0,415484.0,836719.0,440433.0,434106.0,874539.0,458624.0,450186.0,908810.0,369031.0,386698.0,755729.0,462600.0,451416.0,914016.0,463270.0,452086.0,915356.0,469520.0,458228.0,927748.0,472178.0,462969.0,935147.0,475753.0,465437.0,941190.0,478883.0,466377.0,945260.0,478778.0,466467.0,945245.0,471839.0,460344.0,932183.0,461316.0,452004.0,913320.0,448275.0,441118.0,889393.0,358952.0,375570.0,734522.0,432450.0,425386.0,857836.0,419680.0,412828.0,832508.0,411024.0,404462.0,815486.0,399494.0,392904.0,792398.0,386127.0,379164.0,765291.0,373186.0,366182.0,739368.0,367944.0,359676.0,727620.0,366666.0,358198.0,724864.0,360516.0,351220.0,711736.0,358072.0,347328.0,705400.0,348340.0,365124.0,713464.0,364286.0,352170.0,716456.0,373336.0,360392.0,733728.0,389226.0,375510.0,764736.0,416309.0,400878.0,817187.0,385658.0,370594.0,756252.0,333728.0,318444.0,652172.0,329276.0,313278.0,642554.0,320486.0,302665.0,623151.0,296482.0,276090.0,572572.0,269852.0,247856.0,517708.0,339716.0,356682.0,696398.0,262762.0,239234.0,501996.0,267521.0,241824.0,509345.0,264312.0,237062.0,501374.0,256583.0,227470.0,484053.0,247420.0,215256.0,462676.0,238334.0,203938.0,442272.0,227322.0,190662.0,417984.0,217440.0,177668.0,395108.0,213052.0,169446.0,382498.0,209158.0,161191.0,370349.0,331702.0,348294.0,679996.0,201384.0,149150.0,350534.0,189385.0,135158.0,324543.0,175286.0,120992.0,296278.0,163240.0,108838.0,272078.0,152816.0,97966.0,250782.0,141588.0,85780.0,227368.0,129822.0,73960.0,203782.0,118636.0,63199.0,181835.0,108622.0,54266.0,162888.0,99751.0,45578.0,145329.0,333572.0,348994.0,682566.0,NA,NA,NA,NA,NA,NA,NA,NA,NA,NA,NA,NA,NA,NA,NA,NA,NA,NA,NA,NA,NA,NA,NA,NA,NA,NA,NA,NA,NA,NA,388750.0,407738.0,796488.0,344042.0,125244.0,469286.0
2012,32288847.0,31206241.0,63495088.0,NA,NA,NA,389452.0,408108.0,797560.0,334851.0,350663.0,685514.0,343777.0,360571.0,704348.0,353535.0,371661.0,725196.0,361855.0,379880.0,741735.0,369585.0,388109.0,757694.0,373482.0,394770.0,768252.0,373143.0,395406.0,768549.0,381038.0,402283.0,783321.0,391773.0,410313.0,802086.0,407692.0,419451.0,827143.0,384995.0,402742.0,787737.0,422277.0,435398.0,857675.0,423745.0,441691.0,865436.0,423868.0,436916.0,860784.0,431539.0,436091.0,867630.0,433833.0,430842.0,864675.0,431652.0,429612.0,861264.0,433771.0,435343.0,869114.0,431727.0,431103.0,862830.0,431456.0,426906.0,858362.0,435694.0,428922.0,864616.0,385135.0,403312.0,788447.0,438065.0,431543.0,869608.0,439634.0,435295.0,874929.0,430347.0,427999.0,858346.0,406734.0,405893.0,812627.0,389326.0,389537.0,778863.0,390773.0,389752.0,780525.0,399775.0,396191.0,795966.0,407775.0,403085.0,810860.0,421157.0,415595.0,836752.0,440036.0,434238.0,874274.0,380278.0,399063.0,779341.0,459009.0,449072.0,908081.0,462536.0,449941.0,912477.0,463278.0,450717.0,913995.0,469309.0,456554.0,925863.0,471758.0,461251.0,933009.0,475358.0,464381.0,939739.0,478509.0,465462.0,943971.0,478379.0,465659.0,944038.0,471240.0,459586.0,930826.0,460739.0,451302.0,912041.0,370351.0,388282.0,758633.0,447886.0,439894.0,887780.0,431970.0,424218.0,856188.0,419216.0,411381.0,830597.0,410345.0,402897.0,813242.0,398896.0,391215.0,790111.0,385247.0,377718.0,762965.0,372106.0,364298.0,736404.0,366752.0,357839.0,724591.0,365532.0,356087.0,721619.0,359032.0,348694.0,707726.0,359407.0,376435.0,735842.0,356372.0,344691.0,701063.0,362412.0,349077.0,711489.0,371383.0,357124.0,728507.0,386763.0,371645.0,758408.0,414092.0,397278.0,811370.0,382640.0,366033.0,748673.0,330768.0,314234.0,645002.0,326617.0,309186.0,635803.0,317284.0,298027.0,615311.0,293244.0,271213.0,564457.0,348859.0,365837.0,714696.0,266301.0,242726.0,509027.0,259010.0,233715.0,492725.0,263390.0,235930.0,499320.0,259767.0,230889.0,490656.0,251794.0,220952.0,472746.0,242090.0,208354.0,450444.0,232770.0,196789.0,429559.0,221204.0,183178.0,404382.0,210778.0,169826.0,380604.0,205725.0,161279.0,367004.0,340310.0,357502.0,697812.0,200999.0,152391.0,353390.0,192574.0,139976.0,332550.0,179888.0,125814.0,305702.0,165334.0,111609.0,276943.0,152613.0,99245.0,251858.0,141649.0,88491.0,230140.0,130003.0,76558.0,206561.0,117974.0,65206.0,183180.0,106660.0,54859.0,161519.0,96103.0,46247.0,142350.0,332513.0,349384.0,681897.0,89988.0,41181.0,131169.0,72584.0,30581.0,103165.0,49378.0,19199.0,68577.0,36077.0,12883.0,48960.0,29999.0,9777.0,39776.0,24791.0,7546.0,32337.0,19399.0,5409.0,24808.0,14335.0,3575.0,17910.0,10109.0,2303.0,12412.0,6692.0,1407.0,8099.0,394332.0,414185.0,808517.0,10650.0,1763.0,12413.0
2013,32481221.0,31424121.0,63905342.0,NA,NA,NA,397079.0,416953.0,814032.0,333993.0,350879.0,684872.0,336478.0,352248.0,688726.0,345437.0,362034.0,707471.0,355039.0,373203.0,728242.0,363335.0,381601.0,744936.0,370880.0,389720.0,760600.0,374545.0,396322.0,770867.0,374462.0,397396.0,771858.0,383781.0,404464.0,788245.0,397691.0,415197.0,812888.0,391888.0,410663.0,802551.0,412734.0,424044.0,836778.0,426960.0,439735.0,866695.0,429665.0,446379.0,876044.0,429573.0,441100.0,870673.0,435057.0,438317.0,873374.0,436355.0,433235.0,869590.0,433971.0,431538.0,865509.0,435731.0,437078.0,872809.0,433383.0,432047.0,865430.0,433010.0,428072.0,861082.0,386970.0,404974.0,791944.0,436855.0,429330.0,866185.0,439004.0,431959.0,870963.0,440540.0,435064.0,875604.0,430893.0,427307.0,858200.0,407065.0,405427.0,812492.0,389510.0,388867.0,778377.0,391107.0,389302.0,780409.0,399821.0,395676.0,795497.0,408013.0,402729.0,810742.0,421245.0,415305.0,836550.0,386835.0,405407.0,792242.0,440207.0,433736.0,873943.0,458989.0,448457.0,907446.0,462689.0,449427.0,912116.0,463107.0,450033.0,913140.0,469257.0,455901.0,925158.0,471758.0,460515.0,932273.0,475216.0,463547.0,938763.0,478346.0,464580.0,942926.0,478179.0,464674.0,942853.0,470882.0,458461.0,929343.0,381852.0,400884.0,782736.0,460196.0,450262.0,910458.0,447237.0,438755.0,885992.0,431228.0,422913.0,854141.0,418312.0,410228.0,828540.0,409457.0,401439.0,810896.0,398011.0,389710.0,787721.0,384194.0,376052.0,760246.0,370933.0,362534.0,733467.0,365601.0,355531.0,721132.0,364337.0,353550.0,717887.0,371669.0,389879.0,761548.0,357599.0,346017.0,703616.0,354832.0,341763.0,696595.0,360804.0,345945.0,706749.0,369489.0,353835.0,723324.0,384485.0,367834.0,752319.0,411322.0,392832.0,804154.0,379643.0,361651.0,741294.0,327963.0,310018.0,637981.0,323531.0,304504.0,628035.0,313891.0,292927.0,606818.0,360810.0,377962.0,738772.0,289727.0,266099.0,555826.0,262812.0,237455.0,500267.0,255125.0,228032.0,483157.0,258922.0,229790.0,488712.0,255082.0,224524.0,479606.0,246513.0,214124.0,460637.0,236511.0,201072.0,437583.0,226674.0,189221.0,415895.0,214595.0,175319.0,389914.0,203644.0,161821.0,365465.0,350195.0,367310.0,717505.0,197862.0,152604.0,350466.0,192215.0,143226.0,335441.0,182942.0,130359.0,313301.0,169825.0,116219.0,286044.0,154739.0,101791.0,256530.0,141442.0,89648.0,231090.0,130077.0,78945.0,209022.0,118013.0,67450.0,185463.0,105897.0,56584.0,162481.0,94143.0,46735.0,140878.0,341770.0,358924.0,700694.0,86871.0,40931.0,127802.0,75862.0,33227.0,109089.0,60060.0,24139.0,84199.0,40030.0,14764.0,54794.0,28648.0,9672.0,38320.0,23239.0,7152.0,30391.0,18678.0,5348.0,24026.0,14177.0,3678.0,17855.0,10202.0,2357.0,12559.0,6933.0,1455.0,8388.0,391892.0,412312.0,804204.0,10973.0,1906.0,12879.0
2014,32687816.0,31663387.0,64351203.0,NA,NA,NA,395030.0,415459.0,810489.0,343389.0,360482.0,703871.0,335727.0,352528.0,688255.0,338309.0,353928.0,692237.0,347138.0,363731.0,710869.0,356704.0,375135.0,731839.0,364930.0,383606.0,748536.0,372447.0,391643.0,764090.0,376413.0,398977.0,775390.0,377555.0,400428.0,777983.0,390112.0,410334.0,800446.0,399949.0,419875.0,819824.0,403897.0,421321.0,825218.0,417401.0,429509.0,846910.0,433061.0,444922.0,877983.0,435514.0,451195.0,886709.0,433347.0,443967.0,877314.0,437985.0,441360.0,879345.0,439129.0,436190.0,875319.0,436592.0,433961.0,870553.0,437823.0,438942.0,876765.0,435582.0,434006.0,869588.0,394290.0,413283.0,807573.0,434642.0,429413.0,864055.0,437909.0,430794.0,868703.0,440011.0,432757.0,872768.0,441390.0,435435.0,876825.0,431632.0,427712.0,859344.0,407737.0,405352.0,813089.0,390283.0,388868.0,779151.0,391657.0,389131.0,780788.0,400429.0,395852.0,796281.0,408441.0,402748.0,811189.0,389163.0,407495.0,796658.0,421723.0,415247.0,836970.0,440361.0,433557.0,873918.0,459287.0,448361.0,907648.0,462640.0,449246.0,911886.0,463059.0,449913.0,912972.0,469329.0,455649.0,924978.0,471790.0,460088.0,931878.0,475230.0,463081.0,938311.0,478390.0,463918.0,942308.0,478169.0,463990.0,942159.0,388867.0,407587.0,796454.0,470639.0,457729.0,928368.0,459828.0,449303.0,909131.0,446715.0,437802.0,884517.0,430526.0,421987.0,852513.0,417542.0,409077.0,826619.0,408744.0,400020.0,808764.0,397108.0,388217.0,785325.0,383185.0,374393.0,757578.0,369933.0,360429.0,730362.0,364572.0,353209.0,717781.0,383602.0,402717.0,786319.0,363096.0,351007.0,714103.0,356214.0,343390.0,699604.0,353445.0,338866.0,692311.0,359133.0,343027.0,702160.0,367627.0,350394.0,718021.0,382061.0,363892.0,745953.0,408304.0,388368.0,796672.0,376659.0,357112.0,733771.0,325024.0,305488.0,630512.0,320245.0,299516.0,619761.0,373295.0,391633.0,764928.0,310226.0,287584.0,597810.0,286094.0,260636.0,546730.0,258977.0,231835.0,490812.0,250939.0,222224.0,473163.0,254242.0,223615.0,477857.0,249886.0,217823.0,467709.0,240939.0,206963.0,447902.0,230466.0,193654.0,424120.0,220177.0,181362.0,401539.0,207602.0,167266.0,374868.0,362361.0,379666.0,742027.0,196146.0,153353.0,349499.0,189579.0,143732.0,333311.0,182929.0,133713.0,316642.0,173010.0,120692.0,293702.0,159329.0,106485.0,265814.0,143751.0,92220.0,235971.0,130279.0,80402.0,210681.0,118447.0,69806.0,188253.0,106228.0,58729.0,164957.0,93836.0,48464.0,142300.0,351744.0,368884.0,720628.0,84387.0,40978.0,125365.0,74235.0,33503.0,107738.0,63512.0,26544.0,90056.0,49266.0,18791.0,68057.0,32087.0,11213.0,43300.0,22423.0,7114.0,29537.0,17637.0,5100.0,22737.0,13788.0,3706.0,17494.0,10214.0,2447.0,12661.0,7077.0,1528.0,8605.0,382626.0,402779.0,785405.0,11417.0,2024.0,13441.0
2015,32919294.0,31934099.0,64853393.0,NA,NA,NA,386317.0,406557.0,792874.0,353502.0,370752.0,724254.0,345334.0,362441.0,707775.0,337749.0,354512.0,692261.0,340272.0,355988.0,696260.0,348999.0,366075.0,715074.0,358666.0,377721.0,736387.0,366938.0,386209.0,753147.0,375108.0,395224.0,770332.0,380469.0,403390.0,783859.0,385129.0,407925.0,793054.0,398494.0,418763.0,817257.0,397994.0,418629.0,816623.0,409720.0,428521.0,838241.0,424844.0,436543.0,861387.0,440110.0,451409.0,891519.0,440590.0,456021.0,896611.0,437436.0,448642.0,886078.0,442021.0,445532.0,887553.0,443042.0,439905.0,882947.0,439922.0,436987.0,876909.0,441201.0,442143.0,883344.0,402969.0,422918.0,825887.0,438124.0,436140.0,874264.0,436185.0,431922.0,868107.0,439487.0,432558.0,872045.0,441440.0,433925.0,875365.0,442550.0,436624.0,879174.0,432734.0,428397.0,861131.0,409051.0,405883.0,814934.0,391474.0,389245.0,780719.0,392732.0,389699.0,782431.0,401375.0,395972.0,797347.0,397085.0,416070.0,813155.0,409461.0,402791.0,812252.0,422170.0,415134.0,837304.0,440966.0,433761.0,874727.0,459614.0,448558.0,908172.0,462838.0,449629.0,912467.0,463325.0,450169.0,913494.0,469611.0,455682.0,925293.0,472035.0,460089.0,932124.0,475501.0,462865.0,938366.0,478671.0,463732.0,942403.0,391635.0,410047.0,801682.0,478200.0,463548.0,941748.0,470585.0,457096.0,927681.0,459478.0,448580.0,908058.0,446285.0,436949.0,883234.0,429939.0,421044.0,850983.0,416928.0,407813.0,824741.0,408001.0,398561.0,806562.0,396333.0,386793.0,783126.0,382342.0,372527.0,754869.0,369072.0,358422.0,727494.0,390946.0,409643.0,800589.0,363521.0,351011.0,714532.0,361874.0,348693.0,710567.0,354980.0,340840.0,695820.0,352033.0,336268.0,688301.0,357552.0,339889.0,697441.0,365486.0,346716.0,712202.0,379309.0,359839.0,739148.0,405236.0,383571.0,788807.0,373391.0,352166.0,725557.0,321853.0,300652.0,622505.0,385537.0,404786.0,790323.0,316559.0,294227.0,610786.0,306317.0,281922.0,588239.0,281985.0,254694.0,536679.0,254850.0,226186.0,481036.0,246393.0,216233.0,462626.0,249109.0,216988.0,466097.0,244276.0,210706.0,454982.0,234773.0,199337.0,434110.0,223967.0,185712.0,409679.0,213170.0,173076.0,386246.0,375052.0,393646.0,768698.0,199944.0,158572.0,358516.0,188013.0,144508.0,332521.0,180570.0,134389.0,314959.0,172961.0,123775.0,296736.0,162299.0,110743.0,273042.0,148214.0,96565.0,244779.0,132351.0,82744.0,215095.0,118563.0,71048.0,189611.0,106450.0,60740.0,167190.0,94020.0,50297.0,144317.0,364053.0,381511.0,745564.0,83096.0,41888.0,124984.0,71951.0,33592.0,105543.0,62145.0,26823.0,88968.0,52048.0,20715.0,72763.0,39564.0,14384.0,53948.0,25049.0,8316.0,33365.0,17033.0,5079.0,22112.0,13015.0,3532.0,16547.0,9936.0,2504.0,12440.0,7137.0,1619.0,8756.0,378768.0,398743.0,777511.0,11892.0,2179.0,14071.0
2016,33152984.0,32226060.0,65379044.0,NA,NA,NA,382647.0,402787.0,785434.0,365834.0,383697.0,749531.0,355491.0,372960.0,728451.0,347394.0,364687.0,712081.0,339763.0,356737.0,696500.0,342095.0,358502.0,700597.0,351055.0,369116.0,720171.0,360792.0,380806.0,741598.0,369840.0,390275.0,760115.0,379426.0,400099.0,779525.0,388373.0,411622.0,799995.0,390008.0,410150.0,800158.0,393337.0,417092.0,810429.0,403985.0,426597.0,830582.0,417084.0,436527.0,853611.0,432165.0,444170.0,876335.0,445570.0,457692.0,903262.0,444986.0,461889.0,906875.0,441995.0,453830.0,895825.0,446310.0,450582.0,896892.0,446962.0,444178.0,891140.0,443667.0,441544.0,885211.0,401730.0,421986.0,823716.0,444059.0,445319.0,889378.0,439837.0,439448.0,879285.0,438063.0,434535.0,872598.0,441063.0,434247.0,875310.0,442645.0,435629.0,878274.0,443594.0,437931.0,881525.0,434121.0,429531.0,863652.0,410384.0,406881.0,817265.0,392521.0,390334.0,782855.0,393756.0,390186.0,783942.0,405990.0,425797.0,831787.0,402676.0,396393.0,799069.0,410189.0,402854.0,813043.0,423239.0,415812.0,839051.0,441709.0,434281.0,875990.0,460191.0,449373.0,909564.0,463408.0,450122.0,913530.0,463877.0,450474.0,914351.0,469979.0,455924.0,925903.0,472285.0,460188.0,932473.0,475732.0,462960.0,938692.0,399703.0,418618.0,818321.0,478642.0,463512.0,942154.0,478160.0,463057.0,941217.0,470167.0,456523.0,926690.0,459108.0,447775.0,906883.0,445735.0,435982.0,881717.0,429259.0,419856.0,849115.0,416255.0,406267.0,822522.0,407244.0,397101.0,804345.0,395536.0,385002.0,780538.0,381486.0,370669.0,752155.0,393739.0,412273.0,806012.0,368067.0,356467.0,724534.0,362345.0,348821.0,711166.0,360635.0,346273.0,706908.0,353561.0,338194.0,691755.0,350413.0,333204.0,683617.0,355452.0,336198.0,691650.0,362782.0,342769.0,705551.0,376422.0,355364.0,731786.0,401691.0,378355.0,780046.0,369708.0,346814.0,716522.0,392957.0,411859.0,804816.0,318143.0,295412.0,613555.0,312501.0,288563.0,601064.0,302012.0,275804.0,577816.0,277451.0,248505.0,525956.0,250174.0,220050.0,470224.0,241354.0,209710.0,451064.0,243452.0,209812.0,453264.0,237943.0,202857.0,440800.0,228090.0,191051.0,419141.0,216830.0,177188.0,394018.0,387360.0,406905.0,794265.0,205247.0,164087.0,369334.0,191592.0,149359.0,340951.0,179071.0,135122.0,314193.0,170692.0,124393.0,295085.0,162060.0,113508.0,275568.0,150877.0,100415.0,251292.0,136250.0,86455.0,222705.0,120286.0,73039.0,193325.0,106250.0,61757.0,168007.0,94024.0,51940.0,145964.0,376788.0,395753.0,772541.0,82152.0,43208.0,125360.0,70716.0,34281.0,104997.0,60167.0,26881.0,87048.0,50859.0,20979.0,71838.0,41631.0,15772.0,57403.0,30790.0,10638.0,41428.0,19010.0,5944.0,24954.0,12515.0,3536.0,16051.0,9309.0,2378.0,11687.0,6898.0,1640.0,8538.0,379525.0,400085.0,779610.0,12071.0,2336.0,14407.0
2017,33364404.0,32479738.0,65844142.0,NA,NA,NA,383205.0,403809.0,787014.0,378443.0,397963.0,776406.0,367656.0,385842.0,753498.0,357494.0,375155.0,732649.0,349254.0,366783.0,716037.0,341455.0,359183.0,700638.0,344086.0,361439.0,705525.0,353148.0,372067.0,725215.0,363441.0,384725.0,748166.0,373962.0,394797.0,768759.0,386346.0,407572.0,793918.0,385970.0,406176.0,792146.0,395614.0,419584.0,815198.0,398211.0,423849.0,822060.0,410053.0,433045.0,843098.0,423026.0,442597.0,865623.0,436143.0,448373.0,884516.0,448905.0,461927.0,910832.0,448442.0,465286.0,913728.0,445143.0,457026.0,902169.0,449388.0,453293.0,902681.0,449786.0,447125.0,896911.0,392973.0,413243.0,806216.0,445734.0,443283.0,889017.0,445376.0,447123.0,892499.0,441305.0,440859.0,882164.0,439503.0,435145.0,874648.0,442048.0,434849.0,876897.0,443536.0,436128.0,879664.0,444783.0,438621.0,883404.0,435124.0,429960.0,865084.0,411019.0,407684.0,818703.0,393252.0,390765.0,784017.0,404582.0,424746.0,829328.0,394819.0,390333.0,785152.0,403314.0,396362.0,799676.0,411243.0,403457.0,814700.0,423849.0,416181.0,840030.0,442235.0,434926.0,877161.0,460678.0,449570.0,910248.0,463857.0,450217.0,914074.0,464089.0,450409.0,914498.0,470048.0,455808.0,925856.0,472355.0,460009.0,932364.0,408451.0,428133.0,836584.0,475557.0,462616.0,938173.0,478479.0,462760.0,941239.0,477675.0,462400.0,940075.0,469692.0,455687.0,925379.0,458526.0,446659.0,905185.0,444954.0,434659.0,879613.0,428549.0,418164.0,846713.0,415447.0,404575.0,820022.0,406432.0,395054.0,801486.0,394623.0,383045.0,777668.0,401684.0,420761.0,822445.0,380369.0,368536.0,748905.0,366799.0,354126.0,720925.0,361089.0,346281.0,707370.0,359005.0,343388.0,702393.0,351812.0,335046.0,686858.0,348208.0,329454.0,677662.0,352842.0,332237.0,685079.0,359949.0,338343.0,698292.0,373158.0,350515.0,723673.0,397778.0,372574.0,770352.0,395595.0,414298.0,809893.0,365581.0,340803.0,706384.0,314187.0,289757.0,603944.0,308101.0,282437.0,590538.0,297203.0,269107.0,566310.0,272473.0,241917.0,514390.0,245097.0,213484.0,458581.0,235907.0,202890.0,438797.0,237171.0,202192.0,439363.0,231168.0,194553.0,425721.0,220839.0,182432.0,403271.0,394678.0,413849.0,808527.0,209095.0,168150.0,377245.0,196871.0,154740.0,351611.0,182683.0,139845.0,322528.0,169634.0,125360.0,294994.0,160247.0,114311.0,274558.0,150909.0,103082.0,253991.0,138986.0,90203.0,229189.0,124050.0,76604.0,200654.0,108168.0,63733.0,171901.0,94122.0,53051.0,147173.0,388961.0,409043.0,798004.0,82230.0,44696.0,126926.0,70373.0,35480.0,105853.0,59380.0,27629.0,87009.0,49508.0,21165.0,70673.0,40909.0,16057.0,56966.0,32711.0,11785.0,44496.0,23482.0,7687.0,31169.0,14110.0,4160.0,18270.0,9019.0,2386.0,11405.0,6535.0,1580.0,8115.0,376298.0,396528.0,772826.0,12152.0,2437.0,14589.0
2018,33563620.0,32709956.0,66273576.0,NA,NA,NA,379103.0,398727.0,777830.0,390684.0,410969.0,801653.0,380296.0,399829.0,780125.0,369664.0,387775.0,757439.0,359307.0,377039.0,736346.0,351083.0,369015.0,720098.0,343360.0,361504.0,704864.0,345865.0,363778.0,709643.0,355215.0,375095.0,730310.0,366682.0,388073.0,754755.0,378997.0,400283.0,779280.0,385855.0,406573.0,792428.0,392363.0,413480.0,805843.0,400740.0,425493.0,826233.0,404591.0,429678.0,834269.0,415671.0,438590.0,854261.0,427569.0,446496.0,874065.0,440215.0,452704.0,892919.0,452155.0,464906.0,917061.0,451287.0,468289.0,919576.0,447879.0,459592.0,907471.0,451847.0,455824.0,907671.0,388989.0,409310.0,798299.0,451690.0,448689.0,900379.0,447307.0,445166.0,892473.0,446678.0,448488.0,895166.0,442550.0,441572.0,884122.0,440133.0,435770.0,875903.0,442688.0,435377.0,878065.0,444322.0,436608.0,880930.0,445315.0,438477.0,883792.0,435606.0,430353.0,865959.0,411693.0,407642.0,819335.0,395788.0,415978.0,811766.0,393952.0,390493.0,784445.0,395197.0,390157.0,785354.0,403953.0,396397.0,800350.0,411485.0,403291.0,814776.0,424218.0,416247.0,840465.0,442502.0,434695.0,877197.0,460958.0,449430.0,910388.0,464048.0,449969.0,914017.0,464230.0,450131.0,914361.0,470193.0,455357.0,925550.0,406908.0,427203.0,834111.0,472285.0,459567.0,931852.0,475465.0,461848.0,937313.0,478027.0,462097.0,940124.0,477147.0,461490.0,938637.0,469068.0,454520.0,923588.0,457713.0,445302.0,903015.0,444209.0,433054.0,877263.0,427685.0,416550.0,844235.0,414519.0,402576.0,817095.0,405400.0,393042.0,798442.0,410473.0,430389.0,840862.0,393391.0,380658.0,774049.0,379078.0,366031.0,745109.0,365570.0,351470.0,717040.0,359539.0,343447.0,702986.0,357503.0,340461.0,697964.0,349875.0,331621.0,681496.0,345990.0,325941.0,671931.0,350339.0,328272.0,678611.0,357053.0,334133.0,691186.0,369717.0,345247.0,714964.0,403564.0,422781.0,826345.0,393480.0,366355.0,759835.0,361146.0,334392.0,695538.0,309825.0,283673.0,593498.0,303490.0,275813.0,579303.0,292161.0,262237.0,554398.0,267226.0,235056.0,502282.0,239870.0,206865.0,446735.0,230161.0,195847.0,426008.0,230758.0,194234.0,424992.0,224086.0,186013.0,410099.0,397343.0,416323.0,813666.0,213259.0,173461.0,386720.0,200729.0,158962.0,359691.0,187914.0,145167.0,333081.0,173291.0,130064.0,303355.0,159478.0,115480.0,274958.0,149451.0,104010.0,253461.0,139231.0,92894.0,232125.0,126692.0,79962.0,206654.0,111743.0,66955.0,178698.0,95781.0,54784.0,150565.0,396327.0,415823.0,812150.0,81872.0,45252.0,127124.0,69939.0,36561.0,106500.0,58716.0,28416.0,87132.0,48581.0,21638.0,70219.0,39666.0,16199.0,55865.0,31911.0,11964.0,43875.0,24746.0,8489.0,33235.0,17279.0,5349.0,22628.0,10114.0,2826.0,12940.0,6306.0,1590.0,7896.0,374641.0,393790.0,768431.0,11966.0,2503.0,14469.0
2019,33746076.0,32901036.0,66647112.0,NA,NA,NA,370447.0,390147.0,760594.0,398123.0,417712.0,815835.0,392535.0,413034.0,805569.0,382201.0,402155.0,784356.0,371684.0,390096.0,761780.0,361295.0,379560.0,740855.0,353039.0,371895.0,724934.0,345407.0,364712.0,710119.0,348955.0,367655.0,716610.0,359623.0,380082.0,739705.0,374129.0,396225.0,770354.0,383295.0,403828.0,787123.0,388304.0,410231.0,798535.0,398705.0,422394.0,821099.0,406724.0,432816.0,839540.0,411308.0,436207.0,847515.0,420875.0,442950.0,863825.0,430333.0,449167.0,879500.0,442323.0,454155.0,896478.0,454677.0,465779.0,920456.0,453447.0,467947.0,921394.0,449700.0,459478.0,909178.0,389615.0,410451.0,800066.0,453441.0,455651.0,909092.0,452928.0,448348.0,901276.0,448699.0,444728.0,893427.0,448431.0,448050.0,896481.0,444311.0,440593.0,884904.0,442039.0,434630.0,876669.0,444339.0,434656.0,878995.0,445555.0,436103.0,881658.0,446111.0,438228.0,884339.0,436004.0,430114.0,866118.0,391694.0,412237.0,803931.0,412103.0,407755.0,819858.0,394372.0,390587.0,784959.0,395852.0,390506.0,786358.0,404527.0,396824.0,801351.0,411864.0,403815.0,815679.0,424616.0,416414.0,841030.0,443071.0,434560.0,877631.0,461346.0,449085.0,910431.0,464468.0,449453.0,913921.0,464555.0,449671.0,914226.0,398022.0,418608.0,816630.0,470253.0,455073.0,925326.0,472224.0,458960.0,931184.0,475136.0,461077.0,936213.0,477584.0,461249.0,938833.0,476592.0,460674.0,937266.0,468462.0,453347.0,921809.0,457117.0,443615.0,900732.0,443592.0,431075.0,874667.0,426968.0,414144.0,841112.0,413580.0,399907.0,813487.0,408963.0,429321.0,838284.0,404380.0,390352.0,794732.0,392165.0,378111.0,770276.0,377494.0,363291.0,740785.0,363753.0,348697.0,712450.0,357809.0,340460.0,698269.0,355174.0,336817.0,691991.0,347047.0,327696.0,674743.0,343067.0,321586.0,664653.0,347213.0,323505.0,670718.0,353643.0,328784.0,682427.0,412296.0,432146.0,844442.0,365789.0,339324.0,705113.0,388813.0,359490.0,748303.0,356391.0,327480.0,683871.0,305178.0,277064.0,582242.0,298161.0,268699.0,566860.0,286304.0,254580.0,540884.0,261176.0,227297.0,488473.0,233552.0,199138.0,432690.0,223254.0,187736.0,410990.0,223029.0,185435.0,408464.0,405397.0,424533.0,829930.0,215749.0,176496.0,392245.0,204456.0,163348.0,367804.0,191473.0,148571.0,340044.0,178067.0,134668.0,312735.0,162906.0,119403.0,282309.0,148605.0,104845.0,253450.0,137690.0,93375.0,231065.0,126783.0,82084.0,208867.0,113839.0,69687.0,183526.0,98791.0,57247.0,156038.0,399144.0,418116.0,817260.0,82522.0,46662.0,129184.0,70707.0,38073.0,108780.0,59599.0,29882.0,89481.0,48663.0,22366.0,71029.0,39181.0,16524.0,55705.0,30830.0,11847.0,42677.0,23922.0,8446.0,32368.0,18298.0,5883.0,24181.0,13542.0,3861.0,17403.0,6160.0,1583.0,7743.0,357456.0,375837.0,733293.0,11045.0,2277.0,13322.0
2020,NA,NA,67025542.0,NA,NA,NA,NA,NA,NA,NA,NA,NA,NA,NA,NA,NA,NA,NA,NA,NA,NA,NA,NA,NA,NA,NA,NA,NA,NA,NA,NA,NA,NA,NA,NA,NA,NA,NA,NA,NA,NA,NA,NA,NA,NA,NA,NA,NA,NA,NA,NA,NA,NA,NA,NA,NA,NA,NA,NA,NA,NA,NA,NA,NA,NA,NA,NA,NA,NA,NA,NA,NA,NA,NA,NA,NA,NA,NA,NA,NA,NA,NA,NA,NA,NA,NA,NA,NA,NA,NA,NA,NA,NA,NA,NA,NA,NA,NA,NA,NA,NA,NA,NA,NA,NA,NA,NA,NA,NA,NA,NA,NA,NA,NA,NA,NA,NA,NA,NA,NA,NA,NA,NA,NA,NA,NA,NA,NA,NA,NA,NA,NA,NA,NA,NA,NA,NA,NA,NA,NA,NA,NA,NA,NA,NA,NA,NA,NA,NA,NA,NA,NA,NA,NA,NA,NA,NA,NA,NA,NA,NA,NA,NA,NA,NA,NA,NA,NA,NA,NA,NA,NA,NA,NA,NA,NA,NA,NA,NA,NA,NA,NA,NA,NA,NA,NA,NA,NA,NA,NA,NA,NA,NA,NA,NA,NA,NA,NA,NA,NA,NA,NA,NA,NA,NA,NA,NA,NA,NA,NA,NA,NA,NA,NA,NA,NA,NA,NA,NA,NA,NA,NA,NA,NA,NA,NA,NA,NA,NA,NA,NA,NA,NA,NA,NA,NA,NA,NA,NA,NA,NA,NA,NA,NA,NA,NA,NA,NA,NA,NA,NA,NA,NA,NA,NA,NA,NA,NA,NA,NA,NA,NA,NA,NA,NA,NA,NA,NA,NA,NA,NA,NA,NA,NA,NA,NA,NA,NA,NA,NA,NA,NA,NA,NA,NA,NA,NA,NA,NA,NA,NA,NA,NA,NA,NA,NA,NA,NA,NA,NA,NA,NA,NA,NA,NA,NA,NA,NA,NA
